customer_id,actual_default,predicted_default,default_probability
6908,0.0,0,0.109492324
24576,0.0,0,0.102095835
26767,0.0,0,0.15145014
2157,1.0,0,0.09776005
3180,0.0,0,0.061611928
29383,0.0,0,0.43115762
24455,0.0,0,0.093006924
23887,0.0,0,0.023140926
5505,0.0,0,0.06824589
29721,0.0,0,0.067048654
6909,0.0,0,0.23616613
2160,0.0,0,0.18436827
20843,1.0,0,0.15322
25129,0.0,0,0.07998882
18809,0.0,0,0.038015462
19078,0.0,1,0.5934908
24732,0.0,0,0.018679902
3055,1.0,0,0.35973728
8489,0.0,0,0.08104196
23922,0.0,0,0.19828905
8788,0.0,0,0.022828683
15140,1.0,0,0.18452734
12739,0.0,0,0.09684638
25032,0.0,0,0.15255985
20340,1.0,0,0.19466618
10309,0.0,0,0.1278751
14602,0.0,0,0.13165818
3592,0.0,0,0.06717486
3561,1.0,1,0.84867495
24891,0.0,0,0.46703792
27482,1.0,0,0.21677665
10272,0.0,0,0.12174651
16626,1.0,1,0.80799955
26721,0.0,0,0.15266041
25616,0.0,0,0.0899848
8313,0.0,0,0.16320556
12180,0.0,0,0.04014973
1560,1.0,0,0.24215764
6134,0.0,0,0.059293788
24413,1.0,1,0.52913743
24096,0.0,0,0.15464845
29296,0.0,1,0.5536982
5520,0.0,0,0.199546
6850,0.0,0,0.072666846
12314,0.0,0,0.06852804
24062,0.0,0,0.0894706
14990,0.0,0,0.12263447
28443,0.0,0,0.39348748
14702,0.0,0,0.09579541
27686,0.0,0,0.4739942
29569,0.0,0,0.32879028
28885,0.0,0,0.08285684
2422,1.0,1,0.78066313
9007,1.0,1,0.70998734
20661,1.0,0,0.15013127
20334,0.0,0,0.031788196
26444,0.0,0,0.10526583
10956,0.0,0,0.010471299
18160,0.0,0,0.05558709
12067,1.0,1,0.8190034
13426,0.0,0,0.11203659
9386,1.0,0,0.36919245
27185,1.0,0,0.31140506
22388,0.0,0,0.039266486
21907,0.0,0,0.13698465
7002,0.0,0,0.05296264
6745,1.0,1,0.5472801
17779,0.0,1,0.80510694
23308,1.0,0,0.031933766
22443,1.0,0,0.124064274
21144,1.0,0,0.15596288
27797,0.0,0,0.059694316
22408,0.0,0,0.02961063
9493,1.0,1,0.57952356
29959,0.0,0,0.117450066
7439,0.0,0,0.16783343
18923,0.0,0,0.032585025
26426,0.0,0,0.04360588
1047,1.0,0,0.37837395
19774,0.0,0,0.1327885
14584,1.0,0,0.4004504
13474,0.0,0,0.053446963
24177,0.0,0,0.38711566
9037,0.0,0,0.14414476
21394,1.0,0,0.2000285
11851,1.0,0,0.19701943
1133,0.0,1,0.7290615
25283,0.0,0,0.09488766
22534,0.0,0,0.07945874
15693,0.0,0,0.17442052
17400,0.0,0,0.094146736
8352,0.0,0,0.0666618
19583,0.0,0,0.079596564
19698,1.0,1,0.76978827
11947,1.0,1,0.5931257
20514,0.0,0,0.23797105
3927,0.0,0,0.1858911
23502,0.0,0,0.44177818
2657,1.0,1,0.63394856
17183,0.0,0,0.059350096
26571,0.0,0,0.3414759
11068,0.0,0,0.15597501
28080,0.0,0,0.10559868
26225,0.0,0,0.062408738
17283,1.0,0,0.15658906
4311,0.0,0,0.18671705
9719,1.0,1,0.5078164
7449,0.0,0,0.02673543
7938,0.0,0,0.10976971
28867,0.0,0,0.081464544
6348,0.0,0,0.46025562
20913,0.0,0,0.13933578
7018,0.0,0,0.160039
1943,0.0,0,0.08555208
9819,0.0,0,0.14664437
19997,1.0,0,0.13963646
17721,0.0,0,0.24361002
15675,0.0,0,0.19041412
10312,0.0,0,0.05735542
20130,1.0,1,0.65386236
18057,0.0,0,0.027801268
14594,0.0,0,0.43196285
27749,1.0,0,0.3611822
4091,0.0,0,0.16558173
19736,0.0,0,0.030395277
26723,0.0,0,0.03562966
19295,0.0,0,0.08343401
9234,0.0,1,0.5781859
14822,0.0,0,0.3014708
23541,0.0,0,0.448391
16730,1.0,1,0.56742114
17619,1.0,1,0.50102544
21999,0.0,0,0.053203136
23643,0.0,0,0.04864707
14974,1.0,1,0.7990703
9503,0.0,0,0.091560505
2752,0.0,0,0.43958876
25477,0.0,0,0.12171854
10325,0.0,0,0.081443325
4073,0.0,0,0.06821205
6883,0.0,0,0.03328422
7147,0.0,0,0.09958926
16126,1.0,1,0.59105694
18094,0.0,0,0.19568978
19646,0.0,0,0.06262283
3865,0.0,0,0.15287948
29016,1.0,0,0.487316
6817,0.0,0,0.032547858
13742,1.0,0,0.09679159
14255,0.0,0,0.37535098
9012,1.0,1,0.5024042
198,0.0,0,0.09686536
7007,0.0,0,0.24408512
8332,0.0,0,0.049191415
17483,1.0,0,0.44889373
14916,0.0,0,0.04632312
6464,0.0,0,0.06421914
27677,0.0,0,0.053381328
4517,0.0,0,0.332503
18622,0.0,0,0.18634674
19848,0.0,0,0.23655412
1497,1.0,1,0.6428706
13146,0.0,0,0.058803413
7815,0.0,0,0.14989127
15374,0.0,0,0.06541139
22791,0.0,0,0.18664685
2940,0.0,0,0.02738094
22036,0.0,0,0.0631774
10373,0.0,0,0.118531995
19931,0.0,0,0.13282332
25237,0.0,0,0.119961224
27369,0.0,0,0.41040593
8108,0.0,0,0.16092663
15961,0.0,0,0.033216204
28299,0.0,0,0.13654299
17847,1.0,1,0.7028313
14304,0.0,1,0.5434809
29682,1.0,0,0.33110872
3952,0.0,0,0.096856415
23768,0.0,0,0.21755098
11084,1.0,0,0.3089732
8947,0.0,0,0.14863542
12871,1.0,0,0.13555145
10338,1.0,1,0.8454136
15113,0.0,0,0.1609289
13901,0.0,0,0.17353466
5264,0.0,0,0.05781077
28533,1.0,1,0.6429294
10652,0.0,0,0.035807487
25426,0.0,0,0.14681584
21512,1.0,0,0.37537387
14663,0.0,0,0.031416815
4431,0.0,0,0.02659038
13348,0.0,0,0.21768834
27767,1.0,0,0.27670026
1758,0.0,0,0.15270013
28362,0.0,0,0.09583757
29142,0.0,0,0.019261213
21662,0.0,0,0.12707953
21807,0.0,0,0.12885393
14514,0.0,0,0.04604299
29215,1.0,0,0.49673727
25902,0.0,0,0.11722406
24208,0.0,0,0.10090661
2471,1.0,1,0.7666443
4750,0.0,0,0.18188764
6858,1.0,0,0.10055632
4656,0.0,0,0.28470397
803,0.0,0,0.15232253
27236,0.0,1,0.5078384
15034,1.0,1,0.77659434
27199,1.0,0,0.33498576
15057,0.0,0,0.49512795
27653,0.0,1,0.5612106
6732,0.0,0,0.12897399
11711,0.0,0,0.42196396
19825,1.0,1,0.596439
9131,1.0,0,0.3876488
22690,0.0,0,0.05840599
6572,0.0,0,0.17479825
22928,0.0,0,0.08323492
13981,0.0,0,0.11922185
18913,0.0,0,0.06510563
10329,0.0,0,0.46353388
9387,0.0,0,0.12925354
13137,0.0,0,0.0698229
16328,0.0,0,0.18589106
1358,1.0,1,0.61689633
20939,0.0,0,0.07573496
2009,1.0,0,0.28924945
12091,0.0,0,0.38080943
13875,0.0,0,0.04272414
21259,0.0,0,0.035912964
18956,1.0,0,0.14020136
20586,0.0,0,0.033013716
10033,1.0,0,0.07814018
16854,1.0,1,0.8053028
25602,0.0,0,0.057367146
29528,0.0,0,0.0690817
12053,0.0,0,0.0934995
2074,0.0,0,0.09294756
2536,0.0,0,0.17879236
26476,1.0,0,0.49672893
14401,0.0,0,0.04781134
25784,0.0,0,0.053937074
27455,0.0,0,0.4040979
27473,0.0,0,0.12660314
12697,0.0,0,0.04435302
10572,1.0,0,0.10871481
6309,0.0,0,0.081095666
28317,0.0,0,0.082217455
5251,0.0,0,0.15546146
21422,0.0,0,0.019245803
19842,0.0,0,0.051325597
12129,1.0,0,0.14116207
28582,0.0,1,0.59672403
20737,0.0,0,0.3945488
15102,0.0,0,0.10005467
25448,0.0,0,0.09854383
21023,0.0,0,0.08324316
19604,1.0,0,0.20915465
25368,0.0,0,0.10968547
5989,0.0,1,0.5354186
7478,0.0,0,0.08397563
14542,1.0,1,0.59146094
20954,0.0,0,0.48852673
22650,0.0,0,0.06579087
14815,0.0,0,0.080935635
21387,0.0,0,0.35378492
5976,0.0,0,0.10317927
14413,0.0,0,0.114908
11693,0.0,0,0.45660836
22518,0.0,0,0.12180117
10881,0.0,0,0.14639434
28107,0.0,0,0.051864196
23301,0.0,0,0.061308015
14152,0.0,0,0.36019713
1500,0.0,0,0.2764859
593,0.0,0,0.15495251
10093,0.0,0,0.06702587
15152,1.0,1,0.58443785
2140,1.0,0,0.19958428
27161,1.0,1,0.82453346
4828,0.0,0,0.10678607
21812,1.0,1,0.6830374
21400,0.0,0,0.0785312
6179,0.0,0,0.103753395
20358,1.0,0,0.13902892
19401,0.0,0,0.39172897
21499,0.0,0,0.15190572
12657,0.0,0,0.10806197
12997,1.0,1,0.6198974
25227,0.0,1,0.5983348
7960,0.0,1,0.7331402
6548,0.0,0,0.07527677
18567,0.0,0,0.1416213
5590,0.0,0,0.13000102
9074,0.0,0,0.2926199
18310,0.0,0,0.13838887
5023,0.0,0,0.25450814
27291,0.0,0,0.06832229
21204,1.0,0,0.30291465
27490,0.0,0,0.085485704
15532,1.0,0,0.38608462
13795,0.0,0,0.053807378
19903,0.0,0,0.11348915
12442,0.0,0,0.113764495
10761,0.0,0,0.17543514
5160,0.0,0,0.036477186
3141,1.0,1,0.53104347
23486,0.0,0,0.13244468
15768,0.0,0,0.3955463
27496,1.0,0,0.19078481
27603,0.0,0,0.038176734
6062,0.0,1,0.67327595
8658,1.0,0,0.06969928
3295,0.0,0,0.01077755
11157,0.0,0,0.061670944
21002,1.0,0,0.34699976
18017,0.0,1,0.5137819
22753,0.0,0,0.094697446
28033,0.0,0,0.454808
19190,1.0,0,0.270201
4620,0.0,0,0.088649504
29121,0.0,0,0.2937251
15337,0.0,0,0.14453281
2720,0.0,0,0.06698245
13923,1.0,0,0.34250003
18099,0.0,1,0.522313
5500,0.0,0,0.02352733
5413,0.0,0,0.4230054
26117,0.0,0,0.09997987
21995,0.0,0,0.05871191
4019,1.0,0,0.32778665
25324,0.0,0,0.067291886
2252,0.0,1,0.6415348
27850,0.0,0,0.34541917
3464,0.0,0,0.10210056
248,0.0,0,0.086930245
26862,0.0,0,0.061945003
14764,1.0,0,0.4587918
2748,0.0,0,0.042629305
25164,0.0,0,0.086400494
2311,0.0,0,0.39686874
19510,0.0,0,0.04765304
7241,0.0,0,0.09945076
9912,0.0,0,0.09171755
11492,0.0,0,0.04893477
13170,0.0,0,0.024160258
27670,0.0,0,0.47091514
11290,0.0,0,0.1291378
2919,1.0,0,0.077014714
28417,0.0,0,0.052248776
5915,0.0,0,0.07664748
12243,0.0,0,0.10466798
15811,1.0,1,0.51293355
26009,0.0,0,0.17775816
24743,0.0,0,0.07914818
16523,0.0,0,0.4134174
17470,0.0,0,0.09613583
24342,1.0,1,0.6448462
3331,0.0,0,0.43040583
3729,1.0,0,0.49312568
20336,1.0,1,0.69442326
24388,0.0,0,0.067022614
12553,1.0,0,0.17520702
8401,0.0,0,0.48025206
8542,1.0,0,0.07812994
16006,0.0,0,0.119788386
26468,0.0,0,0.05966984
8466,0.0,0,0.11807381
9551,0.0,1,0.7238673
20920,1.0,1,0.5270148
15819,0.0,0,0.02293302
8810,0.0,0,0.14328969
16388,0.0,0,0.020967739
23134,1.0,0,0.051464323
18745,0.0,0,0.04316415
7477,1.0,0,0.14282419
23602,0.0,0,0.09580188
9714,0.0,0,0.22555755
21858,0.0,0,0.14383909
7597,0.0,0,0.020497352
15198,0.0,0,0.10045336
11076,0.0,0,0.12709753
11908,1.0,1,0.79782015
29690,0.0,0,0.12740932
12372,1.0,1,0.5820532
28451,0.0,0,0.029612673
10131,0.0,0,0.039228816
9357,1.0,0,0.1291087
8225,0.0,1,0.5934053
9135,0.0,0,0.03405982
2494,0.0,0,0.03237628
9727,1.0,0,0.15687038
11910,0.0,0,0.09345208
12154,0.0,0,0.13303387
29525,1.0,1,0.67713237
29301,1.0,1,0.6775518
18349,0.0,0,0.09660519
6921,1.0,0,0.10876409
15975,0.0,0,0.12152939
7445,0.0,0,0.13044418
16133,1.0,0,0.39148876
12760,0.0,0,0.09558648
28248,0.0,0,0.22290592
8280,0.0,0,0.110062525
28167,1.0,0,0.1354077
29088,0.0,1,0.59487
15157,0.0,0,0.11187338
7534,0.0,0,0.103879005
2841,0.0,0,0.06407015
22503,1.0,1,0.5803027
8142,0.0,0,0.14769423
15900,0.0,0,0.11182983
21166,1.0,1,0.5252281
5547,0.0,0,0.17864108
2643,0.0,0,0.39261693
3199,0.0,0,0.36927179
27983,0.0,0,0.110087045
10311,0.0,0,0.10178445
17044,1.0,1,0.7311133
22322,0.0,0,0.09014074
7243,0.0,0,0.16661169
11755,0.0,0,0.18887435
27691,0.0,0,0.065171674
8775,0.0,0,0.25152257
28163,0.0,0,0.15919337
22712,1.0,0,0.04276837
25207,0.0,0,0.08266031
25909,0.0,0,0.19609171
11550,1.0,0,0.07264244
20944,1.0,0,0.42773312
26980,0.0,0,0.069254674
23627,0.0,0,0.024733804
23772,0.0,0,0.07906735
23044,1.0,0,0.06990832
23576,0.0,0,0.1549488
22105,0.0,0,0.08145046
3833,1.0,0,0.2840765
2776,0.0,0,0.073642954
2102,0.0,1,0.7753861
4095,0.0,0,0.14500867
26726,0.0,0,0.037497714
4772,0.0,0,0.12712811
24127,1.0,0,0.47251245
29995,1.0,1,0.66656923
12251,0.0,0,0.04697607
28894,0.0,1,0.51584387
16607,0.0,0,0.33288324
4536,1.0,0,0.32340947
13801,0.0,1,0.52839947
14941,0.0,0,0.11948832
12105,0.0,0,0.3284396
9062,0.0,1,0.63896865
3669,0.0,0,0.23123935
22378,0.0,0,0.036228295
15860,0.0,0,0.08317921
21307,0.0,0,0.07121395
19887,0.0,0,0.051612053
10317,1.0,1,0.60279065
13991,0.0,0,0.16663174
24998,0.0,0,0.042560805
27227,0.0,0,0.07335155
23763,0.0,0,0.16473587
20019,0.0,0,0.10968056
17760,0.0,0,0.057854258
2318,0.0,0,0.1695121
306,0.0,0,0.112338945
16555,1.0,1,0.75604934
21197,0.0,0,0.16348186
26513,0.0,0,0.2119509
13717,0.0,0,0.23961782
27895,0.0,0,0.12308334
21481,1.0,1,0.68673784
25083,0.0,0,0.07724528
15530,0.0,0,0.019094283
20440,1.0,0,0.44314593
20806,1.0,0,0.19729018
28593,0.0,0,0.10044251
27705,0.0,1,0.53250164
22099,0.0,0,0.051982056
27745,0.0,0,0.11248984
25827,0.0,0,0.019968648
27596,1.0,0,0.1715313
26882,0.0,0,0.03952864
21969,0.0,0,0.15768263
29969,0.0,0,0.13345294
3977,0.0,0,0.32434967
29492,1.0,0,0.33787528
18697,0.0,0,0.055254173
392,1.0,0,0.05970126
27855,0.0,0,0.105166726
17249,1.0,1,0.78713036
18731,1.0,0,0.15281332
150,0.0,0,0.22146402
15802,0.0,0,0.069911234
24689,0.0,0,0.05169457
14883,0.0,0,0.13878885
28401,0.0,0,0.3517945
5001,0.0,0,0.4104398
18236,0.0,0,0.06080136
22044,0.0,0,0.04854811
28424,0.0,0,0.027734976
565,0.0,1,0.7585155
23412,0.0,0,0.090821445
1663,0.0,0,0.39467177
240,1.0,0,0.06759557
3670,0.0,0,0.0706618
13393,0.0,0,0.114405066
10816,1.0,1,0.7031571
23754,0.0,0,0.26065832
10429,0.0,0,0.07112653
26420,0.0,0,0.091860905
26784,0.0,0,0.060669784
12231,0.0,1,0.60343593
6471,0.0,0,0.3346069
3651,0.0,0,0.03122335
4262,0.0,0,0.37728736
17739,1.0,0,0.38682142
25974,0.0,0,0.11325557
8898,0.0,0,0.4035444
2498,0.0,0,0.109270796
25615,0.0,0,0.029899117
12819,0.0,0,0.45136473
23323,1.0,0,0.30055088
13577,0.0,0,0.09545214
10103,1.0,1,0.6869467
24289,0.0,0,0.048212837
29859,0.0,0,0.39903462
15888,0.0,0,0.015612091
13669,0.0,0,0.16148703
20235,0.0,0,0.013123655
16687,1.0,1,0.5705059
22287,1.0,0,0.46909666
2391,1.0,0,0.4569332
7283,0.0,0,0.14057626
15546,1.0,0,0.38174054
7948,0.0,0,0.20349291
10815,1.0,0,0.10611864
13240,1.0,0,0.49629006
17449,1.0,0,0.102792084
24137,0.0,0,0.069328725
4919,0.0,0,0.012875123
13882,1.0,0,0.33058578
18281,0.0,0,0.2051534
14737,0.0,0,0.067439914
20948,0.0,0,0.061400212
27636,1.0,0,0.15897787
28730,0.0,0,0.088396706
1774,1.0,1,0.59853387
4907,0.0,0,0.19932821
19891,0.0,0,0.115762815
20145,0.0,0,0.041670937
5462,0.0,0,0.19760107
24013,1.0,1,0.51452696
17622,0.0,0,0.17725535
13113,0.0,0,0.070932806
978,0.0,0,0.050177343
19373,0.0,0,0.017479494
22112,1.0,0,0.3559958
18255,0.0,0,0.09286598
24602,1.0,0,0.31463838
26931,1.0,0,0.14513078
10823,1.0,1,0.7586999
28015,0.0,0,0.101763695
14309,0.0,0,0.03837003
2817,0.0,0,0.10594792
7603,1.0,0,0.1690892
26332,0.0,0,0.05874218
22768,0.0,0,0.034783967
8841,0.0,0,0.120038934
10065,1.0,0,0.12719566
22779,0.0,0,0.011613919
690,0.0,0,0.118135445
14928,1.0,1,0.5223111
1085,0.0,0,0.102842845
8895,0.0,0,0.077088125
4008,0.0,0,0.22920991
23519,0.0,0,0.024608929
655,0.0,0,0.181359
8981,0.0,0,0.045888923
12347,1.0,1,0.69482666
29738,1.0,1,0.524827
6242,0.0,0,0.087964386
20390,0.0,1,0.5158245
2151,0.0,0,0.068005204
6492,0.0,1,0.54394937
21167,1.0,1,0.5051001
3594,0.0,1,0.6331412
10021,0.0,0,0.1344076
26247,1.0,1,0.50991875
14472,1.0,1,0.66648996
24867,0.0,0,0.2827207
12441,0.0,0,0.06305462
21532,0.0,0,0.118850596
28041,0.0,0,0.2561163
3344,1.0,0,0.16755292
19080,0.0,0,0.055583432
3895,0.0,0,0.1194231
5965,0.0,0,0.07205614
21102,0.0,0,0.39110407
29845,0.0,0,0.046194695
10890,0.0,0,0.06835873
11696,0.0,0,0.23558143
12072,0.0,0,0.36890438
7207,0.0,0,0.18847953
23584,0.0,0,0.08519956
14560,0.0,0,0.06811593
1403,1.0,0,0.11664644
9518,1.0,1,0.6166655
18540,1.0,1,0.67683727
898,1.0,1,0.6765166
10735,0.0,0,0.089077376
3077,1.0,0,0.15136354
9991,0.0,0,0.027139956
3398,1.0,0,0.3919199
3460,1.0,0,0.21039613
24760,1.0,1,0.52156156
29814,0.0,0,0.049306445
1635,0.0,0,0.15333243
10076,1.0,0,0.23954168
5763,0.0,0,0.4389553
12046,0.0,0,0.06871442
22698,0.0,0,0.07737014
5932,0.0,0,0.026913373
17862,0.0,0,0.17495453
18751,0.0,0,0.040036343
26152,0.0,0,0.03423612
6252,1.0,0,0.17670326
24408,1.0,0,0.117997654
16081,0.0,0,0.03610249
15822,0.0,0,0.11940364
17175,1.0,1,0.5993255
13863,0.0,0,0.10514334
19644,0.0,0,0.013114715
17486,1.0,1,0.765376
2777,1.0,1,0.68601716
11614,0.0,0,0.15949571
25600,0.0,0,0.1996682
8423,0.0,0,0.05287056
1116,0.0,0,0.10210169
7315,1.0,0,0.10098213
2990,0.0,0,0.10688626
4569,0.0,0,0.1605299
18964,1.0,0,0.2823436
9011,0.0,0,0.12151069
2608,1.0,0,0.17809394
14072,1.0,0,0.37721026
1079,0.0,0,0.17076789
6066,0.0,0,0.354606
16326,0.0,1,0.61249405
26750,1.0,0,0.48794624
29263,0.0,0,0.16250102
397,0.0,0,0.06867256
23613,0.0,0,0.044781372
1588,0.0,0,0.016398124
26573,0.0,0,0.06445664
20420,0.0,0,0.109630115
21399,1.0,0,0.1958582
11791,0.0,0,0.13086101
11835,0.0,0,0.44570255
4973,0.0,0,0.13542156
17943,0.0,0,0.058524337
18572,0.0,0,0.13174792
27251,0.0,0,0.1275089
29014,0.0,0,0.13046002
24521,0.0,0,0.19728018
22409,0.0,0,0.080366075
757,0.0,0,0.058954045
18118,0.0,0,0.35311183
22617,0.0,0,0.06843448
21314,0.0,0,0.21593541
9763,1.0,0,0.11020638
22895,0.0,0,0.11651689
25143,0.0,0,0.22366653
23932,0.0,1,0.6520903
10790,0.0,0,0.36382517
28283,1.0,0,0.062505476
25666,0.0,0,0.10690085
17816,0.0,0,0.16639362
4105,1.0,0,0.4344073
19243,0.0,0,0.10471504
13771,0.0,0,0.11308535
1089,0.0,0,0.13981192
27744,0.0,0,0.13213606
22180,0.0,0,0.051613014
7039,0.0,0,0.27611917
26297,0.0,0,0.05528437
25943,0.0,0,0.30606458
19342,0.0,0,0.1909422
17993,0.0,0,0.05335821
727,0.0,0,0.051199775
18424,1.0,0,0.04497863
17022,0.0,0,0.35586596
23757,0.0,0,0.041844234
11648,0.0,0,0.08053437
15387,0.0,0,0.15783282
17231,1.0,1,0.82235634
6240,0.0,0,0.016806073
9924,0.0,0,0.15335937
2361,0.0,0,0.3585181
26839,0.0,0,0.025859209
24988,0.0,0,0.030786732
12591,0.0,0,0.18774311
29372,0.0,0,0.19541141
20085,0.0,0,0.062329415
16525,0.0,1,0.5980911
12597,0.0,0,0.048344426
8122,0.0,0,0.06457743
9292,0.0,0,0.035677403
1990,1.0,0,0.1387545
23749,0.0,1,0.50098246
8874,0.0,0,0.04140449
15549,1.0,0,0.057379253
15317,1.0,0,0.2812065
9602,0.0,0,0.051623773
1295,0.0,0,0.14996101
8761,0.0,0,0.12929763
6524,0.0,0,0.123042144
21213,0.0,1,0.6890076
5493,0.0,0,0.20764
24119,0.0,0,0.117180094
1724,0.0,0,0.060564518
22998,0.0,0,0.013927084
18503,0.0,0,0.04109555
706,1.0,0,0.116041005
28902,0.0,0,0.046158824
26180,0.0,0,0.15558721
27244,1.0,0,0.1404696
26057,0.0,0,0.047552366
17519,0.0,0,0.07527749
4402,0.0,0,0.33139753
2334,0.0,0,0.26819512
5044,0.0,0,0.05480719
9191,1.0,1,0.66597754
23093,1.0,0,0.17564021
8379,0.0,0,0.1455542
27874,0.0,0,0.022416854
5803,0.0,0,0.1007791
983,1.0,0,0.015942499
7637,0.0,0,0.050192956
6978,0.0,0,0.046456806
15111,0.0,1,0.5862192
12935,0.0,0,0.09166546
25154,1.0,1,0.6305435
13079,0.0,0,0.13527825
20330,0.0,0,0.24235474
17565,0.0,0,0.15352523
9936,0.0,0,0.16957298
9623,0.0,0,0.22075847
10993,0.0,0,0.113980584
15171,0.0,0,0.052672062
9553,0.0,0,0.11975807
27992,0.0,0,0.22873026
27136,0.0,0,0.044629954
20051,0.0,0,0.4279008
12904,0.0,0,0.10390498
4679,0.0,0,0.14288203
15849,0.0,0,0.14350905
19852,0.0,0,0.023585163
1102,1.0,1,0.5645769
6782,0.0,0,0.019217778
13454,0.0,0,0.40979114
17548,1.0,1,0.5484374
25688,0.0,0,0.052556127
23105,0.0,0,0.09839708
9098,0.0,0,0.14398286
18903,0.0,0,0.37140417
17350,1.0,1,0.54274344
1756,0.0,0,0.1132151
29947,0.0,0,0.07300763
13696,0.0,1,0.6265628
28835,1.0,0,0.11252563
12371,0.0,0,0.060292725
2932,0.0,0,0.21042947
2142,0.0,0,0.1498589
13880,0.0,0,0.057777062
29932,0.0,0,0.11750868
13919,0.0,0,0.05502331
6424,0.0,0,0.035035327
15202,1.0,1,0.61671907
16177,0.0,0,0.10928068
17532,0.0,0,0.15509774
26591,0.0,0,0.13632323
24660,0.0,0,0.11445554
26387,0.0,0,0.2663818
20564,0.0,0,0.20369856
21676,0.0,0,0.4251223
28280,0.0,0,0.13083576
11145,0.0,0,0.06458181
18881,0.0,0,0.04540907
22883,0.0,0,0.03716921
25269,0.0,0,0.088856325
13740,1.0,1,0.7272917
21684,0.0,0,0.15687625
10739,0.0,0,0.16504388
14889,0.0,0,0.3404598
13621,0.0,0,0.14072995
5009,0.0,0,0.08592048
13084,1.0,1,0.67819726
4905,0.0,0,0.3740672
15201,1.0,0,0.43007633
14108,0.0,0,0.053826932
16703,0.0,0,0.12582324
18578,0.0,0,0.060083773
16052,0.0,0,0.065476865
2724,0.0,0,0.0584123
14435,1.0,0,0.4327044
2117,1.0,0,0.07990116
16520,1.0,1,0.5745138
6335,1.0,1,0.70022786
19400,0.0,0,0.028077625
7488,0.0,0,0.094771564
3913,0.0,0,0.15888953
3524,0.0,0,0.13915826
26060,0.0,0,0.08665003
8451,0.0,0,0.03042171
2661,1.0,0,0.10677568
1831,1.0,0,0.22530983
24624,0.0,0,0.065843716
10079,0.0,0,0.17055994
29973,0.0,0,0.054738313
4597,1.0,0,0.16136296
215,0.0,1,0.66396236
1094,1.0,0,0.34826285
22852,1.0,0,0.2578834
13014,0.0,0,0.38361084
7594,0.0,0,0.15734632
20968,1.0,1,0.78214914
5440,0.0,1,0.75873077
12321,0.0,1,0.5720133
14500,0.0,1,0.5350297
20082,0.0,0,0.07729165
25117,1.0,0,0.16831176
13668,0.0,0,0.16850117
10088,0.0,0,0.056483287
1861,0.0,0,0.266088
23448,0.0,0,0.16240674
14193,0.0,0,0.06420145
28070,0.0,0,0.03244008
27096,0.0,0,0.05672066
27684,1.0,0,0.3687695
19269,0.0,0,0.16694985
9183,0.0,0,0.11828087
19560,0.0,0,0.05839792
3116,0.0,0,0.30737582
14912,0.0,0,0.054477435
3120,0.0,0,0.025701083
13048,0.0,0,0.063616045
8657,0.0,1,0.59957856
21941,0.0,0,0.09789066
22324,0.0,0,0.02267901
3690,0.0,0,0.45871252
26993,0.0,0,0.0456947
14006,0.0,0,0.19593047
27290,0.0,0,0.10203594
5823,0.0,0,0.035843354
28055,1.0,1,0.74143046
6854,1.0,0,0.03986451
22090,0.0,0,0.32796976
20723,0.0,1,0.5591971
25545,0.0,0,0.08835558
3792,1.0,0,0.0380746
6538,0.0,0,0.05628469
20746,0.0,0,0.16238776
7046,0.0,0,0.09944949
12706,1.0,0,0.40515462
1795,1.0,0,0.13511573
29435,0.0,0,0.0661721
5122,1.0,0,0.35988796
6700,0.0,0,0.34621352
28991,0.0,0,0.122905396
23241,0.0,0,0.1303939
29547,0.0,0,0.10399987
6487,1.0,0,0.33526215
19565,1.0,0,0.20154975
13221,0.0,0,0.16189426
5121,0.0,0,0.072060965
10859,0.0,0,0.13723165
29671,0.0,1,0.6295504
12598,1.0,0,0.31242862
2071,0.0,0,0.0699491
18747,0.0,0,0.16831107
25990,0.0,0,0.108423024
12686,0.0,1,0.5230897
8130,0.0,1,0.5293764
26540,0.0,0,0.32381546
5173,0.0,0,0.16158077
16843,0.0,0,0.10999972
18257,1.0,1,0.83139753
5114,1.0,1,0.7133528
27169,0.0,0,0.36419702
25080,0.0,0,0.21204284
9679,0.0,0,0.10424326
4383,1.0,0,0.13414352
23206,1.0,0,0.3969594
13283,0.0,0,0.4226023
20642,0.0,0,0.18471919
15589,0.0,0,0.040397868
8789,1.0,0,0.41073012
10715,0.0,0,0.3840366
2184,0.0,0,0.16005842
16891,0.0,0,0.04037848
4367,1.0,1,0.6356128
23464,1.0,0,0.17314324
16124,0.0,0,0.15048811
6634,0.0,0,0.09225384
24140,1.0,0,0.12551959
21250,0.0,0,0.0702058
1291,0.0,0,0.09315641
19905,0.0,0,0.1841468
8471,1.0,1,0.73363256
16757,0.0,0,0.17045155
911,0.0,1,0.5935078
8076,0.0,0,0.301505
6899,0.0,0,0.40584582
10963,1.0,0,0.14508061
4887,0.0,0,0.05537324
13333,0.0,0,0.12558796
28164,0.0,0,0.41402712
20300,0.0,0,0.01972572
8888,0.0,0,0.21356775
20094,0.0,0,0.11458414
23271,0.0,0,0.09757959
25060,1.0,0,0.41125035
17406,0.0,0,0.1924952
11775,0.0,0,0.13675593
10141,1.0,0,0.35107705
19990,0.0,0,0.04615724
1298,0.0,0,0.10102217
11823,0.0,0,0.10921215
10164,0.0,0,0.06605578
15591,0.0,0,0.12094069
2016,1.0,0,0.1597324
13996,0.0,0,0.13693678
22945,0.0,0,0.04154475
2055,0.0,0,0.17334677
11845,0.0,1,0.74930364
13367,0.0,0,0.16481055
8574,1.0,1,0.6562355
27940,0.0,0,0.2249512
20405,0.0,0,0.09738872
11427,0.0,0,0.19763996
7195,0.0,0,0.045581814
15507,0.0,0,0.0910524
29204,0.0,0,0.1320228
17648,1.0,0,0.16094449
3814,0.0,0,0.10329866
23664,1.0,0,0.1479365
23045,0.0,0,0.05302975
22451,0.0,0,0.090931356
12970,0.0,0,0.368044
26559,1.0,0,0.1127414
17436,0.0,0,0.07436316
18689,1.0,0,0.2400135
5604,0.0,0,0.053089827
2910,0.0,0,0.22012985
3794,0.0,0,0.06693206
16612,0.0,1,0.5252098
1174,0.0,0,0.124834515
1962,0.0,0,0.047978673
1655,0.0,0,0.13166927
21568,0.0,0,0.115249865
7697,1.0,0,0.102038905
13601,0.0,0,0.087768964
16543,1.0,1,0.8116996
20747,0.0,0,0.118030936
11946,0.0,0,0.12804075
29451,0.0,0,0.19658293
12977,0.0,0,0.3352017
21487,0.0,0,0.2809444
6990,0.0,1,0.52328086
24489,0.0,0,0.17657363
19635,0.0,0,0.05091405
3556,0.0,0,0.10132287
23728,0.0,0,0.19621924
20935,0.0,0,0.056176268
7932,0.0,0,0.057299446
14441,0.0,0,0.14610477
10671,1.0,0,0.02301602
20473,1.0,1,0.61395913
27617,0.0,0,0.09688576
19072,0.0,0,0.04858139
18712,0.0,0,0.07230396
5321,0.0,0,0.096441574
29192,0.0,0,0.055155657
7720,0.0,0,0.057348598
8724,0.0,1,0.6512772
14090,0.0,0,0.095320925
15901,0.0,0,0.18096279
27917,0.0,0,0.033783343
6822,0.0,0,0.14538708
4250,0.0,0,0.20895639
23598,0.0,0,0.050132535
24745,0.0,0,0.06867633
6073,1.0,1,0.5647554
10758,0.0,0,0.2048296
18902,0.0,0,0.09914217
15458,0.0,0,0.30121273
19992,0.0,0,0.3734299
15422,1.0,1,0.5480343
8289,1.0,0,0.09847954
6086,1.0,1,0.64200544
21161,0.0,0,0.13878712
20166,0.0,0,0.07126789
1895,1.0,0,0.4225905
17770,0.0,0,0.02588938
18172,0.0,0,0.052523762
750,1.0,1,0.6453525
7391,0.0,0,0.08973351
27961,0.0,0,0.11280003
14753,0.0,0,0.023017257
5149,1.0,0,0.33700672
23071,1.0,0,0.1338877
1376,0.0,0,0.4222117
5101,0.0,0,0.17227903
18511,0.0,0,0.1522704
6760,0.0,0,0.3890389
9287,1.0,1,0.86251724
13390,0.0,0,0.20029631
2950,0.0,0,0.15358192
17810,1.0,0,0.07899693
15732,0.0,0,0.08685361
17295,0.0,1,0.6498478
26622,0.0,0,0.1386066
23290,0.0,0,0.066607274
20352,0.0,0,0.13067752
27777,0.0,0,0.035241224
24789,0.0,0,0.16849911
15266,0.0,0,0.05377261
13826,0.0,0,0.16891076
21230,0.0,0,0.22624968
29997,0.0,0,0.09480021
28285,0.0,0,0.055306055
13402,1.0,0,0.023213742
19894,0.0,0,0.077399015
19711,0.0,0,0.07348253
16922,0.0,0,0.11378133
7290,0.0,0,0.16095689
26450,0.0,0,0.084497325
18409,0.0,0,0.11643018
17796,0.0,0,0.3065445
16586,0.0,0,0.028331114
412,0.0,0,0.16170545
13662,0.0,0,0.010204396
29841,1.0,1,0.85144377
20449,0.0,0,0.06163688
6273,0.0,0,0.13857514
1789,0.0,0,0.09591855
679,0.0,0,0.07269966
14593,0.0,0,0.0931724
29332,0.0,0,0.068366945
22931,0.0,0,0.11990746
28105,0.0,0,0.32509133
2155,0.0,0,0.1239095
18070,0.0,0,0.47354323
15731,0.0,0,0.17214118
6229,1.0,0,0.31640542
13681,0.0,1,0.5674126
15661,0.0,0,0.28447428
2326,0.0,0,0.0713736
25200,0.0,0,0.2376881
17158,0.0,0,0.14172973
4254,0.0,0,0.15035975
15794,0.0,0,0.1234145
1679,0.0,1,0.51746005
24310,0.0,0,0.10556599
20096,0.0,0,0.20345868
22453,0.0,0,0.121981196
1097,0.0,0,0.05114502
2247,0.0,0,0.0637927
6590,0.0,0,0.07995086
21972,0.0,1,0.56850505
18600,0.0,0,0.017986033
6162,0.0,0,0.039732784
11172,1.0,1,0.6142978
11785,0.0,1,0.640906
1182,0.0,0,0.38955128
29484,1.0,0,0.051507752
28057,0.0,0,0.32870635
16129,1.0,0,0.029193195
24393,1.0,0,0.07003789
23277,0.0,0,0.029007344
8991,0.0,0,0.051421
11406,0.0,0,0.06351775
8521,1.0,1,0.8138006
29117,0.0,0,0.12730402
8575,1.0,0,0.2712903
27884,0.0,0,0.49463442
256,0.0,0,0.18768023
16811,0.0,0,0.12902355
23017,0.0,0,0.10120832
17858,0.0,0,0.07156103
13091,0.0,0,0.020147428
23949,0.0,0,0.11902546
7333,0.0,0,0.04825108
27608,0.0,0,0.060163505
25664,0.0,0,0.073643096
4690,0.0,1,0.51907545
21228,0.0,0,0.09658656
17394,1.0,1,0.8160028
7714,0.0,0,0.041307807
24027,0.0,0,0.34169894
20845,0.0,0,0.17833467
11813,0.0,0,0.1400212
10736,0.0,0,0.054799702
26084,1.0,0,0.15385602
13343,0.0,0,0.14626226
13829,0.0,0,0.040934283
5947,1.0,0,0.08348387
16504,0.0,0,0.1806569
26452,0.0,0,0.17289534
17542,1.0,0,0.48179013
1464,0.0,0,0.02530423
5423,1.0,0,0.11683451
21029,0.0,0,0.1825062
15597,0.0,0,0.14408611
29292,0.0,0,0.12292159
3442,0.0,1,0.64103323
20097,0.0,0,0.10757759
23636,1.0,0,0.09924325
3804,0.0,0,0.32829455
25221,0.0,1,0.5428064
25107,0.0,0,0.16083544
3046,0.0,0,0.15564178
29977,1.0,1,0.735051
8822,1.0,1,0.6954876
19045,0.0,0,0.04950982
21820,0.0,0,0.451053
8999,1.0,0,0.4778568
29290,0.0,0,0.07743125
1234,0.0,0,0.18322349
10636,0.0,0,0.12210179
22562,0.0,0,0.15069072
18873,0.0,0,0.18595776
18176,0.0,0,0.20775
23356,1.0,1,0.71264005
7760,0.0,0,0.42449188
22190,0.0,0,0.14146654
28721,0.0,0,0.15103352
17210,0.0,0,0.098525256
27901,0.0,0,0.057290394
10551,0.0,0,0.05294284
16100,1.0,0,0.20604293
3503,0.0,0,0.029779108
27186,0.0,0,0.3623833
3426,0.0,0,0.12213204
12506,0.0,0,0.051835798
10566,0.0,0,0.10995286
16363,0.0,0,0.2656029
20624,0.0,0,0.10991567
8447,1.0,0,0.3317346
4608,0.0,0,0.24250694
27564,0.0,0,0.08210384
14166,0.0,0,0.0936014
10115,0.0,0,0.12266451
18189,1.0,0,0.3792232
27614,1.0,0,0.47866184
13051,1.0,0,0.45373932
6565,0.0,0,0.38457268
15869,0.0,0,0.05927015
4456,0.0,0,0.34164113
9826,0.0,0,0.11479516
1989,0.0,1,0.7272441
20520,0.0,0,0.11492002
28568,0.0,0,0.13949762
27722,1.0,0,0.12508813
500,0.0,1,0.5604712
20648,0.0,0,0.064294286
20693,0.0,0,0.15981568
8404,0.0,0,0.045672677
14320,0.0,0,0.087834895
6404,1.0,0,0.28105137
18839,0.0,0,0.2988283
2114,1.0,0,0.143692
14562,0.0,0,0.17586438
20772,0.0,0,0.17666776
15655,0.0,0,0.08832227
15049,0.0,0,0.18758005
4230,1.0,0,0.38414806
22403,0.0,0,0.2662943
15848,0.0,0,0.07504557
872,0.0,0,0.08607317
26954,0.0,0,0.05112151
28560,1.0,0,0.1154486
18591,0.0,0,0.05884991
7786,1.0,0,0.27372897
12836,1.0,0,0.2064586
25252,0.0,0,0.037410423
997,0.0,0,0.49913585
13178,1.0,1,0.6145102
25421,1.0,0,0.4714103
4956,1.0,0,0.124690585
3303,1.0,1,0.5539957
442,0.0,1,0.50883853
991,0.0,0,0.4235431
4566,1.0,0,0.15964882
18961,1.0,0,0.049646933
27487,1.0,0,0.12979586
9780,0.0,0,0.059922505
3697,0.0,0,0.13931859
10621,0.0,0,0.17231284
11336,0.0,0,0.10314535
4396,0.0,0,0.15337823
12211,0.0,0,0.0978211
9402,0.0,0,0.045317065
25693,0.0,0,0.0316474
6600,0.0,0,0.0740129
22454,0.0,0,0.29538703
26270,0.0,0,0.05955359
18345,0.0,0,0.1374202
23951,0.0,0,0.40782794
9192,0.0,0,0.3556042
16941,1.0,0,0.3901578
9090,1.0,1,0.5238401
5367,0.0,0,0.38680238
177,0.0,0,0.12362449
5959,0.0,0,0.09137371
27349,0.0,0,0.090111345
4242,0.0,0,0.09104317
19247,0.0,1,0.638884
20788,0.0,0,0.015433273
2805,0.0,0,0.1605055
25610,0.0,0,0.107120916
15778,1.0,0,0.48946553
4433,0.0,1,0.77371365
5049,1.0,1,0.5680195
11289,0.0,0,0.11585386
23458,0.0,0,0.102337815
22889,0.0,0,0.021751864
20190,0.0,0,0.08363363
26121,0.0,0,0.11962729
17112,0.0,0,0.4075578
28739,0.0,0,0.10524057
29467,0.0,1,0.68857044
12273,0.0,0,0.024754101
4079,0.0,0,0.14904706
22874,0.0,0,0.03506456
26271,1.0,0,0.14254802
12213,0.0,0,0.15242438
26813,0.0,0,0.05157623
2672,1.0,0,0.31606758
12702,0.0,0,0.04783858
17559,0.0,1,0.69816345
12801,1.0,0,0.40617314
29188,0.0,0,0.1349008
961,1.0,0,0.35728094
18253,1.0,0,0.48527387
28624,0.0,0,0.45610657
27731,1.0,1,0.7486739
9310,0.0,0,0.031747524
3726,0.0,0,0.33118677
3721,1.0,0,0.3408781
28044,0.0,0,0.1836994
12811,1.0,1,0.64239705
29304,0.0,0,0.31769443
5379,0.0,0,0.11506496
25929,1.0,0,0.16904543
5852,0.0,0,0.08534132
11095,0.0,0,0.06385747
8814,0.0,0,0.08378981
15084,0.0,0,0.034399774
27573,0.0,0,0.10040628
1035,0.0,0,0.3124768
15723,0.0,0,0.23182599
1760,0.0,0,0.3239917
15889,0.0,1,0.5914877
22308,0.0,0,0.12245767
4111,0.0,0,0.116056316
6657,0.0,0,0.13969368
4171,0.0,0,0.05750297
26676,0.0,0,0.14664961
10727,0.0,0,0.116672926
14861,0.0,1,0.65971774
12579,0.0,0,0.020700851
12775,1.0,1,0.65048414
15310,0.0,0,0.14418407
6748,0.0,0,0.14375973
25297,0.0,0,0.104595944
3622,0.0,0,0.04069787
536,0.0,0,0.15036
17424,1.0,0,0.37692416
10733,1.0,0,0.034529295
19267,0.0,0,0.16673411
27089,1.0,0,0.22701497
7232,0.0,0,0.10907716
9798,0.0,0,0.02013915
7191,0.0,0,0.05269017
2404,1.0,0,0.34800288
6141,0.0,0,0.17250983
25631,0.0,0,0.028107667
18878,0.0,0,0.027979288
4762,0.0,0,0.1086088
21901,1.0,1,0.5061483
20793,0.0,0,0.07500317
25714,1.0,0,0.0743855
24460,0.0,1,0.5882425
21902,0.0,0,0.04287221
29964,0.0,0,0.13046367
6497,0.0,0,0.15963231
21220,0.0,0,0.113246515
3170,0.0,0,0.16341107
10494,0.0,0,0.19697791
22251,1.0,0,0.118248776
12670,0.0,0,0.212235
990,0.0,1,0.5253137
15301,0.0,0,0.20436883
15498,1.0,1,0.6291135
10658,0.0,0,0.098211765
3280,0.0,0,0.042617608
5762,0.0,0,0.19643347
875,0.0,0,0.20981003
19595,0.0,0,0.13529737
9527,0.0,0,0.072175935
17506,0.0,0,0.014911392
7093,1.0,0,0.044170737
14563,1.0,1,0.7624039
29067,0.0,0,0.11970636
12596,0.0,0,0.1583195
17421,0.0,0,0.43317375
21325,0.0,0,0.23305108
2382,0.0,0,0.01756433
22425,0.0,0,0.15523152
6746,0.0,0,0.031144677
26691,0.0,0,0.05061469
26325,1.0,0,0.03911671
2093,0.0,0,0.18072152
2262,1.0,0,0.09236167
14168,1.0,0,0.14385077
728,0.0,0,0.12459615
15097,0.0,0,0.17445219
4195,0.0,0,0.1782131
23897,0.0,0,0.09288237
16995,1.0,0,0.37004727
5362,0.0,0,0.13079706
18234,0.0,0,0.021164877
221,1.0,0,0.47273624
26460,1.0,0,0.14562778
1057,0.0,0,0.30219054
15670,0.0,0,0.10479862
10136,1.0,0,0.35015047
17012,0.0,0,0.336638
24623,0.0,0,0.049598802
29617,0.0,0,0.07934225
1936,0.0,0,0.1270216
13904,0.0,0,0.39360082
2336,0.0,0,0.11760444
13706,0.0,0,0.19328696
19709,0.0,0,0.043914147
4554,0.0,0,0.06312524
11246,1.0,1,0.65607125
29582,0.0,0,0.05435788
4529,0.0,0,0.40209034
24796,0.0,0,0.08247739
24129,0.0,0,0.11935148
11343,1.0,1,0.8458665
9599,0.0,0,0.03266001
23384,0.0,0,0.15106742
314,1.0,0,0.44789073
5714,0.0,1,0.56750774
7091,0.0,0,0.08424194
14723,1.0,1,0.7262682
12833,0.0,0,0.10902242
9106,1.0,0,0.11619786
18249,0.0,0,0.11747708
19718,0.0,0,0.020025495
14801,1.0,0,0.16280681
24938,1.0,0,0.40727222
1552,0.0,0,0.05119653
28425,0.0,0,0.020992858
17729,0.0,1,0.6837554
3719,0.0,0,0.16598897
22863,1.0,1,0.6688392
1706,1.0,0,0.4928471
6061,0.0,0,0.30572042
4198,0.0,0,0.068567365
16769,0.0,0,0.47729704
25995,0.0,0,0.1422313
29916,0.0,0,0.42761168
26204,0.0,0,0.14588934
6110,0.0,0,0.061439533
22361,0.0,0,0.062278647
17030,0.0,0,0.13198072
18758,0.0,0,0.47902843
9626,1.0,1,0.5035359
1160,0.0,0,0.49920127
25847,0.0,0,0.1390928
11589,0.0,0,0.12746738
23285,0.0,0,0.048931397
11334,1.0,1,0.594219
22446,0.0,0,0.044409044
2582,0.0,0,0.45326555
28769,0.0,0,0.010995693
17586,1.0,1,0.7796714
26142,0.0,0,0.033712074
11593,0.0,0,0.10847453
5987,1.0,0,0.15961389
27476,0.0,0,0.09051701
13738,0.0,0,0.09863166
11510,0.0,0,0.09933628
12132,1.0,0,0.46546125
20225,0.0,1,0.5273387
16280,0.0,0,0.066367306
6679,1.0,0,0.15527874
16418,0.0,0,0.11833969
26505,0.0,0,0.10586938
7705,0.0,1,0.5967787
23809,0.0,0,0.24866788
24266,0.0,0,0.012608994
12447,0.0,0,0.14333682
2977,1.0,0,0.15574771
4581,0.0,0,0.08836814
10863,0.0,0,0.34338403
25047,0.0,0,0.015670318
20238,0.0,0,0.13095015
8120,0.0,0,0.0813424
29781,0.0,0,0.13166057
6456,0.0,1,0.6168006
27398,0.0,0,0.28824818
4805,0.0,0,0.16550045
7055,0.0,0,0.09895397
2024,0.0,0,0.059226178
24768,1.0,0,0.41380128
22898,1.0,1,0.70719177
17892,1.0,0,0.45319134
19285,1.0,0,0.3134959
12712,0.0,0,0.029035456
8780,0.0,0,0.044755995
10580,0.0,0,0.041132905
22129,0.0,0,0.24250601
14141,0.0,0,0.16654803
28643,0.0,0,0.055076458
21825,0.0,0,0.037169706
21019,0.0,0,0.15769589
23867,0.0,0,0.3976194
20121,1.0,0,0.11209353
12979,0.0,0,0.35243878
4420,0.0,0,0.06261218
13063,0.0,0,0.10174894
19502,0.0,0,0.046644494
25300,0.0,0,0.14878137
11612,0.0,0,0.10332581
13768,0.0,0,0.14717332
22997,0.0,0,0.083263166
1173,0.0,0,0.060914084
1349,0.0,0,0.05452016
22339,0.0,0,0.08101299
21597,0.0,0,0.123062134
1005,1.0,0,0.08909173
9891,0.0,0,0.08418163
29823,0.0,0,0.17382812
14497,1.0,0,0.11004445
10653,0.0,0,0.1886882
19917,0.0,0,0.18951003
15694,0.0,0,0.04546376
22028,0.0,0,0.053903785
7946,1.0,0,0.4109961
16457,1.0,0,0.110600874
2256,0.0,1,0.5129616
15089,0.0,1,0.5572029
20176,0.0,0,0.081960164
1491,0.0,0,0.045346677
26090,0.0,0,0.09342997
15758,1.0,1,0.6977917
26728,0.0,0,0.0960108
972,0.0,0,0.16989683
23319,1.0,0,0.17446575
8254,0.0,0,0.18337452
524,1.0,0,0.04681597
9080,0.0,0,0.49515653
1580,0.0,0,0.13404456
20239,0.0,1,0.5474911
14635,0.0,0,0.048025377
25497,0.0,0,0.017461397
3015,0.0,0,0.03562845
24401,1.0,1,0.8157391
24726,0.0,0,0.14160134
28949,0.0,0,0.1315031
7864,0.0,0,0.09620186
27353,0.0,0,0.16377495
29151,1.0,0,0.32591364
12627,0.0,0,0.15566677
15021,0.0,1,0.60719955
24614,0.0,0,0.043418072
26917,0.0,1,0.5167463
24616,0.0,0,0.11409554
4878,0.0,0,0.089012355
3392,0.0,0,0.08007158
1579,0.0,0,0.18674369
8600,1.0,1,0.5064303
28521,0.0,1,0.600502
27315,1.0,0,0.1616647
9096,1.0,0,0.3089406
247,0.0,0,0.20377308
8004,0.0,0,0.11858961
6836,0.0,0,0.31108373
22353,0.0,0,0.37279096
21529,0.0,0,0.12677355
27444,0.0,0,0.18571456
21229,0.0,0,0.17078939
4921,0.0,0,0.36591995
18528,0.0,0,0.3434425
6989,1.0,0,0.40802404
9004,0.0,0,0.39666817
16267,0.0,0,0.050778355
28686,1.0,0,0.14620261
5035,1.0,0,0.10629473
7127,0.0,0,0.22852296
13679,0.0,0,0.20155163
913,0.0,0,0.04264354
2152,0.0,0,0.0835737
9421,0.0,0,0.083865725
22754,1.0,0,0.36116523
9967,0.0,0,0.099029414
9448,0.0,0,0.1282135
3873,0.0,1,0.8109279
25172,0.0,0,0.12274719
29143,0.0,0,0.10217892
26861,0.0,0,0.14124045
15936,1.0,1,0.73347753
28803,0.0,0,0.0911264
11354,0.0,0,0.020818122
28225,0.0,0,0.16104136
18183,0.0,0,0.07192364
13320,0.0,0,0.031704202
23137,0.0,0,0.04473067
18278,1.0,1,0.84408
2046,1.0,1,0.74229145
24422,0.0,0,0.22846438
6095,1.0,0,0.13462704
21562,0.0,0,0.3846954
29119,1.0,0,0.3429696
12459,0.0,0,0.15245229
28096,0.0,0,0.12870504
16939,0.0,0,0.07883816
16272,0.0,0,0.070305906
15425,1.0,1,0.6352486
26032,0.0,0,0.057396293
18710,1.0,0,0.14478256
9001,0.0,0,0.1631145
16471,0.0,0,0.10462102
22059,0.0,0,0.15151942
2544,0.0,0,0.11561525
1212,0.0,0,0.1336603
22764,0.0,0,0.049561143
13040,0.0,0,0.043559846
23896,1.0,1,0.55315435
2330,0.0,0,0.08999212
1592,0.0,0,0.4416649
19648,0.0,0,0.075121485
13356,0.0,0,0.13069785
6658,0.0,1,0.52385724
27567,0.0,1,0.7399087
18041,0.0,0,0.12781699
14647,0.0,1,0.52512217
13523,0.0,0,0.07646139
29838,0.0,0,0.14824027
9672,0.0,1,0.79037166
26157,0.0,0,0.048779592
1449,0.0,0,0.14603855
10825,0.0,0,0.10727816
24493,0.0,0,0.05215522
14900,0.0,0,0.02799462
20824,1.0,0,0.11676018
17435,0.0,0,0.16894579
1675,0.0,0,0.07579349
3423,0.0,0,0.074609786
15184,0.0,0,0.09493997
27704,1.0,1,0.5030447
8325,0.0,0,0.07876651
8609,0.0,1,0.60038364
1054,0.0,0,0.12288218
6792,0.0,0,0.30638316
8990,0.0,0,0.044814397
22057,0.0,0,0.38447902
18899,1.0,0,0.05009855
20273,1.0,1,0.6703858
10820,0.0,0,0.172908
20846,0.0,0,0.07513567
4503,1.0,0,0.39608535
22102,1.0,0,0.11455252
28907,0.0,0,0.2525974
2110,0.0,0,0.09253403
11603,0.0,0,0.1531865
15713,0.0,0,0.16622236
10427,0.0,0,0.18607235
7528,0.0,1,0.60583526
21221,0.0,1,0.8162132
12783,0.0,0,0.1585393
16948,0.0,0,0.08327885
15363,0.0,0,0.04844753
29456,0.0,0,0.3247792
22683,0.0,0,0.108631276
24842,0.0,0,0.12895106
11010,0.0,0,0.05546769
11826,1.0,0,0.27221963
23477,0.0,0,0.01983626
28505,0.0,0,0.17599212
25178,0.0,1,0.5348085
27957,0.0,0,0.06951904
12337,0.0,0,0.16854602
14308,0.0,0,0.022039613
6537,0.0,0,0.16304767
1421,0.0,0,0.025780324
26774,1.0,1,0.5418031
7236,0.0,0,0.14233
28441,0.0,0,0.08054902
26490,0.0,0,0.049668998
670,1.0,1,0.62918645
13746,0.0,0,0.29851347
6996,1.0,1,0.5186661
1303,0.0,0,0.35145676
29075,1.0,0,0.40046692
16804,0.0,0,0.032765377
11749,0.0,1,0.68180245
8260,1.0,0,0.123354904
25564,0.0,0,0.029626345
23550,0.0,0,0.10867903
9336,0.0,0,0.07226713
22469,1.0,0,0.1335568
3848,0.0,0,0.18346561
24693,0.0,0,0.39350477
15162,0.0,0,0.12761621
13720,0.0,1,0.71058947
18367,0.0,0,0.17098527
23110,0.0,1,0.54756093
27276,0.0,0,0.085878104
19407,0.0,0,0.0718796
4223,0.0,0,0.30959
17057,0.0,0,0.16760364
671,0.0,1,0.54132736
21579,0.0,0,0.14851753
4036,0.0,0,0.02974425
8768,0.0,0,0.41396368
266,0.0,0,0.15849039
24582,0.0,0,0.12320184
17509,1.0,0,0.11532538
4345,0.0,0,0.07602261
13282,1.0,0,0.11578552
9838,0.0,0,0.0687477
14357,0.0,0,0.10627452
21912,0.0,0,0.24669045
15289,0.0,0,0.049731225
6666,0.0,0,0.26635775
29246,0.0,0,0.39728728
27363,0.0,0,0.153489
798,0.0,0,0.12336811
19504,0.0,0,0.19337587
12275,1.0,1,0.5683827
9178,0.0,0,0.16422912
12286,0.0,0,0.15669684
24767,0.0,0,0.038344216
25114,0.0,0,0.10528508
7322,0.0,0,0.02946611
8464,0.0,0,0.13967508
4861,1.0,1,0.82218444
17409,0.0,0,0.12542373
17680,0.0,0,0.06541014
9016,0.0,0,0.08275947
10523,0.0,0,0.15475547
7461,0.0,0,0.0362348
8300,0.0,0,0.068366855
4830,0.0,0,0.16860959
3467,0.0,0,0.15004279
20832,0.0,0,0.173998
14252,1.0,0,0.34023425
21114,0.0,0,0.108924955
29100,0.0,0,0.093504705
8514,1.0,0,0.07794932
29968,0.0,0,0.40635136
16666,0.0,0,0.055929266
12666,0.0,0,0.18351547
4035,0.0,0,0.4252133
3663,0.0,0,0.06440117
21810,1.0,0,0.4078368
27702,1.0,1,0.708508
24526,1.0,0,0.25554988
25643,0.0,0,0.21365522
29791,0.0,0,0.08694977
20812,0.0,0,0.06381575
3152,0.0,1,0.52515274
7885,0.0,0,0.12278787
20757,1.0,1,0.85300976
25746,0.0,0,0.26082128
3265,1.0,0,0.3942877
5685,0.0,0,0.24761447
2639,0.0,0,0.11424012
3414,1.0,1,0.53627384
29868,0.0,0,0.087234594
14946,1.0,0,0.368016
3257,1.0,1,0.6344398
6998,0.0,0,0.34076706
29757,0.0,0,0.47236452
13462,0.0,0,0.125296
13554,0.0,0,0.11101992
16659,0.0,0,0.135861
22032,0.0,0,0.03492485
26216,0.0,0,0.21921626
3470,0.0,0,0.032317404
26106,0.0,0,0.090567686
5353,0.0,1,0.50136805
15479,0.0,0,0.06628286
18924,0.0,0,0.06971021
327,1.0,0,0.4567823
4158,0.0,0,0.044083245
28747,0.0,0,0.15701582
18140,0.0,0,0.027391119
23894,0.0,0,0.12803245
29496,0.0,0,0.046109274
1216,0.0,0,0.051845703
5626,0.0,0,0.08585341
13292,1.0,1,0.7917011
4998,1.0,0,0.03876076
14642,0.0,0,0.35865104
20946,0.0,0,0.07403398
8580,0.0,0,0.18042158
15924,0.0,0,0.038206413
15926,0.0,0,0.20331118
15469,1.0,0,0.14758886
23948,0.0,0,0.12626666
24631,0.0,0,0.120852806
25089,0.0,0,0.05345455
23693,0.0,0,0.11728844
23214,1.0,0,0.11079099
8716,0.0,0,0.026413899
5688,0.0,0,0.03628403
3469,0.0,0,0.3585092
7669,0.0,0,0.14352266
7133,1.0,0,0.16099726
919,0.0,0,0.14452341
28267,0.0,0,0.19618705
6587,0.0,0,0.052119248
6371,0.0,1,0.6735439
20958,0.0,1,0.56639826
1769,0.0,0,0.058199134
23325,0.0,0,0.10956053
5557,0.0,0,0.12775186
26733,0.0,0,0.11261582
1143,0.0,0,0.08768719
29773,0.0,0,0.14306088
15470,1.0,1,0.62811923
4202,0.0,0,0.201565
27986,0.0,0,0.075738095
853,0.0,0,0.21353418
22197,0.0,0,0.020186225
22473,1.0,1,0.66435134
13582,0.0,0,0.13804631
22413,0.0,0,0.1280667
28722,0.0,0,0.019573122
12359,0.0,0,0.09222298
19345,1.0,1,0.8329023
24398,1.0,1,0.80057985
8432,0.0,0,0.09925131
9247,1.0,0,0.3618736
6525,0.0,0,0.19338307
8682,0.0,0,0.13991393
21063,0.0,0,0.32314667
12344,0.0,0,0.029612249
731,0.0,0,0.13390298
9282,0.0,0,0.08458885
11236,0.0,0,0.025609761
6929,0.0,0,0.043494057
15280,1.0,1,0.5195161
25626,0.0,0,0.044617042
14027,0.0,0,0.021291086
2204,0.0,0,0.45398787
3702,0.0,0,0.09542303
5842,0.0,0,0.028239649
19788,0.0,0,0.159733
7467,0.0,0,0.010920668
17413,0.0,0,0.11088596
26436,0.0,0,0.24190418
3286,0.0,0,0.34031832
4560,0.0,0,0.34511438
17061,1.0,0,0.1605614
4943,0.0,0,0.08416101
2285,1.0,0,0.111523576
24306,0.0,0,0.046400324
1818,0.0,0,0.14374822
29157,0.0,0,0.083853796
27005,0.0,0,0.11614059
20640,1.0,1,0.611441
13279,0.0,0,0.03202553
29789,0.0,0,0.14566836
17896,0.0,1,0.5031769
2292,0.0,1,0.50942016
17763,0.0,0,0.4170055
14374,1.0,0,0.099730976
13312,0.0,0,0.3160413
26680,0.0,0,0.25683972
9784,0.0,0,0.14416558
2322,0.0,1,0.61568713
24532,1.0,0,0.16997081
267,0.0,0,0.40600055
20599,0.0,0,0.0591016
5828,1.0,0,0.033992596
20291,0.0,0,0.3638572
19570,1.0,0,0.12786673
14683,0.0,1,0.674455
7442,0.0,0,0.15186654
1090,0.0,0,0.03362153
6391,0.0,0,0.034914754
23202,0.0,0,0.0396397
24549,0.0,1,0.5309021
13921,0.0,0,0.08480062
11419,0.0,0,0.24892227
13209,0.0,0,0.15470754
14882,0.0,0,0.44371963
4155,0.0,0,0.17818345
20246,0.0,0,0.15505412
640,0.0,0,0.05890834
8540,0.0,0,0.080801465
11110,0.0,0,0.0857486
11880,0.0,0,0.111023545
5316,0.0,0,0.030337622
2275,0.0,0,0.16195893
25887,1.0,1,0.51923126
2083,0.0,0,0.3438099
9911,0.0,0,0.13418707
3215,0.0,0,0.25002173
24366,0.0,0,0.12148249
9251,0.0,0,0.38149735
14884,1.0,1,0.6757535
10644,0.0,0,0.19834916
10746,0.0,0,0.060026675
884,0.0,0,0.10455674
142,0.0,0,0.1345899
14439,0.0,0,0.14212586
25176,0.0,0,0.4877426
13118,0.0,0,0.059742827
10650,1.0,0,0.038967323
7373,0.0,0,0.18824823
5329,0.0,0,0.10582561
14282,0.0,0,0.467777
19572,0.0,0,0.1976463
17129,0.0,0,0.350351
6723,0.0,0,0.022372095
20413,0.0,0,0.043969173
2591,0.0,0,0.049070936
4416,0.0,0,0.19139506
20010,0.0,0,0.062426668
10417,0.0,0,0.09594824
14032,0.0,0,0.18072262
8129,0.0,0,0.1720402
18353,0.0,0,0.117896244
27321,1.0,1,0.66819036
16436,0.0,0,0.19600004
13201,0.0,0,0.17019324
24633,0.0,0,0.104908295
29101,0.0,0,0.1632363
23416,1.0,1,0.7642641
5175,0.0,0,0.10091925
21315,1.0,0,0.23972498
7712,0.0,0,0.37558994
27091,0.0,0,0.39408904
305,0.0,0,0.07456821
24712,0.0,0,0.43191057
2699,0.0,0,0.30217615
27093,0.0,0,0.20210613
17383,0.0,0,0.041396998
20761,0.0,0,0.09001042
2873,0.0,0,0.13182458
4575,1.0,0,0.25284395
28196,0.0,0,0.042243548
4227,1.0,0,0.055179056
27928,0.0,0,0.06898761
17887,0.0,0,0.043599624
14568,0.0,0,0.04596259
9761,0.0,0,0.04781875
27597,0.0,0,0.06338075
11890,0.0,0,0.19996257
18888,0.0,0,0.07550342
28117,0.0,0,0.03243488
24434,0.0,0,0.07735696
24908,1.0,0,0.15076946
23497,0.0,0,0.07916919
15406,0.0,0,0.1211752
21964,0.0,0,0.095576376
4574,0.0,0,0.008976745
55,0.0,0,0.23131189
13479,1.0,1,0.82374954
29619,0.0,0,0.030226123
15264,0.0,0,0.08679874
21958,0.0,0,0.13419329
20430,1.0,0,0.46723774
14365,0.0,0,0.2664637
3533,0.0,0,0.14369622
11480,0.0,0,0.037255898
22937,0.0,0,0.14109664
16935,0.0,0,0.17819445
25386,0.0,0,0.06263992
16378,0.0,0,0.04349711
22103,0.0,0,0.07867222
1665,0.0,0,0.08003322
23251,0.0,0,0.10707304
23040,1.0,1,0.80629206
12621,0.0,0,0.048640158
10350,1.0,0,0.18104686
202,0.0,0,0.30902392
19339,0.0,0,0.04599998
28933,1.0,0,0.36704388
9354,0.0,0,0.09426727
28364,0.0,0,0.28110248
4872,0.0,0,0.12102535
669,0.0,1,0.53873444
20278,0.0,0,0.10438313
9828,0.0,0,0.15894033
20041,0.0,0,0.113469675
20491,0.0,0,0.30805767
17876,0.0,0,0.020672882
17213,0.0,0,0.35255393
18803,0.0,0,0.055292714
22358,0.0,0,0.06983541
22448,0.0,0,0.08885492
5414,0.0,0,0.0767888
8812,1.0,1,0.5217436
26282,0.0,0,0.046771087
1440,0.0,0,0.10640847
28458,0.0,0,0.14764789
5634,0.0,0,0.124260284
7003,0.0,1,0.7552163
3843,0.0,0,0.169624
14762,0.0,0,0.23357378
3184,0.0,0,0.06701472
20738,0.0,1,0.6152266
5466,0.0,0,0.24372685
19687,1.0,1,0.56201
2616,0.0,0,0.07054396
25437,0.0,0,0.06258193
1061,1.0,0,0.33842123
25570,1.0,1,0.8036838
15398,0.0,0,0.06935151
22140,0.0,0,0.0803088
19454,1.0,0,0.27233917
26709,0.0,0,0.08013787
15120,1.0,1,0.62051004
29527,0.0,0,0.13078398
19163,0.0,0,0.068792515
8291,0.0,0,0.0320436
16140,0.0,0,0.045140248
7010,0.0,0,0.17320599
16762,0.0,0,0.12901485
14226,1.0,1,0.75746036
10386,0.0,0,0.15510318
4559,1.0,0,0.3763021
16885,1.0,0,0.17719239
19259,1.0,1,0.64034235
8373,0.0,0,0.03684165
10719,0.0,0,0.1607183
20991,0.0,1,0.59711164
12044,0.0,0,0.3848921
6354,0.0,0,0.35940698
24492,0.0,0,0.026773842
28579,0.0,0,0.013634508
9845,0.0,0,0.07166771
19702,0.0,0,0.04490468
7454,0.0,0,0.20680675
25806,0.0,0,0.13816172
15029,0.0,0,0.020578472
944,1.0,1,0.7116363
9021,0.0,0,0.046080835
27448,0.0,0,0.097531244
6452,0.0,0,0.08921982
4784,0.0,0,0.15595931
14214,0.0,0,0.14417112
7666,0.0,0,0.075929314
17837,1.0,1,0.71076536
27718,0.0,0,0.054030307
23847,0.0,0,0.38175607
3349,0.0,1,0.5376285
10168,1.0,0,0.21354234
28988,0.0,0,0.3332079
19456,0.0,0,0.06365244
24644,1.0,0,0.12328124
11872,0.0,0,0.11894418
9610,1.0,0,0.44554675
5171,0.0,0,0.30737695
18292,1.0,0,0.33568335
25638,0.0,0,0.014029037
17177,0.0,0,0.0597373
6136,0.0,0,0.05755181
12777,0.0,0,0.022539048
14525,0.0,0,0.025281716
2713,0.0,0,0.34695938
7531,1.0,1,0.7585749
4373,1.0,0,0.051471822
26417,0.0,0,0.08897207
9285,0.0,0,0.13035147
2207,0.0,0,0.12953636
21543,0.0,0,0.12016224
12853,0.0,0,0.04539048
16464,1.0,1,0.67995095
22043,0.0,0,0.18179965
27162,0.0,0,0.03532841
22263,1.0,0,0.044540986
4555,1.0,1,0.503515
11513,0.0,0,0.09331071
1404,0.0,0,0.05452939
2585,0.0,0,0.14295425
26787,0.0,0,0.07348735
23554,0.0,0,0.096945986
22777,1.0,0,0.08198366
19075,0.0,0,0.03608158
870,0.0,0,0.19475187
23023,0.0,0,0.06165277
23852,0.0,0,0.23401146
21223,0.0,0,0.1309767
10358,0.0,0,0.029931206
2710,0.0,0,0.16826014
20453,1.0,0,0.12042975
4708,1.0,0,0.3611053
8038,0.0,0,0.06206386
5930,0.0,0,0.11922306
19463,1.0,0,0.12055884
14199,0.0,0,0.107330404
29670,0.0,0,0.11752638
8528,0.0,0,0.07534396
22914,0.0,0,0.11273554
13955,0.0,0,0.3007471
7729,0.0,0,0.03792787
11516,0.0,0,0.047731817
10320,0.0,0,0.040495653
13622,0.0,0,0.07413342
9137,0.0,0,0.14062952
10747,0.0,0,0.20802477
19926,1.0,0,0.3452126
25983,0.0,0,0.41534895
14188,0.0,0,0.11758989
22497,1.0,0,0.13155384
11710,0.0,0,0.10412204
27741,0.0,0,0.08176769
12464,0.0,0,0.13899468
6594,0.0,0,0.103063956
23774,0.0,0,0.13577563
18780,0.0,0,0.073452406
8818,1.0,0,0.12215442
16630,0.0,0,0.16464159
21363,0.0,1,0.7345444
2781,1.0,0,0.16401309
4826,0.0,0,0.113642454
14549,0.0,0,0.1209936
14633,0.0,0,0.14473778
28532,1.0,1,0.84312963
22894,1.0,0,0.020326287
3767,1.0,1,0.81029433
10885,0.0,0,0.08585336
25098,1.0,0,0.23015074
22882,1.0,0,0.13080071
21577,0.0,0,0.119025595
245,0.0,1,0.6955606
9973,1.0,0,0.14143728
1979,0.0,0,0.12738131
11365,0.0,0,0.12667379
15622,0.0,0,0.01627488
24899,0.0,0,0.10607381
4666,0.0,0,0.023360483
25867,0.0,0,0.20139824
20573,1.0,0,0.45288917
14239,0.0,0,0.018519044
4154,0.0,0,0.045019154
25779,0.0,0,0.16559803
3558,0.0,0,0.057207458
213,0.0,0,0.120623015
3806,0.0,0,0.49586126
9490,0.0,0,0.10117096
12217,1.0,1,0.66854584
3147,0.0,0,0.10681587
15775,1.0,1,0.7075212
3781,0.0,0,0.08768647
23388,1.0,0,0.062481616
27641,0.0,0,0.12708604
7247,0.0,0,0.13422517
29247,0.0,0,0.34454516
13961,0.0,1,0.72033954
22662,0.0,0,0.15923846
28202,1.0,0,0.3441538
3748,0.0,0,0.09409237
18124,0.0,0,0.3849579
29767,0.0,0,0.4810017
17800,0.0,0,0.1193864
7785,1.0,0,0.2248999
11345,0.0,0,0.2166935
13120,0.0,0,0.06127812
22257,1.0,0,0.05442687
27706,0.0,0,0.09335602
5183,0.0,0,0.080704354
23113,0.0,0,0.24061686
29490,0.0,0,0.13073747
17134,1.0,1,0.5417161
12840,0.0,0,0.05509677
11814,1.0,1,0.5361696
29900,1.0,0,0.114356935
26408,0.0,0,0.16053683
15891,1.0,1,0.51669294
28915,0.0,0,0.14471772
21109,1.0,0,0.17697768
2675,0.0,0,0.089760676
7751,0.0,0,0.10772252
29449,0.0,0,0.43291706
25180,0.0,0,0.08364889
20784,0.0,0,0.02301514
20000,0.0,0,0.23198286
15226,1.0,1,0.55704534
6609,0.0,0,0.35753825
11962,0.0,0,0.030622918
19867,0.0,0,0.088769734
17558,0.0,0,0.074643634
18486,0.0,1,0.55312485
9529,0.0,0,0.12600121
28474,0.0,0,0.14644697
17258,1.0,0,0.13495372
785,1.0,0,0.24935304
571,0.0,0,0.094612636
22042,0.0,0,0.117325895
19246,0.0,0,0.14827858
3425,0.0,0,0.15363356
21248,0.0,0,0.2919354
15,0.0,0,0.026757482
6939,0.0,0,0.29181606
14264,0.0,0,0.08221328
1050,0.0,0,0.35388497
19809,0.0,0,0.13257606
26320,0.0,0,0.12865499
7168,0.0,0,0.13227032
15259,0.0,0,0.2485421
16088,1.0,0,0.13460962
27529,0.0,0,0.053477768
9003,1.0,0,0.42915216
7858,0.0,0,0.26657137
10623,1.0,0,0.1781047
8664,0.0,0,0.08260897
28352,0.0,1,0.65471417
29378,0.0,0,0.10228929
28490,0.0,0,0.08704687
7163,0.0,0,0.40223256
21148,1.0,0,0.33320886
7682,1.0,0,0.39626592
8147,0.0,0,0.15020162
2953,0.0,0,0.415211
24376,0.0,0,0.09903185
18708,0.0,0,0.3884942
10664,1.0,1,0.67257756
8908,0.0,0,0.111735955
6725,0.0,0,0.09144187
23305,0.0,0,0.14680131
6604,0.0,0,0.07045755
27532,0.0,0,0.02886516
17223,0.0,0,0.052722532
16074,0.0,0,0.050543863
21738,0.0,0,0.09900203
20732,0.0,0,0.1488889
7255,0.0,0,0.14719194
3367,0.0,1,0.5674906
2495,1.0,0,0.40525872
15785,1.0,1,0.5935644
25141,0.0,0,0.06509767
25730,0.0,0,0.020742629
21723,0.0,0,0.1274744
17740,0.0,0,0.42248404
10020,1.0,0,0.35954008
22940,0.0,0,0.053021237
462,0.0,0,0.12767242
20699,1.0,0,0.10151927
9476,1.0,0,0.2749753
28654,0.0,0,0.016017742
21212,0.0,0,0.0584705
26478,0.0,0,0.14679173
24277,0.0,0,0.07116319
10545,0.0,0,0.084732525
25685,0.0,0,0.027504928
14341,0.0,1,0.74401486
534,1.0,1,0.6213526
3531,0.0,0,0.1591245
11035,1.0,1,0.6295094
20571,0.0,0,0.054667756
22029,0.0,0,0.026469
9239,0.0,0,0.027245278
21010,0.0,0,0.16298148
9210,0.0,0,0.07489037
17824,1.0,0,0.4583358
24454,0.0,0,0.055164758
12526,1.0,0,0.20786443
22586,0.0,0,0.3745752
8959,1.0,0,0.014723867
27946,0.0,0,0.10651635
5167,0.0,0,0.14778636
11839,0.0,0,0.028185505
21381,1.0,1,0.86972445
18746,0.0,0,0.042762123
10743,0.0,0,0.119211145
10296,0.0,0,0.07470242
8187,0.0,0,0.018519936
3834,0.0,0,0.06313177
7548,0.0,0,0.088723585
17043,0.0,0,0.056881778
17601,0.0,0,0.44108105
25525,0.0,0,0.19771677
5344,0.0,0,0.37163785
6573,0.0,0,0.07075028
19884,0.0,0,0.09237371
21312,1.0,1,0.5434354
46,1.0,0,0.13006334
14957,0.0,0,0.098854326
13156,0.0,0,0.07183774
9970,0.0,0,0.049187325
13518,0.0,0,0.09654848
4419,0.0,0,0.08546381
1527,1.0,0,0.116657004
17414,1.0,1,0.82082725
27709,1.0,0,0.14214987
22637,0.0,0,0.05558902
15401,0.0,0,0.43155813
5936,0.0,0,0.13998988
23008,0.0,0,0.0801271
25812,0.0,0,0.08266911
8974,0.0,1,0.50906676
12364,0.0,0,0.058680978
8439,0.0,0,0.059118308
12629,0.0,0,0.32482073
24074,0.0,0,0.13557512
6163,0.0,0,0.1544414
12917,0.0,0,0.053429354
18817,0.0,0,0.015911447
16453,0.0,0,0.050195217
11234,0.0,0,0.41309184
7434,1.0,0,0.09450008
2808,0.0,0,0.18429138
11105,0.0,1,0.72895205
23389,0.0,0,0.010538071
6238,1.0,0,0.074410714
27425,1.0,0,0.21376139
1039,0.0,0,0.11867022
15654,0.0,0,0.17192832
14824,0.0,0,0.08923781
16783,1.0,1,0.5209918
974,0.0,0,0.091198206
28734,0.0,0,0.17914902
26583,1.0,0,0.10693493
25279,1.0,0,0.10148866
14078,0.0,0,0.06448402
4659,0.0,0,0.09910442
13488,0.0,0,0.047937673
1095,0.0,0,0.4784847
21607,0.0,0,0.11768765
22282,0.0,0,0.15897714
5730,0.0,0,0.2502126
5750,0.0,0,0.2949763
13731,1.0,0,0.37872434
26594,0.0,0,0.14845166
29185,1.0,0,0.36227566
17663,0.0,0,0.03173493
24047,0.0,0,0.09761047
20093,0.0,0,0.094694234
4898,0.0,0,0.094538115
23302,0.0,1,0.5570993
26491,0.0,0,0.35559282
8890,0.0,0,0.06514857
11849,0.0,0,0.05657198
16673,0.0,0,0.45893016
24415,0.0,0,0.119851775
6560,1.0,0,0.047245905
4944,0.0,0,0.116559446
8148,1.0,0,0.1433913
27279,1.0,0,0.117935345
2104,0.0,0,0.043263298
10677,0.0,0,0.039525256
18883,0.0,0,0.08171765
18309,0.0,0,0.120157935
18366,0.0,0,0.16204305
25721,1.0,0,0.1817797
2,1.0,0,0.43078282
4437,0.0,0,0.36276686
6161,1.0,0,0.34508473
13618,0.0,0,0.13137533
28242,0.0,0,0.44952455
21341,0.0,0,0.42484954
846,0.0,0,0.07716091
646,0.0,0,0.26361734
22199,0.0,0,0.08321086
22528,0.0,0,0.12667772
22781,0.0,0,0.10801451
10880,0.0,0,0.11984271
380,1.0,0,0.12888552
24618,1.0,1,0.64071655
11311,0.0,0,0.17860667
432,1.0,0,0.06997235
27734,0.0,0,0.29124802
17320,1.0,1,0.5575433
362,0.0,0,0.023828072
13186,1.0,0,0.100989744
17017,0.0,0,0.06966038
18331,0.0,0,0.060322326
16623,1.0,1,0.58762246
5676,0.0,0,0.19153647
747,0.0,0,0.13316408
20971,0.0,0,0.19644964
3611,0.0,0,0.049945004
84,0.0,0,0.14793748
10344,0.0,0,0.107012704
9508,0.0,0,0.47291565
18691,0.0,0,0.15366086
3035,0.0,0,0.07186906
4632,0.0,0,0.1475444
16761,0.0,0,0.08215553
28572,0.0,0,0.059504654
12637,0.0,0,0.16916116
14767,1.0,0,0.109450564
20436,0.0,0,0.18839078
1671,0.0,0,0.111399986
7317,1.0,0,0.038320534
3537,0.0,0,0.325786
14154,0.0,0,0.22548203
12355,0.0,0,0.1150353
28420,1.0,0,0.30662635
2574,0.0,0,0.12485973
6375,0.0,0,0.15101744
7576,0.0,0,0.046539407
6592,0.0,0,0.27896872
26220,0.0,0,0.0738196
9522,0.0,1,0.5183237
67,1.0,1,0.63299406
14880,0.0,0,0.04607526
16193,0.0,0,0.011394212
13916,0.0,0,0.077269785
28627,0.0,0,0.08834915
19932,1.0,0,0.36484542
6396,1.0,0,0.4889574
1049,0.0,0,0.11831586
11976,0.0,0,0.3935164
8861,0.0,0,0.29234657
13794,0.0,0,0.051773366
6515,1.0,0,0.49888492
9201,0.0,0,0.3520458
7563,0.0,0,0.24801847
27673,0.0,0,0.1275171
10143,0.0,1,0.8529768
24097,0.0,0,0.20118187
27642,0.0,0,0.13356829
11723,0.0,0,0.04566553
13980,1.0,0,0.11951163
24193,1.0,1,0.68026483
17759,1.0,0,0.43158448
26790,0.0,0,0.22263072
27371,0.0,0,0.057135355
19344,0.0,0,0.45225117
19758,0.0,1,0.50466233
2092,0.0,0,0.4966797
91,1.0,1,0.8637873
15090,0.0,0,0.090201646
17496,0.0,0,0.1493307
21813,0.0,0,0.33990365
1025,0.0,0,0.08003376
2594,0.0,0,0.051762585
1385,0.0,0,0.14219026
5532,0.0,0,0.13147333
5969,0.0,0,0.09158341
18192,0.0,0,0.13673186
23506,1.0,1,0.5287351
5012,1.0,0,0.05847726
8633,0.0,0,0.4675576
2171,0.0,0,0.055461735
310,0.0,0,0.08260877
10165,1.0,0,0.10275196
15143,0.0,0,0.14912793
22881,0.0,1,0.62601787
14355,1.0,0,0.43957466
21601,1.0,0,0.19224687
7939,0.0,0,0.11298835
27190,1.0,0,0.23450872
17062,0.0,0,0.32362658
25996,1.0,0,0.46816963
29515,0.0,0,0.108675376
13363,0.0,0,0.11871887
17121,0.0,0,0.23508312
17589,0.0,0,0.15599354
4915,0.0,0,0.3501286
6342,0.0,0,0.3262453
11645,0.0,0,0.12987043
24478,0.0,0,0.063235775
15144,0.0,0,0.04767392
27949,0.0,0,0.026447505
20011,1.0,0,0.45291474
8150,0.0,0,0.031124528
3299,1.0,1,0.5257261
4720,0.0,1,0.55468404
11659,1.0,0,0.49868804
11167,0.0,1,0.5356915
18975,0.0,0,0.014747045
8584,0.0,0,0.41435242
8948,1.0,0,0.17272379
22435,0.0,0,0.10830624
29135,0.0,0,0.06399619
9874,0.0,0,0.11983931
6130,1.0,0,0.34959358
10491,0.0,0,0.120079584
20502,0.0,0,0.10873948
22373,0.0,0,0.024317125
27303,0.0,0,0.09051346
18212,0.0,0,0.06214102
4338,0.0,0,0.07880036
27343,0.0,0,0.016698329
9000,0.0,0,0.21776381
12595,0.0,0,0.14063494
7095,1.0,0,0.1398443
9013,0.0,1,0.6201723
21751,0.0,0,0.1164959
15977,1.0,0,0.36150613
25915,0.0,0,0.14493978
674,1.0,1,0.71583045
5517,0.0,0,0.26952785
23452,0.0,0,0.31618544
29085,1.0,0,0.2723176
25593,0.0,0,0.016505992
4511,0.0,0,0.22086105
8207,0.0,0,0.15290523
11077,0.0,0,0.019580504
8056,1.0,0,0.1154256
13026,0.0,0,0.063582405
799,0.0,1,0.78707296
18269,0.0,0,0.13384107
388,1.0,1,0.56581944
17647,0.0,0,0.0646227
21,0.0,0,0.044447336
22003,0.0,0,0.06742126
15426,0.0,0,0.0855825
18306,0.0,0,0.13385172
15684,0.0,0,0.47640425
18270,0.0,0,0.07361492
22071,0.0,0,0.07091992
12247,0.0,0,0.11606392
17193,0.0,0,0.030595327
239,1.0,0,0.062342603
27935,0.0,0,0.052840434
1169,0.0,0,0.105493724
23403,0.0,0,0.11202635
8067,0.0,0,0.06966083
28575,0.0,0,0.10942837
13139,0.0,0,0.054198824
25076,0.0,0,0.044947844
20060,0.0,0,0.07249278
28358,0.0,0,0.20249118
25108,0.0,0,0.1334929
10576,1.0,1,0.77495843
28407,0.0,0,0.27231485
10837,0.0,0,0.13212219
8684,0.0,0,0.032655444
20329,0.0,0,0.24662662
21059,0.0,0,0.16711509
2053,0.0,0,0.13767055
227,0.0,0,0.13251963
21440,1.0,0,0.15702274
14600,0.0,0,0.11314685
14970,1.0,0,0.10109577
29632,0.0,0,0.15183483
6811,0.0,0,0.15473612
14052,0.0,0,0.08935619
27357,0.0,0,0.13336658
12488,0.0,0,0.14301406
21722,0.0,0,0.0897871
8809,1.0,1,0.52331406
12403,1.0,0,0.057078592
23872,0.0,0,0.13123429
4187,0.0,0,0.028095197
29310,1.0,1,0.50716954
8165,0.0,0,0.13646778
16583,1.0,0,0.12851322
5914,0.0,0,0.06260743
15973,1.0,1,0.61250085
2747,1.0,1,0.5626624
2271,0.0,0,0.09507477
9045,0.0,0,0.043219574
5288,0.0,0,0.04197677
23070,0.0,0,0.47507983
1226,1.0,0,0.20823339
17665,0.0,0,0.052620117
14836,0.0,0,0.08546571
3049,0.0,0,0.06670491
8668,1.0,0,0.16003303
6013,1.0,0,0.108241364
66,1.0,1,0.6198225
19484,0.0,0,0.056415763
2525,0.0,0,0.15869352
11520,1.0,0,0.1502375
19596,1.0,1,0.63192546
21840,0.0,0,0.080059454
3436,0.0,0,0.3210407
25899,0.0,0,0.08676992
5361,0.0,0,0.13980868
9811,0.0,0,0.28361058
25646,1.0,1,0.7538472
29254,0.0,0,0.1851988
25396,0.0,0,0.096849345
8958,0.0,0,0.081525646
14741,0.0,0,0.369024
19254,0.0,0,0.09611914
8933,1.0,0,0.45733625
21963,0.0,0,0.04116532
6176,0.0,1,0.69271165
24658,0.0,0,0.11309361
11712,0.0,0,0.07257594
13306,1.0,0,0.15183139
20593,0.0,0,0.15632421
3755,0.0,0,0.040621463
7618,1.0,0,0.3314944
23687,0.0,0,0.010866367
13034,0.0,0,0.07920308
4902,0.0,0,0.37185508
2553,1.0,0,0.1658946
9857,1.0,0,0.24799466
19782,0.0,0,0.16320384
24146,0.0,0,0.059922695
25039,0.0,0,0.01702597
6060,0.0,0,0.13421491
12276,0.0,0,0.11547639
24148,1.0,0,0.3685355
3912,0.0,0,0.26218504
27514,0.0,0,0.1867126
19286,1.0,0,0.07601206
20716,0.0,0,0.069739684
23514,0.0,0,0.13171071
16786,1.0,1,0.52666086
24894,0.0,0,0.075456955
7071,1.0,1,0.71174973
29171,1.0,0,0.46547323
7025,0.0,0,0.042318333
14471,1.0,1,0.5370232
11708,0.0,0,0.37019384
16072,0.0,0,0.11839122
26775,0.0,1,0.6403145
15989,1.0,0,0.061453994
613,0.0,0,0.16543208
2539,0.0,0,0.169379
6262,0.0,0,0.058227852
26504,0.0,0,0.16919453
7299,0.0,0,0.0808967
15614,0.0,0,0.17628811
27626,0.0,0,0.10745191
29086,0.0,0,0.34189832
18919,1.0,1,0.6824667
27024,0.0,0,0.15682498
23510,0.0,1,0.5437677
20718,0.0,0,0.13694097
2214,0.0,0,0.04721169
19714,0.0,0,0.0771239
26222,0.0,0,0.15123346
16857,0.0,1,0.6475412
10876,1.0,0,0.12438562
17402,0.0,0,0.108704455
3658,0.0,0,0.08322765
6288,0.0,0,0.036282636
12199,0.0,0,0.08345835
13190,0.0,0,0.061530128
27344,0.0,0,0.08803886
25873,0.0,0,0.069063306
12255,0.0,0,0.27763805
26395,0.0,1,0.5411757
27944,0.0,0,0.1288267
5707,0.0,0,0.016559038
28254,0.0,0,0.18882586
6654,1.0,0,0.08964613
21553,0.0,0,0.14986183
15718,0.0,0,0.0996858
7354,0.0,0,0.08878832
20706,0.0,0,0.11541411
19027,1.0,0,0.109007254
9359,0.0,0,0.031922314
18884,0.0,0,0.270516
21151,0.0,0,0.09985949
211,0.0,0,0.031269677
2248,1.0,0,0.4781681
23304,0.0,0,0.12748997
2086,0.0,0,0.26595703
19541,0.0,0,0.048285518
16393,0.0,0,0.08561349
22033,0.0,0,0.085065655
10137,0.0,0,0.1324009
11028,0.0,0,0.08309386
12961,0.0,0,0.117195755
1389,0.0,0,0.082934655
28368,0.0,0,0.15364364
24687,0.0,0,0.05495451
805,0.0,0,0.12730795
10593,0.0,0,0.18419008
27134,0.0,0,0.08165957
10755,0.0,0,0.073333286
6738,0.0,0,0.29777923
8179,1.0,1,0.763004
3251,0.0,0,0.034206614
21042,0.0,0,0.1162119
16581,0.0,0,0.028809553
18018,0.0,0,0.12205806
4832,1.0,0,0.064751856
14533,0.0,0,0.11134404
26467,1.0,0,0.032626867
23108,0.0,0,0.05046038
19937,0.0,0,0.46766657
2656,1.0,0,0.31766623
17949,0.0,0,0.1403276
2082,0.0,0,0.12090665
23252,0.0,0,0.12513942
14189,0.0,0,0.14657104
3552,0.0,0,0.043130316
20394,0.0,0,0.11717546
26378,0.0,0,0.01730616
18390,0.0,0,0.032045025
11631,0.0,0,0.043620873
10973,0.0,0,0.109130174
26488,0.0,0,0.18597952
6315,0.0,0,0.08773135
3060,0.0,0,0.0767277
11287,0.0,0,0.21836004
12916,0.0,0,0.06821625
27599,0.0,0,0.15190506
1484,0.0,0,0.061221585
13878,0.0,0,0.15038085
9597,0.0,1,0.5368868
17169,0.0,0,0.12567078
9883,0.0,0,0.2009666
2268,0.0,0,0.19053769
7983,0.0,1,0.5490518
18246,0.0,0,0.13102947
7918,0.0,0,0.12512703
5254,0.0,0,0.20971361
4276,1.0,0,0.49950582
15423,0.0,0,0.019478807
23603,1.0,1,0.55113447
3584,1.0,1,0.6965946
26249,0.0,0,0.109331235
27612,0.0,0,0.1438926
3424,1.0,0,0.15289354
18093,1.0,0,0.3527868
11330,0.0,0,0.14875327
789,0.0,0,0.13336688
619,0.0,0,0.098128095
27632,1.0,1,0.52253544
26549,0.0,0,0.16727623
27987,0.0,0,0.032765348
3031,0.0,0,0.08965189
17244,0.0,0,0.086943515
3672,0.0,0,0.095900685
27021,1.0,0,0.287591
10722,0.0,0,0.121726364
506,0.0,0,0.12890653
5717,0.0,0,0.021919623
18580,0.0,0,0.47576055
25491,0.0,0,0.360824
14194,0.0,0,0.12345079
27994,0.0,0,0.31720206
14139,0.0,0,0.1326374
28188,1.0,0,0.1422799
16381,1.0,1,0.53431076
25568,0.0,0,0.025337618
25245,0.0,0,0.089197546
22905,0.0,0,0.3029213
27121,0.0,0,0.044316642
4528,1.0,0,0.4920448
27499,1.0,0,0.40391132
16144,0.0,0,0.023002587
14008,1.0,0,0.15791036
27098,0.0,0,0.111517906
17473,0.0,0,0.09578874
6272,1.0,1,0.7325893
20183,0.0,0,0.04297091
15931,0.0,0,0.09496243
9187,0.0,0,0.19034636
7132,0.0,0,0.038890716
3590,1.0,1,0.70362633
825,1.0,0,0.1176979
9451,0.0,0,0.02436148
508,0.0,0,0.24450864
28185,0.0,0,0.09895753
17523,0.0,0,0.07019453
17708,0.0,0,0.38089225
8023,0.0,0,0.124841325
17185,0.0,0,0.030762544
18085,0.0,0,0.27052546
3585,0.0,0,0.06495102
20076,0.0,0,0.021480167
6443,0.0,0,0.090966366
2767,0.0,0,0.043466035
28205,1.0,0,0.18664521
2367,0.0,0,0.016422361
9111,1.0,1,0.89201283
2645,1.0,0,0.3618319
21575,0.0,0,0.079524785
865,0.0,0,0.033201367
2734,0.0,0,0.22215033
19488,0.0,0,0.2560619
28279,0.0,0,0.16343798
14278,0.0,1,0.5240352
13727,0.0,0,0.08289832
13705,0.0,0,0.019689554
525,0.0,0,0.024136547
16019,0.0,0,0.0106897075
1957,1.0,1,0.8736732
1108,0.0,0,0.1558119
4357,0.0,0,0.05323088
10323,0.0,0,0.42818648
24178,0.0,0,0.108766034
15388,0.0,0,0.05599902
20381,1.0,0,0.14357549
1355,0.0,0,0.14633471
3627,0.0,0,0.16440296
10773,0.0,0,0.36301488
4352,1.0,0,0.37211648
1566,0.0,0,0.13004754
18460,0.0,0,0.33400863
6712,0.0,0,0.12895869
12168,0.0,0,0.098131895
6564,0.0,0,0.10503968
13351,0.0,0,0.051382065
13650,0.0,0,0.02514342
11524,0.0,0,0.14213827
24756,0.0,0,0.09910216
5460,0.0,0,0.029862441
28065,0.0,0,0.14198802
1096,0.0,0,0.039397687
12974,0.0,0,0.08821034
23818,1.0,0,0.08142748
6695,0.0,0,0.17037888
22553,0.0,0,0.097669266
1826,0.0,0,0.09395983
1567,0.0,0,0.03704342
17241,0.0,0,0.3606369
11878,0.0,0,0.051346995
18096,0.0,0,0.03248791
307,0.0,0,0.072036564
22058,0.0,0,0.022329314
12282,1.0,1,0.5552628
12735,1.0,0,0.31090227
16407,1.0,0,0.13490607
8284,0.0,0,0.14633556
19800,0.0,0,0.13982423
5595,0.0,0,0.29545587
8856,1.0,0,0.11100321
26251,0.0,0,0.07148793
23052,0.0,0,0.22893047
24430,1.0,0,0.12403312
8171,0.0,0,0.06458884
19735,0.0,0,0.10192905
4808,0.0,0,0.089129776
29653,0.0,0,0.022955319
25795,0.0,0,0.08382324
10583,0.0,0,0.094258726
18490,1.0,0,0.3337963
7359,0.0,0,0.07701309
19575,0.0,0,0.04032341
21696,0.0,0,0.049274422
7512,0.0,0,0.11139928
8570,0.0,0,0.041451737
28322,1.0,0,0.10268136
6329,0.0,0,0.017126253
11370,0.0,0,0.1603749
21445,0.0,0,0.04951476
3069,0.0,0,0.060731515
2821,0.0,0,0.44306257
5680,0.0,0,0.21915685
2080,0.0,1,0.74758315
19505,0.0,0,0.19290584
20749,0.0,0,0.036717746
23880,0.0,0,0.08612179
27231,1.0,1,0.58338857
23539,0.0,0,0.034240723
21827,0.0,0,0.03348809
656,1.0,0,0.090894386
17599,1.0,0,0.389027
12083,0.0,0,0.14699952
20339,0.0,1,0.68252295
22515,0.0,0,0.10859926
26548,0.0,0,0.10109465
25855,0.0,0,0.083272375
9343,0.0,0,0.13612948
23705,1.0,1,0.82409567
14160,1.0,0,0.06606581
29913,0.0,0,0.07794873
11369,1.0,0,0.2530295
22253,0.0,0,0.046257917
14856,0.0,0,0.14154842
2698,0.0,0,0.13276553
24587,0.0,0,0.12160781
8118,1.0,0,0.35056543
25572,0.0,0,0.027728952
17673,0.0,0,0.024932869
8731,0.0,0,0.38076162
29581,0.0,0,0.06556644
13862,1.0,0,0.043968443
14726,0.0,0,0.13316287
5593,0.0,1,0.86025596
18510,0.0,0,0.13749167
16883,0.0,0,0.1255574
5450,0.0,0,0.08668754
2035,0.0,0,0.13158247
17380,0.0,0,0.49740666
13665,0.0,0,0.20776214
12039,0.0,0,0.048459895
14419,0.0,1,0.6899755
14718,0.0,0,0.49358746
13954,0.0,0,0.03228198
21589,0.0,0,0.09273828
7033,0.0,0,0.14890368
18867,0.0,0,0.10780566
14055,0.0,0,0.14373446
1603,0.0,0,0.065192245
6873,0.0,0,0.07957857
3931,0.0,0,0.19551991
8172,1.0,0,0.27398142
22827,0.0,0,0.11577905
29061,0.0,0,0.049262498
14863,0.0,0,0.09197972
28970,0.0,0,0.10673491
26873,0.0,0,0.16554491
26596,0.0,0,0.139417
11170,0.0,0,0.065809555
23396,0.0,0,0.1297961
9858,1.0,1,0.78327316
22739,0.0,0,0.054663613
22320,0.0,0,0.091650896
7660,0.0,0,0.44242612
11163,0.0,0,0.05395708
10186,1.0,0,0.043247424
7567,0.0,0,0.35528195
6499,0.0,0,0.12627497
3125,0.0,0,0.08481824
23644,0.0,0,0.08682847
9113,0.0,0,0.20913275
28237,0.0,0,0.03631837
3032,0.0,0,0.37415993
2778,0.0,0,0.05736266
29124,0.0,0,0.09352049
13493,0.0,0,0.12652409
4260,1.0,0,0.39836168
4896,0.0,0,0.086525366
23708,0.0,0,0.15278219
826,0.0,0,0.1941679
6960,0.0,0,0.07128728
189,0.0,0,0.13035165
9143,1.0,1,0.6107007
3137,0.0,0,0.114120774
5065,1.0,1,0.6797035
26668,0.0,0,0.15545762
4890,0.0,0,0.097193696
4864,1.0,0,0.116661765
18672,0.0,0,0.1914426
17754,0.0,0,0.031105239
16255,1.0,0,0.40834036
22550,0.0,0,0.30275992
25931,0.0,0,0.1537512
23974,0.0,0,0.1151356
26058,1.0,0,0.38028356
6895,1.0,1,0.86617553
28761,0.0,0,0.062284265
24369,0.0,0,0.14791739
15956,0.0,0,0.048587542
13435,0.0,0,0.111866534
17976,0.0,0,0.1277184
7974,0.0,0,0.48912087
3259,0.0,0,0.021016566
4194,0.0,1,0.67733896
16446,0.0,0,0.07391425
20721,0.0,0,0.04812183
25532,0.0,0,0.14681797
16847,0.0,0,0.07880351
21393,1.0,1,0.78390294
3673,1.0,0,0.14338487
781,0.0,1,0.5225956
2474,0.0,0,0.10261724
5409,0.0,0,0.05408301
14467,0.0,0,0.062044267
4624,0.0,0,0.16346033
15455,1.0,1,0.60618097
17094,0.0,0,0.16811195
2967,0.0,0,0.1334195
7258,1.0,0,0.10758757
17143,1.0,1,0.6238527
12322,0.0,0,0.39754122
5955,0.0,0,0.090797976
21052,0.0,0,0.13996573
28520,0.0,0,0.11716367
7892,0.0,0,0.07817259
436,1.0,1,0.52576375
8490,0.0,0,0.15676564
7123,1.0,1,0.51553416
18301,0.0,0,0.12731482
28039,1.0,0,0.11512535
13531,0.0,0,0.20161298
17620,1.0,1,0.6791747
13750,0.0,0,0.24021067
15304,1.0,0,0.06137278
15558,0.0,0,0.030906359
13424,1.0,0,0.34375882
21244,0.0,0,0.119329825
25095,0.0,0,0.049770404
22657,1.0,1,0.68260753
25852,1.0,1,0.51204777
24734,0.0,0,0.14089899
18512,1.0,0,0.11344181
24621,0.0,0,0.18544619
17005,0.0,1,0.7491774
24941,0.0,0,0.49104464
29261,0.0,0,0.18500245
10831,1.0,0,0.4189307
20465,1.0,1,0.6294269
13251,0.0,0,0.24491628
20632,0.0,0,0.06396013
3332,0.0,0,0.16182534
10888,0.0,0,0.08980304
26568,0.0,0,0.17482409
19744,0.0,0,0.022680944
29319,0.0,0,0.13415213
6047,0.0,0,0.0110916365
12319,1.0,1,0.6697779
11402,0.0,0,0.048801813
12297,1.0,0,0.039611656
3304,0.0,0,0.013810359
28938,0.0,0,0.10545427
7024,0.0,0,0.13018954
5478,0.0,0,0.100301616
18679,0.0,0,0.13230099
20576,0.0,0,0.017539738
23165,1.0,0,0.14738572
2937,0.0,0,0.15672359
27916,1.0,1,0.72817993
20025,0.0,0,0.103911735
18042,0.0,0,0.41538265
28669,0.0,0,0.063078694
15305,0.0,0,0.13620265
7005,0.0,0,0.2671567
18774,1.0,1,0.6122643
5922,0.0,0,0.16220951
24989,1.0,1,0.5208749
8442,0.0,0,0.16800481
27278,0.0,1,0.5313162
26473,1.0,0,0.082077004
1092,0.0,0,0.090971805
25706,0.0,0,0.010935811
488,0.0,0,0.044183362
14416,0.0,0,0.046170466
26345,0.0,0,0.13596165
6038,0.0,0,0.068098135
4997,0.0,0,0.065717
19225,0.0,0,0.024086192
20391,0.0,0,0.100078
21936,0.0,0,0.12826128
4763,1.0,0,0.4025883
4863,1.0,1,0.64616233
4241,0.0,0,0.11790043
8227,0.0,0,0.45514947
23244,0.0,0,0.074164405
11101,0.0,0,0.100063935
1426,0.0,0,0.085728936
27628,1.0,1,0.57462054
16132,0.0,0,0.33268693
15168,0.0,0,0.123852365
15403,0.0,0,0.069705725
5765,0.0,0,0.10204147
25514,0.0,0,0.08342597
23260,0.0,0,0.174506
2909,1.0,0,0.3500127
10531,0.0,0,0.16908245
29081,1.0,0,0.35651058
9854,0.0,0,0.15676183
6014,0.0,0,0.14838926
22,1.0,0,0.177328
13873,0.0,0,0.30000862
20427,0.0,0,0.14264852
4591,1.0,0,0.33086887
8034,0.0,0,0.13682269
11956,0.0,0,0.03589119
13824,0.0,0,0.17900115
25061,0.0,0,0.072437994
1535,0.0,0,0.14837562
28781,0.0,0,0.030468961
10835,0.0,0,0.2202927
2509,0.0,0,0.104944564
13725,0.0,0,0.12124313
7266,1.0,0,0.18738885
29160,0.0,0,0.062422298
19972,0.0,0,0.091585174
6245,0.0,0,0.059252374
27761,0.0,0,0.09810873
10390,1.0,1,0.78656995
19287,0.0,0,0.087573096
29277,0.0,0,0.1408652
16056,0.0,0,0.04227902
22291,1.0,1,0.59565574
16955,0.0,0,0.14140314
29438,0.0,0,0.14326508
12025,1.0,0,0.4470016
6762,0.0,0,0.3284668
10324,0.0,0,0.46594754
28566,0.0,0,0.1845763
8478,0.0,0,0.018092943
28817,0.0,0,0.09210708
3070,0.0,0,0.37853318
7162,1.0,0,0.11501933
29455,1.0,0,0.25057346
7402,0.0,0,0.17438675
15225,0.0,0,0.111940175
5644,0.0,0,0.20270313
165,0.0,0,0.104478374
17894,0.0,0,0.03248157
15788,0.0,0,0.15631555
13870,0.0,0,0.10350376
10058,0.0,0,0.09397335
10611,0.0,0,0.29608995
11760,0.0,0,0.058516335
18031,0.0,0,0.1300184
4893,0.0,0,0.11865219
5293,0.0,0,0.17793094
9038,0.0,0,0.41966385
28868,0.0,0,0.026178353
4104,0.0,0,0.07392089
18256,0.0,0,0.14511056
7170,1.0,0,0.26588362
4958,1.0,0,0.28696376
110,0.0,0,0.312839
2946,0.0,0,0.17495096
21346,0.0,0,0.09143002
29919,0.0,0,0.06837258
16343,0.0,0,0.036748674
24588,0.0,0,0.016149288
23435,0.0,0,0.07155245
5002,1.0,0,0.034398198
24134,0.0,0,0.067880824
2241,0.0,0,0.06007192
16665,0.0,0,0.04761907
25361,0.0,0,0.170861
28644,0.0,0,0.09306519
14434,0.0,0,0.105511956
6212,0.0,0,0.12366575
18840,0.0,0,0.06808773
3595,1.0,0,0.10859975
21895,0.0,0,0.41814643
10256,0.0,0,0.15658733
6991,0.0,1,0.5876382
28113,0.0,0,0.034555595
6120,1.0,1,0.6129856
21673,1.0,0,0.31212956
13204,0.0,0,0.030233566
7655,0.0,0,0.12629145
23737,1.0,0,0.18979658
17879,0.0,0,0.38450173
27429,1.0,0,0.1414876
23696,0.0,0,0.03210922
10796,0.0,0,0.074493356
6383,0.0,0,0.44352084
3351,1.0,1,0.73420477
93,0.0,0,0.11182083
5350,1.0,0,0.48603702
26518,1.0,0,0.15879205
8219,0.0,0,0.12472203
27233,0.0,0,0.15250671
24718,0.0,0,0.49962673
22009,0.0,0,0.04063313
3966,0.0,0,0.050158314
26912,0.0,0,0.091647975
22628,1.0,0,0.28286636
2857,0.0,0,0.18120754
22780,0.0,0,0.06956233
29174,0.0,0,0.17405319
6868,0.0,0,0.14238158
7327,0.0,0,0.10986184
28529,0.0,0,0.10537247
26221,0.0,0,0.15272687
23432,1.0,0,0.14575157
27270,0.0,0,0.14727058
5988,1.0,0,0.30497995
6178,1.0,0,0.1303709
18087,1.0,0,0.13029352
4933,0.0,0,0.17691575
28904,0.0,0,0.01381558
20179,0.0,0,0.11697135
206,0.0,0,0.17796867
4706,0.0,0,0.256417
20383,0.0,0,0.2089918
23237,0.0,0,0.39915702
9767,0.0,0,0.20440497
24595,1.0,0,0.39152908
8021,1.0,0,0.20283578
280,0.0,0,0.04560869
3132,0.0,0,0.04381967
25993,0.0,0,0.14054473
14945,0.0,0,0.08944761
10024,0.0,1,0.56433135
28502,0.0,1,0.51299024
21707,0.0,0,0.07495925
8963,0.0,0,0.09629244
19251,1.0,0,0.07048318
11398,1.0,0,0.14139973
8727,0.0,0,0.15287559
1444,0.0,0,0.12102636
6077,1.0,1,0.53957015
27651,0.0,1,0.62688345
28409,0.0,0,0.020151552
8987,0.0,0,0.09476643
15160,0.0,1,0.60743773
8481,0.0,0,0.07278773
5285,1.0,1,0.803875
12009,0.0,0,0.12816596
12360,0.0,0,0.12739967
27555,1.0,0,0.41584775
6428,0.0,0,0.10052823
10919,0.0,0,0.039059978
11563,0.0,0,0.045074727
5814,0.0,0,0.15397978
25735,0.0,0,0.08495248
18825,0.0,0,0.06019648
18264,1.0,0,0.099184915
23000,0.0,0,0.07158871
119,0.0,0,0.06621866
13944,1.0,0,0.4185162
21178,0.0,0,0.041503746
13906,0.0,0,0.058414206
3342,0.0,0,0.091585256
22748,0.0,0,0.111063175
8720,0.0,0,0.07025369
8560,0.0,0,0.091680735
23342,1.0,0,0.31488347
4049,1.0,1,0.55930084
14445,0.0,0,0.13521346
5873,0.0,0,0.060708124
16437,0.0,0,0.32839403
3502,0.0,0,0.01726243
24575,0.0,0,0.11782992
2081,0.0,0,0.07571042
3633,0.0,0,0.08272516
4014,1.0,1,0.68031114
4820,0.0,0,0.08882119
24556,0.0,0,0.11113945
12770,0.0,0,0.07848905
7314,1.0,0,0.16726218
7922,1.0,0,0.21937366
9230,0.0,0,0.09314714
23908,1.0,0,0.12440138
2479,0.0,0,0.33801398
2418,1.0,1,0.5216134
4410,0.0,0,0.23482725
4327,0.0,0,0.14124633
2188,1.0,1,0.64568424
15076,0.0,0,0.028804608
28634,1.0,1,0.6382686
9682,0.0,0,0.015747719
2794,0.0,0,0.05826028
17504,0.0,0,0.03405224
22177,1.0,0,0.25141138
338,0.0,0,0.1628884
7417,0.0,0,0.4936095
11379,0.0,0,0.063125715
10265,0.0,1,0.50719965
1395,0.0,0,0.07967515
14075,1.0,1,0.5081969
13853,0.0,0,0.08101258
13834,0.0,0,0.14231281
9002,0.0,0,0.055974934
25901,0.0,0,0.02596315
28484,0.0,0,0.152994
5767,0.0,0,0.10125072
1140,0.0,0,0.030015215
17584,1.0,0,0.08233989
14996,0.0,0,0.21639754
28004,0.0,0,0.07751904
25223,0.0,0,0.13516505
29705,0.0,0,0.1184778
25789,0.0,0,0.088141054
24926,0.0,0,0.19247894
13999,0.0,0,0.040213056
5261,1.0,1,0.5107639
9033,0.0,0,0.116487995
13592,0.0,0,0.07663031
9480,1.0,0,0.2889205
29727,1.0,1,0.7748635
23116,0.0,0,0.11232331
11895,0.0,0,0.16363715
12436,1.0,0,0.05946339
10247,0.0,0,0.0949855
26552,1.0,0,0.12410623
28554,0.0,0,0.18825825
20559,0.0,0,0.13875802
22089,0.0,0,0.1428992
21635,1.0,0,0.46322796
3340,1.0,0,0.059531294
17901,0.0,0,0.46743152
8228,1.0,0,0.12836526
21913,0.0,0,0.14331174
7305,0.0,0,0.04403021
19203,0.0,0,0.049709473
19416,1.0,0,0.11943455
18579,0.0,0,0.05647142
25705,1.0,0,0.36641324
18910,0.0,0,0.1364343
1469,0.0,0,0.12842076
5099,0.0,0,0.050697986
4676,0.0,0,0.093175165
22307,1.0,0,0.4011227
19996,0.0,0,0.14383738
22689,1.0,1,0.80288184
7838,0.0,0,0.029653778
7104,0.0,0,0.02740387
19136,0.0,0,0.1566916
11761,0.0,0,0.28083012
24155,1.0,1,0.61232
26817,0.0,0,0.08557788
10002,0.0,0,0.18266349
18214,1.0,0,0.12995644
11621,0.0,0,0.11419428
25006,0.0,0,0.37493762
11935,0.0,0,0.1748005
7011,0.0,0,0.10355722
15283,0.0,0,0.05543898
29842,0.0,0,0.03356911
28414,0.0,0,0.09943865
11630,0.0,0,0.15291236
29521,1.0,0,0.1360211
27461,0.0,0,0.1699911
10484,0.0,0,0.07719941
28174,1.0,0,0.13994187
28750,0.0,0,0.14726152
7916,0.0,0,0.036544457
22691,0.0,1,0.5195473
5589,0.0,0,0.091915786
15105,0.0,0,0.19230294
18543,0.0,0,0.07272364
26440,0.0,0,0.22227538
22369,0.0,0,0.08865727
3513,1.0,1,0.77936035
19047,0.0,0,0.021782108
27540,1.0,0,0.1264073
21703,0.0,0,0.37182644
16263,0.0,0,0.041498903
22544,1.0,0,0.35630518
28921,1.0,0,0.2975472
10724,0.0,0,0.018558025
11958,0.0,0,0.07989222
20614,0.0,0,0.14606993
5315,0.0,0,0.10062855
22482,0.0,0,0.08680552
16220,1.0,0,0.26471773
12055,1.0,0,0.33014923
5694,0.0,0,0.13434029
2683,0.0,0,0.15491302
1690,1.0,1,0.5234555
20448,0.0,0,0.15289739
27982,0.0,0,0.10706485
27191,0.0,0,0.48618174
8951,0.0,0,0.038435552
20625,0.0,0,0.15916052
14337,0.0,0,0.014832505
19922,0.0,0,0.12690437
7517,0.0,0,0.3881283
16907,0.0,0,0.096349284
16613,1.0,1,0.5838611
600,1.0,0,0.16028547
13132,0.0,0,0.13842608
10834,1.0,0,0.21736763
28219,0.0,0,0.13568531
15250,0.0,0,0.06602997
4142,0.0,1,0.5834342
278,0.0,0,0.1633623
9934,1.0,0,0.06192181
21649,0.0,0,0.1488284
16051,0.0,0,0.0845816
1284,0.0,0,0.11408887
22092,0.0,0,0.056499857
1217,0.0,0,0.048365515
24033,1.0,1,0.53965247
29093,0.0,0,0.23411687
9246,0.0,0,0.0924569
2077,0.0,0,0.22968477
11197,0.0,0,0.09860573
19506,0.0,0,0.06652508
10533,0.0,0,0.13206467
4399,0.0,0,0.02698122
29104,0.0,0,0.08572296
28078,0.0,0,0.13814455
28631,0.0,0,0.04683833
20636,0.0,0,0.09710085
14927,0.0,0,0.07367518
7377,0.0,0,0.42365527
17684,0.0,0,0.105241545
27923,1.0,1,0.5692334
18116,0.0,0,0.03594712
16534,0.0,0,0.13576043
761,1.0,0,0.48247325
1277,0.0,0,0.13883914
25155,1.0,1,0.54960215
18613,0.0,0,0.012930078
12926,0.0,0,0.19280107
17276,0.0,0,0.074636556
28268,0.0,0,0.06528752
29060,0.0,0,0.120279394
18296,1.0,0,0.21667159
9092,0.0,0,0.07081794
9716,0.0,0,0.41683805
527,0.0,0,0.47971147
8857,1.0,1,0.8158448
13574,0.0,0,0.058811255
971,1.0,0,0.04284762
6356,0.0,0,0.22180536
17173,0.0,0,0.061531674
11509,0.0,0,0.0650845
10519,0.0,0,0.086370334
15408,0.0,0,0.015549254
16661,0.0,0,0.08547081
12661,0.0,0,0.3773003
541,0.0,0,0.15415975
2855,1.0,1,0.7514447
20482,0.0,0,0.33559468
2670,1.0,0,0.09248267
475,0.0,0,0.12203398
24685,1.0,0,0.35310462
5143,0.0,0,0.11202292
6264,0.0,0,0.10800808
4290,0.0,0,0.09099001
15682,1.0,0,0.4406319
25257,0.0,0,0.33013666
1193,1.0,0,0.0843923
8729,0.0,0,0.06816777
27025,0.0,0,0.3880979
23895,0.0,0,0.16650176
14622,0.0,0,0.026750255
26011,0.0,0,0.05610878
24668,0.0,0,0.12053251
18574,1.0,0,0.06690218
1190,0.0,0,0.061694767
15161,1.0,0,0.344039
15667,0.0,0,0.3401614
8804,0.0,0,0.42457518
16104,0.0,1,0.73077655
23338,0.0,0,0.07992336
8350,0.0,0,0.45668742
3010,1.0,1,0.6249273
6498,0.0,0,0.48841548
20108,0.0,0,0.08787652
8569,0.0,0,0.102337725
2423,0.0,0,0.16544573
5297,0.0,0,0.10110946
35,0.0,0,0.06313769
6218,0.0,0,0.38096598
26909,0.0,0,0.12630633
6174,0.0,0,0.35864165
13969,1.0,0,0.33247316
24541,0.0,0,0.057794053
29430,0.0,0,0.1509734
11807,0.0,0,0.024087202
11314,0.0,0,0.15722546
27172,0.0,0,0.08213831
22820,0.0,0,0.012340012
11315,1.0,0,0.36758277
28097,1.0,1,0.5298337
28650,0.0,0,0.08439618
3263,0.0,0,0.15176582
25183,1.0,0,0.37047175
155,0.0,0,0.13711052
18297,1.0,0,0.39379814
27222,1.0,1,0.8025523
28800,0.0,0,0.1387699
26319,1.0,0,0.1823505
9133,0.0,0,0.12838866
8771,0.0,0,0.27295643
11212,1.0,0,0.46299413
29600,0.0,0,0.12147644
20864,0.0,0,0.118132755
21044,0.0,0,0.1636994
3745,0.0,0,0.039312202
28973,0.0,0,0.15310758
25520,0.0,0,0.28184435
3824,0.0,0,0.09074603
839,0.0,0,0.032761715
12164,0.0,1,0.73089147
27794,0.0,0,0.38657087
15052,0.0,0,0.04740128
842,0.0,0,0.030198347
17556,0.0,0,0.13711807
10304,0.0,0,0.19824164
21192,0.0,0,0.010594308
654,1.0,0,0.13397172
24380,0.0,0,0.10259136
21232,0.0,0,0.13023768
16274,0.0,0,0.1589378
26432,0.0,0,0.10196102
23830,0.0,0,0.15291952
25698,0.0,0,0.15199575
28628,0.0,0,0.12545569
20327,0.0,0,0.20952551
5442,0.0,0,0.06972659
13927,0.0,0,0.11777676
22711,1.0,0,0.16030224
20867,0.0,1,0.58669597
27202,0.0,0,0.13285755
9275,0.0,0,0.19961093
2828,0.0,0,0.07732094
28275,0.0,0,0.015473168
26544,0.0,0,0.13197957
7437,1.0,1,0.58363414
27871,0.0,0,0.120444894
24145,0.0,0,0.11390577
10376,0.0,0,0.07367488
26074,0.0,0,0.30315554
29365,0.0,0,0.16602573
21130,0.0,0,0.46964556
14956,0.0,0,0.12549028
13247,0.0,0,0.01762472
23466,1.0,1,0.52049094
23654,0.0,0,0.09187945
29513,1.0,0,0.21864137
17362,0.0,0,0.40586728
17214,1.0,1,0.5016901
10891,1.0,0,0.3122212
13095,0.0,0,0.4285579
15268,0.0,0,0.4756369
11226,0.0,1,0.59557503
3647,0.0,0,0.055530217
4704,1.0,1,0.5490647
19528,1.0,0,0.16549356
29212,0.0,0,0.14626189
4935,0.0,1,0.5457706
24619,0.0,0,0.19470006
29642,0.0,0,0.074183606
1844,1.0,0,0.089942805
15997,1.0,0,0.06864124
7411,0.0,0,0.16515642
25975,0.0,1,0.6069425
29904,0.0,0,0.14009856
28453,0.0,0,0.32265946
16598,0.0,0,0.03514336
16148,0.0,0,0.083306484
20896,0.0,0,0.1079822
23668,0.0,0,0.14934593
23468,0.0,0,0.038215667
21105,0.0,0,0.14714073
1148,0.0,0,0.10195127
17768,0.0,0,0.059980225
9723,0.0,0,0.039439086
15753,0.0,0,0.47749564
27451,0.0,0,0.05861739
29152,1.0,1,0.7828249
9796,1.0,0,0.049804762
3102,0.0,0,0.116829805
18582,0.0,0,0.106764376
8086,0.0,0,0.06149165
9729,0.0,0,0.094179206
16546,0.0,0,0.37188083
28886,0.0,0,0.16906483
470,0.0,0,0.13720897
5704,0.0,0,0.13301714
2037,0.0,0,0.027623188
28951,1.0,0,0.44097456
29187,0.0,0,0.42158458
24319,0.0,0,0.13912667
27144,0.0,0,0.26343933
19422,1.0,0,0.117974035
24928,0.0,0,0.2962177
28203,0.0,0,0.09413449
27229,1.0,1,0.7069962
4488,0.0,0,0.10987439
8454,1.0,0,0.038904566
9315,1.0,0,0.07133225
18683,1.0,0,0.08662128
29172,0.0,0,0.09083202
28963,0.0,0,0.13885182
1293,0.0,0,0.13408163
12351,0.0,0,0.22463217
11013,0.0,0,0.1673028
22117,0.0,0,0.059001356
12139,1.0,0,0.08307064
12721,0.0,0,0.20677812
15331,0.0,0,0.15476055
5193,0.0,0,0.17291962
6374,1.0,1,0.77606434
15691,0.0,0,0.4050683
22593,0.0,0,0.26713488
11241,0.0,1,0.5496509
29946,0.0,0,0.18021785
29328,0.0,0,0.08808331
14380,0.0,0,0.06041956
20127,0.0,0,0.24618658
19365,0.0,0,0.07922542
16469,0.0,0,0.15109116
24063,0.0,0,0.40044123
24824,0.0,0,0.1516152
4967,0.0,0,0.14337775
26713,0.0,1,0.74128866
19838,0.0,0,0.092892
22047,0.0,0,0.025172863
28012,0.0,0,0.03296942
4369,1.0,0,0.21313114
18771,1.0,0,0.35891283
1912,0.0,0,0.06763623
16336,0.0,0,0.29385853
9942,0.0,0,0.3813753
23109,0.0,0,0.367031
28698,0.0,0,0.033546284
27388,0.0,0,0.14972855
5844,0.0,0,0.14853495
29936,1.0,0,0.10454637
19748,0.0,0,0.11179372
5671,0.0,0,0.17857723
1785,0.0,0,0.16286923
18166,0.0,0,0.12861125
2454,0.0,0,0.331912
13861,0.0,0,0.42498925
1708,0.0,0,0.034755543
8317,0.0,0,0.047738448
13350,0.0,0,0.030083233
16402,0.0,0,0.38529676
27403,0.0,0,0.15013677
2952,0.0,0,0.1648161
114,0.0,0,0.053718362
15729,0.0,0,0.09358311
16819,0.0,0,0.13781536
11005,0.0,0,0.06211241
24076,0.0,1,0.64311945
6794,0.0,0,0.049691983
13934,0.0,0,0.05134847
19952,0.0,0,0.13952965
10615,0.0,0,0.2073125
8205,0.0,0,0.073026754
2732,1.0,0,0.07759718
19091,0.0,0,0.09492025
13620,1.0,1,0.55395544
22096,0.0,0,0.107216254
16010,0.0,0,0.31848568
23353,1.0,0,0.15084584
25844,0.0,0,0.042782947
18587,0.0,0,0.16290352
4885,1.0,1,0.6283882
19221,1.0,1,0.573561
17077,1.0,1,0.6467719
29207,0.0,0,0.1538417
13273,0.0,0,0.29605007
17176,0.0,0,0.07129995
7607,1.0,0,0.09346697
19899,1.0,0,0.47928494
7198,0.0,0,0.07363511
8121,0.0,0,0.1011761
4770,1.0,1,0.57738364
19305,0.0,0,0.21499927
20717,0.0,0,0.081294715
2246,0.0,0,0.122886844
19014,1.0,0,0.1340946
28768,0.0,0,0.07969018
6202,1.0,0,0.10329384
18004,0.0,0,0.48512316
9138,0.0,0,0.06673077
5949,0.0,0,0.039128046
5616,0.0,0,0.020942999
8170,0.0,0,0.11255289
24626,0.0,0,0.04201911
5438,0.0,0,0.03522012
25754,0.0,0,0.25865942
3362,0.0,0,0.23040885
16322,0.0,0,0.22452717
13604,1.0,0,0.15657023
14508,0.0,0,0.04770985
12540,1.0,0,0.17419896
22793,0.0,0,0.11980879
14395,0.0,0,0.022285616
20870,0.0,0,0.18747327
21702,1.0,1,0.5457975
11152,1.0,1,0.7564439
2427,0.0,0,0.39660507
26380,0.0,0,0.29894504
18109,0.0,0,0.061654083
29691,0.0,0,0.08101417
1961,1.0,1,0.5435369
24920,0.0,0,0.33599085
5554,0.0,0,0.263099
7298,0.0,0,0.031293605
25425,0.0,0,0.13020389
27352,0.0,0,0.14184493
24552,1.0,0,0.078875326
21505,0.0,0,0.26482162
8523,0.0,0,0.15580595
729,0.0,0,0.02334805
16313,0.0,0,0.11557707
18652,0.0,0,0.17718087
886,0.0,0,0.097915195
14354,0.0,0,0.14772062
7716,0.0,0,0.28134537
18864,0.0,0,0.030967671
18660,0.0,0,0.38241568
18577,0.0,0,0.39328268
11649,0.0,0,0.35142174
6068,0.0,0,0.10898199
26551,1.0,0,0.07977054
6386,0.0,0,0.06734726
28444,0.0,0,0.07138243
19616,0.0,0,0.09948814
1261,0.0,0,0.040044483
7904,0.0,0,0.15401486
21241,0.0,0,0.42521602
9417,0.0,0,0.06038784
29934,0.0,0,0.39198342
14697,0.0,0,0.20016508
11756,0.0,0,0.11623305
15700,0.0,1,0.56583875
24349,0.0,0,0.069331385
11537,0.0,0,0.1823904
9664,0.0,0,0.087820314
7233,0.0,0,0.19173868
17208,1.0,1,0.78528833
986,1.0,0,0.16347384
13413,1.0,0,0.16235283
578,0.0,0,0.24057506
852,0.0,0,0.46484214
18485,0.0,0,0.16754392
11382,1.0,0,0.07278622
28413,0.0,0,0.028405406
4358,0.0,1,0.52463967
28602,0.0,0,0.059051663
7347,0.0,0,0.14901476
1292,0.0,0,0.13751522
9593,0.0,0,0.03493279
21418,0.0,0,0.095199384
7061,0.0,0,0.2956227
22867,0.0,0,0.18934353
6622,1.0,1,0.60021234
7405,1.0,0,0.14093855
12728,0.0,0,0.021726955
9216,1.0,0,0.28050274
15744,0.0,0,0.10102982
5761,0.0,0,0.15863553
22215,0.0,0,0.145431
22073,0.0,0,0.110758156
24598,0.0,0,0.04856493
8873,0.0,0,0.015591512
1353,0.0,0,0.087737955
28172,0.0,0,0.13902047
8357,0.0,0,0.23666665
6735,0.0,0,0.042547304
11046,0.0,0,0.07443913
3203,0.0,0,0.07527499
23434,0.0,0,0.06019379
14623,0.0,0,0.033373833
18095,1.0,1,0.85132676
715,0.0,0,0.11662106
26119,0.0,0,0.034847856
5824,0.0,0,0.11942804
15312,0.0,0,0.19290093
14835,0.0,0,0.056970228
22329,0.0,0,0.063878044
26830,1.0,0,0.14391492
27835,0.0,0,0.032283306
18463,0.0,0,0.35084692
23563,1.0,0,0.37343127
29616,1.0,0,0.34027353
18394,1.0,1,0.6381459
22286,1.0,1,0.56796163
25529,0.0,0,0.15380295
10468,0.0,1,0.7229778
29227,0.0,0,0.19318445
22989,0.0,0,0.014623604
27963,0.0,0,0.41078678
2605,0.0,0,0.11331816
23042,0.0,0,0.054428097
25817,0.0,0,0.1769206
18392,0.0,0,0.054551657
16425,0.0,0,0.037124254
24924,0.0,0,0.013574914
17849,0.0,0,0.32206464
572,0.0,0,0.11828626
6737,0.0,0,0.13145821
20517,0.0,0,0.034565136
20645,1.0,0,0.34703496
8567,0.0,0,0.0465466
17253,0.0,1,0.56944215
25699,0.0,0,0.0754322
28220,0.0,0,0.15532838
4332,0.0,0,0.11578012
5946,0.0,0,0.08248335
2707,1.0,1,0.6048703
2254,0.0,0,0.17734548
28269,0.0,0,0.28581578
21150,0.0,0,0.21967769
10985,0.0,0,0.13614537
16491,1.0,1,0.5791565
29571,1.0,1,0.81509376
15213,1.0,0,0.27084467
19241,0.0,0,0.061265588
13210,1.0,0,0.40412042
11818,0.0,1,0.74541247
10591,0.0,0,0.13265255
24923,0.0,0,0.03902747
12155,0.0,1,0.673313
164,0.0,0,0.31143442
244,0.0,0,0.36455604
28090,0.0,0,0.057680752
28590,0.0,0,0.049067028
23239,0.0,0,0.14085206
18165,1.0,0,0.09927551
10476,0.0,0,0.12570603
10696,1.0,1,0.58176047
12635,0.0,0,0.026545567
7334,0.0,0,0.13345115
24886,0.0,0,0.09000838
1459,1.0,0,0.1041034
264,0.0,0,0.053220525
2523,0.0,0,0.123753645
29578,1.0,0,0.3556581
23187,1.0,0,0.12705848
29140,0.0,0,0.117447816
5888,0.0,0,0.021508748
20709,0.0,0,0.102682434
7935,1.0,0,0.17456469
16295,1.0,1,0.7066175
28084,0.0,0,0.14364332
27203,0.0,0,0.15659854
27785,0.0,0,0.043781303
12564,0.0,0,0.08130883
7891,0.0,0,0.06719561
9837,0.0,0,0.061958134
19210,0.0,0,0.14018446
14802,0.0,0,0.26698104
15574,0.0,0,0.48295334
19281,0.0,0,0.16893084
29650,0.0,0,0.08641292
1796,0.0,0,0.29967096
6069,0.0,0,0.069989145
3819,0.0,0,0.19699302
24682,0.0,0,0.016897596
18684,0.0,0,0.2071706
15309,0.0,1,0.5534981
2998,0.0,0,0.20881371
11205,0.0,1,0.5889498
6336,0.0,0,0.019375544
10356,0.0,0,0.07637539
1038,1.0,0,0.08163976
2564,0.0,0,0.16677777
29531,0.0,0,0.18718615
24642,0.0,0,0.10142475
3406,0.0,0,0.019128198
8293,1.0,0,0.15205292
17024,1.0,0,0.10167663
14976,1.0,0,0.21728723
17376,0.0,0,0.41165596
7774,0.0,0,0.16289693
8101,0.0,0,0.101185724
7803,1.0,1,0.7232439
5577,1.0,0,0.15793678
27844,0.0,0,0.37151456
15453,0.0,0,0.3248927
26610,1.0,1,0.60915625
8181,1.0,0,0.15344384
17650,1.0,1,0.7643031
20854,0.0,0,0.16111957
34,0.0,0,0.04334161
22558,0.0,0,0.15753208
10306,0.0,0,0.11131988
12998,1.0,1,0.728478
11060,0.0,1,0.57423764
27783,0.0,0,0.08446949
13787,0.0,0,0.02452392
10936,0.0,0,0.33571854
8497,0.0,0,0.3322026
15594,1.0,0,0.39938328
26660,0.0,0,0.37135687
18364,0.0,0,0.08513467
23938,0.0,0,0.07743167
3634,1.0,0,0.11424793
12951,0.0,0,0.16490798
15795,0.0,0,0.16705109
25745,0.0,0,0.13478951
4816,0.0,0,0.1475384
29550,0.0,0,0.070890665
7172,0.0,0,0.14208572
20249,1.0,0,0.37027487
544,0.0,0,0.049809862
24122,0.0,0,0.10007581
10415,0.0,0,0.3067639
9155,0.0,0,0.024826065
10047,1.0,0,0.09327168
3004,1.0,0,0.41367158
29468,0.0,0,0.050003514
14925,0.0,0,0.08186105
21631,0.0,0,0.24176937
29983,1.0,0,0.14115189
21476,0.0,0,0.06865583
23859,0.0,0,0.086082205
15800,0.0,0,0.37985134
21274,1.0,1,0.8421908
27886,1.0,0,0.093297035
13030,1.0,0,0.26469123
7342,0.0,0,0.14143468
26875,0.0,0,0.02874827
2611,0.0,0,0.018135417
4166,1.0,0,0.48236775
19434,1.0,0,0.3061547
18804,0.0,0,0.019499956
19742,0.0,0,0.06523838
21494,1.0,0,0.064608
20995,0.0,0,0.14471135
16796,0.0,0,0.020711895
4478,0.0,0,0.075028345
29429,0.0,0,0.14938916
24774,0.0,0,0.17956577
9307,0.0,0,0.22342962
9450,1.0,0,0.1757027
25072,0.0,0,0.40506232
14728,1.0,0,0.20062488
29400,0.0,0,0.115414746
12634,0.0,0,0.13194406
27528,1.0,0,0.057250462
6451,0.0,0,0.137492
14538,1.0,0,0.145422
12991,1.0,1,0.5215423
22939,0.0,0,0.07997867
1522,0.0,1,0.76432025
6490,1.0,0,0.16606095
8318,0.0,0,0.12535721
15254,0.0,0,0.022957413
16277,1.0,0,0.026030952
10828,0.0,0,0.3663532
17627,0.0,0,0.2760449
7188,0.0,1,0.5430973
17694,0.0,1,0.5600449
27644,1.0,1,0.5710186
22227,0.0,0,0.101269126
26857,1.0,0,0.15329275
29917,0.0,0,0.026751745
5805,0.0,0,0.07073156
20468,0.0,0,0.16642399
23994,0.0,0,0.22209142
19991,0.0,0,0.21111634
1110,0.0,0,0.3602507
10343,0.0,0,0.16241832
23340,1.0,0,0.46690544
23684,0.0,0,0.0971623
14089,0.0,0,0.34443054
8435,0.0,0,0.11485174
11099,0.0,1,0.5618523
9465,0.0,0,0.088488474
22834,0.0,0,0.043918792
2482,0.0,0,0.11867995
24709,0.0,0,0.42962417
15946,0.0,0,0.034899395
13100,0.0,0,0.12787125
19061,1.0,0,0.18684281
26163,0.0,0,0.048924476
9158,0.0,0,0.01874879
20345,0.0,0,0.04224733
12872,0.0,0,0.09476207
2563,1.0,1,0.69814295
6496,0.0,0,0.07453862
8065,0.0,0,0.23398913
1934,0.0,0,0.2089382
24849,0.0,0,0.03828206
5016,0.0,0,0.14076371
15520,0.0,0,0.18160231
24093,0.0,0,0.44993702
17988,0.0,0,0.046821486
9802,1.0,0,0.03614589
28124,1.0,0,0.3727361
23472,0.0,0,0.41408604
22590,0.0,0,0.06497859
18634,0.0,0,0.04929411
24003,0.0,0,0.03564628
20090,0.0,0,0.21265416
9447,0.0,0,0.11276185
64,1.0,0,0.2122905
9252,0.0,0,0.44389218
15067,0.0,0,0.16530162
19605,0.0,0,0.26815405
29347,0.0,0,0.033446886
25994,0.0,0,0.080801316
2433,1.0,1,0.6558872
14280,1.0,0,0.114435986
25537,0.0,0,0.29862425
29414,1.0,1,0.696383
10622,0.0,0,0.11059049
13400,1.0,0,0.26442254
26330,0.0,0,0.12825882
6943,1.0,0,0.34131134
13412,0.0,0,0.03576156
13539,0.0,0,0.07208225
22530,0.0,0,0.43872738
29635,0.0,0,0.03379575
18820,0.0,0,0.15147226
263,0.0,0,0.22556856
1397,1.0,1,0.51688045
15981,0.0,1,0.5148493
21632,0.0,0,0.03686834
25837,0.0,0,0.07328288
27581,1.0,1,0.75289035
3577,0.0,0,0.026065703
17103,0.0,0,0.34494936
26812,0.0,0,0.16890222
5796,0.0,0,0.051454667
28115,0.0,0,0.16532886
16842,0.0,0,0.15734765
4683,0.0,0,0.022867918
22367,0.0,0,0.17208703
5057,1.0,1,0.7349433
19356,0.0,0,0.029286383
8834,0.0,0,0.44745725
7472,0.0,0,0.06208371
5625,0.0,0,0.0811303
15123,0.0,0,0.13231185
697,0.0,0,0.12650003
22730,0.0,0,0.38452268
12179,0.0,0,0.028698377
12844,0.0,0,0.12057652
12773,1.0,1,0.663062
4660,1.0,1,0.8388333
261,0.0,0,0.009703385
27637,0.0,0,0.31946278
13126,0.0,0,0.14423352
17604,0.0,0,0.03176052
17319,0.0,1,0.5420818
27537,1.0,1,0.89095795
8273,0.0,0,0.15327603
15698,0.0,0,0.10506372
29541,1.0,0,0.1728684
25432,0.0,0,0.18517634
1036,1.0,1,0.5028189
12028,0.0,0,0.10927284
15103,0.0,0,0.36930454
7661,1.0,0,0.3749718
18284,0.0,0,0.16289587
9219,1.0,0,0.20514177
28618,0.0,0,0.07348651
20171,1.0,0,0.1513072
28691,0.0,0,0.10451163
17427,0.0,0,0.3764965
18316,0.0,0,0.09053916
2712,0.0,0,0.4291328
1754,0.0,0,0.1012856
8092,0.0,0,0.29324436
13434,0.0,0,0.14861816
25156,0.0,1,0.6170034
18410,1.0,0,0.36684152
7975,0.0,0,0.14009374
2444,0.0,0,0.4245448
25241,0.0,0,0.047953077
13534,0.0,0,0.1424597
16690,1.0,1,0.84012693
4557,0.0,0,0.29369566
3371,1.0,0,0.17257576
24450,0.0,0,0.45294225
5392,0.0,0,0.15144925
21146,0.0,0,0.20796606
18026,0.0,0,0.18367456
15042,0.0,0,0.09940855
8047,0.0,1,0.7987922
13007,0.0,0,0.14007019
8049,1.0,1,0.77164155
15376,0.0,0,0.058499053
16070,0.0,0,0.106903605
18966,0.0,0,0.028160209
22400,0.0,0,0.12273578
14418,0.0,0,0.0515544
13114,0.0,0,0.17613772
20466,0.0,0,0.27757204
10286,0.0,0,0.01849937
8649,0.0,0,0.11744819
2354,0.0,0,0.051137224
4349,0.0,0,0.18139264
17598,0.0,0,0.1118627
3074,1.0,0,0.04192184
9036,0.0,0,0.14420949
18950,0.0,0,0.032284524
18275,0.0,0,0.04837355
22804,0.0,0,0.036293767
6804,0.0,0,0.1997576
9937,0.0,0,0.15465431
21884,0.0,0,0.07081134
4658,0.0,0,0.09842817
9564,0.0,0,0.11926997
7059,0.0,0,0.08292274
26539,0.0,0,0.13272306
28807,1.0,0,0.18743347
9136,0.0,1,0.5570287
7073,0.0,0,0.16145575
29009,0.0,0,0.056298114
24695,0.0,0,0.13435344
5592,0.0,0,0.37106746
16257,0.0,0,0.0930945
19030,1.0,0,0.363248
3808,0.0,0,0.06338259
6526,0.0,0,0.03339234
5751,1.0,1,0.6665465
27423,0.0,0,0.15828133
6656,0.0,0,0.06452661
23996,0.0,1,0.5429596
6730,1.0,0,0.4118151
22842,0.0,0,0.08547437
20132,0.0,0,0.102670774
2269,1.0,1,0.76154536
24198,1.0,1,0.75167394
19355,1.0,0,0.3593736
15297,0.0,0,0.09949903
12549,0.0,0,0.1366004
11059,0.0,0,0.070217475
22386,1.0,0,0.09535391
19417,1.0,0,0.1769992
17166,0.0,0,0.1998664
10902,0.0,0,0.103962645
15910,0.0,1,0.5246418
14808,0.0,0,0.48617187
28629,0.0,0,0.061720777
16831,0.0,0,0.12601888
11040,0.0,0,0.35584787
28071,0.0,0,0.050200198
8784,0.0,0,0.32063964
9542,0.0,0,0.13523963
26172,0.0,0,0.07936768
11267,1.0,1,0.7640962
3989,0.0,0,0.16036871
8005,1.0,0,0.06692581
1950,0.0,0,0.04094707
22113,0.0,0,0.124910675
13505,1.0,0,0.40150398
970,0.0,0,0.06230529
1206,1.0,0,0.05677709
10933,0.0,0,0.45447448
13626,0.0,0,0.06541126
21612,0.0,0,0.32099262
6307,0.0,0,0.026434131
4325,0.0,1,0.551941
6835,0.0,0,0.15478797
4558,0.0,0,0.24411802
15907,0.0,0,0.06729408
17167,0.0,0,0.124145225
22334,0.0,0,0.034774862
2759,0.0,0,0.112480685
7068,0.0,1,0.7914072
23099,0.0,0,0.027497392
8676,0.0,0,0.024495777
23657,0.0,0,0.3033018
14205,1.0,0,0.34897164
21530,0.0,0,0.077896275
28989,1.0,0,0.3989414
24402,0.0,0,0.105690025
21012,0.0,0,0.1370139
2455,0.0,0,0.017217133
800,0.0,0,0.050475772
10879,0.0,1,0.5009214
7401,0.0,0,0.10935613
29260,0.0,0,0.079343945
13657,0.0,0,0.40440404
23279,0.0,0,0.095819555
15883,0.0,0,0.14084359
11464,0.0,0,0.13120493
9498,0.0,0,0.016045047
2387,0.0,0,0.19938101
13172,0.0,0,0.034149162
19878,0.0,0,0.14758612
23691,0.0,0,0.12962043
2702,0.0,0,0.34234643
17682,1.0,0,0.16384663
17570,1.0,0,0.4030937
24199,0.0,0,0.41019887
29288,0.0,1,0.5080527
21709,0.0,0,0.34985
18930,0.0,0,0.090293095
8149,1.0,1,0.52826005
3065,0.0,0,0.015421302
29177,1.0,0,0.47599572
29978,0.0,0,0.024532072
6338,0.0,0,0.47116393
26305,0.0,0,0.051585592
25589,0.0,0,0.08832413
26368,1.0,0,0.17559145
10258,0.0,0,0.087228365
3113,0.0,0,0.009785817
23146,0.0,0,0.12664053
4393,0.0,0,0.18095534
15353,0.0,0,0.34701863
8062,0.0,0,0.14015387
29986,0.0,0,0.13032106
18700,0.0,0,0.045050763
8433,0.0,0,0.27453557
5677,0.0,0,0.17300227
2431,1.0,0,0.15779808
27145,0.0,0,0.04632666
10488,1.0,0,0.13267355
21107,0.0,0,0.10628381
27331,0.0,0,0.073428
3583,0.0,0,0.08052028
10052,0.0,0,0.06995363
27996,0.0,0,0.100280605
27980,0.0,0,0.14123555
6859,0.0,0,0.12907134
29320,0.0,0,0.06861616
26421,1.0,0,0.079281196
12717,0.0,0,0.10519307
11329,0.0,0,0.030456161
27181,0.0,0,0.07759677
9532,1.0,0,0.16628626
29843,0.0,0,0.035542518
23484,0.0,0,0.17090492
26932,0.0,0,0.11891192
3863,0.0,0,0.08870297
28591,1.0,1,0.50295424
10546,0.0,0,0.28274408
1078,0.0,0,0.011334602
6199,0.0,1,0.5363965
17621,0.0,0,0.07093092
28539,0.0,0,0.10031563
26455,1.0,1,0.5450176
28235,0.0,0,0.06625634
1236,1.0,0,0.12605995
23630,0.0,0,0.09392695
13498,1.0,0,0.22109184
18951,1.0,0,0.403536
24091,0.0,0,0.04579
250,0.0,0,0.14486821
18435,0.0,0,0.06349192
4831,0.0,0,0.09642473
1973,0.0,0,0.082091935
25864,0.0,0,0.06123326
12568,0.0,0,0.07744097
11754,0.0,0,0.055491913
27507,1.0,0,0.1342925
14402,0.0,0,0.4191288
26807,0.0,0,0.014507499
29030,0.0,0,0.0510201
20241,0.0,0,0.1703397
25182,0.0,0,0.16497564
14972,1.0,0,0.3554187
8355,0.0,0,0.13626081
6412,0.0,0,0.16205631
8119,1.0,0,0.31905666
26260,0.0,0,0.31832308
27823,0.0,0,0.16078317
16250,0.0,0,0.15447141
4814,0.0,0,0.06396993
14749,0.0,0,0.1139634
24390,0.0,0,0.066843875
17086,1.0,1,0.5264086
28692,0.0,0,0.032863546
5328,0.0,0,0.053105842
2091,0.0,0,0.3145981
25508,0.0,0,0.062858105
15181,1.0,0,0.3311865
5415,0.0,0,0.037610188
23600,0.0,0,0.058132797
17775,1.0,1,0.71831906
2244,1.0,0,0.41138104
2458,0.0,1,0.77115124
28427,0.0,1,0.619259
2396,0.0,0,0.08567465
3947,0.0,0,0.14171517
28314,0.0,0,0.14549713
9427,0.0,0,0.45243353
17738,1.0,0,0.49713126
22635,0.0,0,0.12482232
5894,0.0,0,0.07005095
8983,0.0,0,0.026487283
25153,0.0,0,0.13478793
355,0.0,1,0.68364394
14885,1.0,0,0.16516685
6119,0.0,0,0.06750802
6426,0.0,0,0.10225593
25913,0.0,1,0.6586786
2445,0.0,0,0.45678973
2687,0.0,0,0.012436218
18320,0.0,0,0.12290384
13175,0.0,0,0.08327958
25451,0.0,0,0.14449182
24360,1.0,0,0.3910178
19815,1.0,1,0.64756197
29563,0.0,0,0.054956123
11853,0.0,0,0.20792386
10957,0.0,0,0.11778902
28238,0.0,0,0.049531266
8091,1.0,1,0.5746558
26866,1.0,1,0.71668553
3198,0.0,0,0.12037917
6244,0.0,0,0.41679728
15271,1.0,0,0.15883198
15085,1.0,0,0.10418573
17462,1.0,0,0.19122678
28711,0.0,0,0.11388524
14865,1.0,0,0.3044787
10433,1.0,0,0.14296035
13130,0.0,0,0.16913223
29652,1.0,1,0.55111253
254,0.0,0,0.025586773
6494,0.0,0,0.48564804
15703,0.0,0,0.10415921
15898,0.0,0,0.15668136
27926,0.0,0,0.45632714
16910,0.0,0,0.16236001
24163,0.0,0,0.10209945
20386,0.0,0,0.38221964
29095,0.0,0,0.1629395
2908,1.0,0,0.13016288
20487,0.0,0,0.14821136
16130,0.0,0,0.13690792
16196,1.0,0,0.048205204
26720,1.0,1,0.5342275
1676,1.0,0,0.14862035
21367,0.0,0,0.059685655
23825,0.0,0,0.09679734
27465,0.0,0,0.14346048
28797,1.0,0,0.1881339
7144,1.0,0,0.43608275
25599,0.0,0,0.1277561
8643,0.0,0,0.030571321
7543,1.0,0,0.24562036
15285,0.0,0,0.010594414
2619,0.0,0,0.06481088
18675,0.0,0,0.0939866
24722,0.0,0,0.1645175
18023,1.0,0,0.11192241
17932,1.0,1,0.5768318
7779,0.0,0,0.036948275
9642,0.0,0,0.04841694
25138,0.0,0,0.33913678
10238,0.0,1,0.66071707
4604,0.0,0,0.036220804
14585,0.0,0,0.22295552
20607,0.0,0,0.09541132
1438,0.0,0,0.14971499
15118,0.0,1,0.7135742
16251,0.0,1,0.52030826
8663,0.0,0,0.03677135
21388,0.0,0,0.44658765
6156,1.0,0,0.45954794
1933,0.0,0,0.09039141
9505,0.0,0,0.14828214
8045,0.0,0,0.07259618
21408,0.0,0,0.17160022
19278,0.0,0,0.10333206
13721,1.0,0,0.36080873
27624,1.0,1,0.53169
193,0.0,0,0.066089556
18481,0.0,0,0.047378387
21246,0.0,0,0.09177129
26527,0.0,0,0.423184
10440,1.0,0,0.26645002
14937,1.0,0,0.08929661
8566,0.0,0,0.046180435
28446,0.0,0,0.06225956
19120,0.0,0,0.07637152
4277,0.0,0,0.121783905
18446,0.0,0,0.04761634
19486,1.0,1,0.64334
14126,0.0,0,0.028991656
28272,0.0,0,0.056356948
12786,0.0,0,0.093750134
12628,1.0,0,0.12923515
8311,0.0,0,0.032712717
18082,0.0,0,0.4237946
22242,0.0,0,0.14529115
19547,0.0,0,0.13191326
10659,0.0,0,0.20664075
24661,0.0,0,0.14172216
24653,0.0,0,0.15080766
14692,1.0,1,0.7821403
5723,0.0,0,0.12193587
19921,0.0,0,0.08169902
14221,1.0,1,0.79589415
19298,1.0,0,0.16165002
26448,0.0,0,0.027006656
19455,0.0,0,0.05031746
6739,1.0,0,0.2943976
3853,1.0,0,0.20281848
10517,0.0,0,0.06829744
5262,0.0,0,0.14237358
28642,1.0,1,0.57353055
22081,1.0,1,0.5653165
339,1.0,0,0.13352014
17120,0.0,0,0.039474376
4800,0.0,0,0.18073419
23184,0.0,0,0.0900001
10255,1.0,0,0.19670275
1493,0.0,0,0.34075257
3488,0.0,0,0.15485704
4970,0.0,0,0.08566974
5053,0.0,0,0.0628406
7375,1.0,0,0.31045526
11972,1.0,0,0.3930949
20087,0.0,0,0.2117027
11500,0.0,0,0.14255491
16284,0.0,0,0.06750623
24224,0.0,0,0.011950745
4776,0.0,0,0.1540206
10161,0.0,0,0.051743705
11758,0.0,0,0.32730117
24504,0.0,0,0.13998199
2238,0.0,0,0.048310984
20767,0.0,0,0.09713233
18291,0.0,0,0.36228383
1088,0.0,0,0.30439404
17296,0.0,0,0.042377852
12215,0.0,0,0.18964353
5037,0.0,0,0.15678282
10095,0.0,0,0.36969545
249,0.0,0,0.18540817
9372,0.0,0,0.080714665
17928,0.0,0,0.45012805
16509,0.0,0,0.1943747
11026,0.0,0,0.04002054
21287,0.0,0,0.19337676
26894,0.0,0,0.17333429
6516,1.0,0,0.14651199
22262,0.0,0,0.28755227
7154,0.0,0,0.07960568
22758,0.0,0,0.052021597
2201,1.0,0,0.231493
15368,0.0,0,0.48342326
7867,0.0,0,0.023264874
5957,0.0,0,0.046596937
12787,0.0,0,0.030437227
27786,0.0,0,0.019500522
29901,1.0,0,0.230419
8296,1.0,1,0.7889921
27265,0.0,0,0.22094883
8537,0.0,0,0.021548577
15424,0.0,0,0.37848738
29317,0.0,0,0.2854356
2867,0.0,0,0.06614605
7320,1.0,0,0.3943539
4278,1.0,0,0.12610194
25482,0.0,0,0.0320905
9334,0.0,0,0.019827642
9722,1.0,0,0.14060849
27650,0.0,0,0.105001464
7421,0.0,0,0.17916253
27018,0.0,0,0.10617371
15017,0.0,1,0.564689
11999,0.0,0,0.12175397
5787,1.0,1,0.6369888
17243,0.0,0,0.22023444
23940,1.0,0,0.40293476
13133,0.0,0,0.15993838
6316,1.0,0,0.34164193
22876,0.0,0,0.069219366
12985,0.0,0,0.13575047
19523,1.0,0,0.49289536
1487,0.0,0,0.019836888
20751,0.0,0,0.16369131
2902,0.0,1,0.5338773
3758,1.0,0,0.25322247
692,0.0,0,0.4702218
1838,1.0,0,0.04670192
14891,0.0,0,0.13796042
13035,0.0,0,0.06220541
24976,0.0,0,0.12092169
25941,0.0,0,0.052111275
11403,0.0,0,0.15141061
7841,0.0,0,0.04530475
16345,0.0,0,0.3980316
6387,1.0,1,0.6448669
10508,1.0,0,0.3030599
25299,1.0,0,0.34183845
17636,0.0,0,0.043172017
21047,1.0,0,0.38133687
15642,0.0,0,0.16213465
23496,1.0,1,0.5296095
17305,1.0,0,0.25953498
13812,0.0,0,0.11887223
4205,0.0,0,0.16276352
29533,0.0,0,0.104136124
23564,0.0,0,0.06058143
28833,0.0,0,0.041329175
19580,0.0,0,0.13841534
28815,0.0,0,0.15067393
4822,0.0,0,0.05875378
4085,0.0,1,0.5232248
23160,0.0,0,0.039127186
21327,1.0,0,0.13138606
26396,0.0,0,0.07349063
22449,0.0,0,0.11710636
27954,0.0,0,0.09003481
11795,1.0,0,0.4079307
18060,0.0,0,0.039014973
2004,1.0,0,0.3574612
24547,0.0,0,0.12476168
25741,0.0,0,0.0438273
7285,0.0,0,0.29917976
25620,1.0,0,0.4381362
26146,0.0,0,0.21356644
29994,0.0,0,0.07485051
15229,0.0,1,0.5417159
2315,0.0,0,0.06379917
21916,0.0,0,0.43623006
25794,0.0,0,0.05853553
24236,0.0,0,0.49182907
26626,0.0,0,0.062237993
7256,0.0,0,0.077556774
24438,0.0,0,0.10673875
19351,1.0,0,0.37467858
7590,0.0,0,0.3239605
27450,0.0,0,0.17093712
22312,0.0,0,0.12224444
21989,0.0,0,0.10853873
16461,0.0,0,0.04694726
8215,0.0,0,0.1515706
26409,1.0,0,0.1484013
3664,1.0,1,0.76599634
12195,1.0,0,0.10011085
7419,0.0,0,0.30035317
13415,0.0,0,0.17233199
14708,1.0,1,0.54927814
25674,0.0,0,0.13731788
14138,0.0,0,0.072727755
17111,0.0,0,0.13341288
22821,0.0,0,0.01795922
25261,0.0,0,0.46005425
502,0.0,1,0.5756827
15167,0.0,0,0.10447315
12742,0.0,0,0.21632613
23608,1.0,1,0.6870202
28370,0.0,0,0.07883845
21200,0.0,0,0.1041399
25152,0.0,0,0.06859971
12493,0.0,0,0.1694714
1615,0.0,0,0.41206345
4892,0.0,0,0.04231512
22901,1.0,1,0.7766884
26736,0.0,0,0.07110341
18198,0.0,0,0.084254116
1528,0.0,0,0.07383062
2419,0.0,0,0.4220307
14050,1.0,0,0.28723684
29546,1.0,0,0.16269745
25345,0.0,0,0.108036764
13957,1.0,1,0.5553542
3118,0.0,0,0.10295351
15394,0.0,0,0.10983727
14347,0.0,0,0.054623995
15086,0.0,0,0.05311023
27765,0.0,0,0.15132794
8617,1.0,0,0.14765377
15349,0.0,0,0.12867457
14691,1.0,0,0.18032758
21905,0.0,0,0.09886839
25833,0.0,0,0.10085735
19574,0.0,0,0.42895728
27676,0.0,0,0.3844504
7518,0.0,0,0.1258666
251,0.0,0,0.44827697
933,1.0,0,0.38670695
7593,0.0,0,0.14159574
24826,0.0,0,0.059851963
20612,1.0,0,0.07555453
19019,0.0,0,0.101823434
23287,0.0,0,0.35781226
15765,0.0,0,0.11670747
2504,1.0,0,0.11610559
4209,0.0,1,0.5929497
28562,0.0,0,0.008583339
8639,0.0,0,0.11403353
8302,0.0,0,0.07163041
8221,0.0,0,0.055055253
29073,0.0,0,0.03620288
25414,1.0,0,0.16166797
12529,0.0,0,0.07162705
21504,0.0,0,0.08683334
179,0.0,0,0.16143885
17411,0.0,0,0.13744633
28909,1.0,0,0.16677018
28771,1.0,0,0.2805899
2255,0.0,0,0.08422889
7413,0.0,0,0.29044506
4360,0.0,0,0.1628323
7929,1.0,0,0.11327737
11938,1.0,0,0.26838124
11179,0.0,0,0.07067188
24011,0.0,0,0.14360178
707,0.0,0,0.47645056
23006,1.0,1,0.58423686
13267,1.0,0,0.23765652
17808,0.0,0,0.17017888
6583,1.0,1,0.65146315
16394,0.0,0,0.08983424
1218,0.0,0,0.091781184
15619,1.0,0,0.0843176
21024,1.0,0,0.14207688
20834,1.0,1,0.62884176
20798,1.0,0,0.3615566
21888,0.0,0,0.034379587
29945,1.0,1,0.54707724
5063,0.0,0,0.14898823
13261,0.0,0,0.17624465
28887,0.0,0,0.13446695
17455,0.0,0,0.1806504
23025,0.0,0,0.080555715
3838,0.0,0,0.099269494
4746,0.0,1,0.5333121
18137,0.0,0,0.38732228
2466,1.0,1,0.5287034
9211,1.0,0,0.38871744
27043,0.0,0,0.10443903
9635,0.0,0,0.14768744
22980,0.0,0,0.12470126
28609,0.0,0,0.27370468
6216,0.0,1,0.5715233
3254,1.0,1,0.50851184
27517,0.0,0,0.16672646
26029,0.0,0,0.033710107
630,0.0,0,0.06949071
14162,1.0,1,0.52746105
14370,0.0,0,0.07313634
19795,0.0,0,0.090432085
23462,0.0,0,0.07577428
15587,0.0,0,0.11185889
4793,0.0,0,0.15130873
13504,1.0,0,0.16979833
23170,0.0,1,0.5044676
24170,0.0,0,0.100031585
18814,0.0,0,0.13936742
11050,0.0,1,0.671484
22548,1.0,0,0.12872508
12956,1.0,1,0.8800313
16430,0.0,0,0.23774953
24392,0.0,0,0.14007846
4058,0.0,0,0.18494207
29191,0.0,0,0.14310196
1126,0.0,0,0.15207961
11150,0.0,0,0.47271097
6277,0.0,0,0.17266965
11729,0.0,0,0.060279895
25989,0.0,0,0.08070079
4636,0.0,0,0.17442508
8501,0.0,0,0.4497942
20307,1.0,0,0.35062397
20326,0.0,0,0.07135404
20178,0.0,0,0.1703177
6228,0.0,0,0.14983375
5141,0.0,0,0.12725869
14962,0.0,0,0.39893863
7796,0.0,0,0.07396569
10908,1.0,1,0.8036223
19962,0.0,0,0.3545073
13131,0.0,0,0.13959076
22008,0.0,0,0.050939135
27324,0.0,0,0.4064513
13842,0.0,0,0.09744721
1443,1.0,0,0.17870961
18164,0.0,0,0.040200412
1889,0.0,1,0.57740206
18615,1.0,0,0.34123954
15524,0.0,0,0.017566487
10104,0.0,0,0.15098214
28726,0.0,0,0.073444195
27174,0.0,0,0.15330186
6103,0.0,0,0.14263992
22421,0.0,0,0.39858115
15618,0.0,0,0.15383142
16705,0.0,0,0.49933237
27114,0.0,0,0.123573385
26355,0.0,0,0.22629629
12049,0.0,0,0.4538852
18106,0.0,0,0.11619737
23469,1.0,1,0.54420036
9241,0.0,0,0.08533072
9570,0.0,0,0.44544086
29130,0.0,0,0.38333318
712,0.0,0,0.16845982
13081,0.0,0,0.038867194
26893,0.0,1,0.53939146
18922,0.0,0,0.050990406
14169,0.0,0,0.17334004
14823,1.0,0,0.17152189
19059,0.0,0,0.31377122
3242,1.0,1,0.55300087
17475,0.0,0,0.068110615
4061,0.0,0,0.036741443
25026,0.0,0,0.009722809
18157,0.0,0,0.074218094
28740,0.0,0,0.121561825
23422,0.0,0,0.031897116
3384,1.0,0,0.4207238
4270,1.0,0,0.17931327
11786,0.0,0,0.15022379
13639,0.0,0,0.054901935
1836,1.0,1,0.5809987
17302,0.0,0,0.09456564
25918,0.0,0,0.057503343
24267,0.0,0,0.12055516
14724,0.0,0,0.075612016
17511,1.0,0,0.27820045
13391,1.0,1,0.56488144
15791,0.0,0,0.10364363
15313,0.0,0,0.089984655
22106,0.0,0,0.08299335
20838,0.0,0,0.03136714
16517,0.0,0,0.060070265
8495,0.0,0,0.46905458
24385,0.0,0,0.024023969
15461,0.0,0,0.115293734
4678,0.0,0,0.15485713
386,0.0,0,0.037848607
10090,0.0,0,0.019204017
13798,0.0,1,0.52686614
22790,1.0,0,0.07962923
28851,0.0,0,0.046255935
21417,0.0,0,0.2371642
28082,1.0,1,0.7915864
29243,1.0,0,0.20051704
15465,0.0,0,0.08760461
3962,0.0,0,0.059140474
10219,0.0,0,0.11375729
2195,0.0,0,0.11439209
874,0.0,0,0.11036773
26201,0.0,0,0.13907072
24066,0.0,0,0.09747886
23233,1.0,0,0.17017047
21264,0.0,0,0.13655333
12644,0.0,0,0.16020986
26656,0.0,0,0.35998166
6733,0.0,0,0.041476678
29256,1.0,0,0.20743147
8081,0.0,0,0.066167034
29696,0.0,1,0.5301585
1738,0.0,0,0.46935052
27837,0.0,0,0.10509718
13965,0.0,0,0.12874128
19651,0.0,0,0.045553736
20552,0.0,0,0.13140516
9044,1.0,0,0.2383953
26384,0.0,0,0.056708034
14812,0.0,0,0.087240055
16572,0.0,1,0.65270907
10301,0.0,0,0.040091243
24197,0.0,0,0.1546686
7270,0.0,0,0.07665062
29940,0.0,0,0.08151121
2490,0.0,0,0.4952113
1814,0.0,0,0.44495204
20187,0.0,0,0.056057144
1952,0.0,0,0.108770385
5284,0.0,0,0.1974301
11932,0.0,0,0.035190262
921,0.0,0,0.22083186
3432,0.0,0,0.107862554
4244,0.0,0,0.075548306
13337,0.0,0,0.11937652
15361,0.0,0,0.21041209
12600,0.0,0,0.07466027
2545,1.0,0,0.18526667
19668,0.0,0,0.37313396
23783,0.0,0,0.3992453
16992,1.0,1,0.7431939
703,1.0,0,0.18558306
29442,0.0,0,0.115405224
10368,1.0,0,0.093663126
25623,0.0,0,0.41752577
12720,0.0,0,0.034808885
23334,0.0,0,0.028272163
16656,0.0,0,0.06868624
27143,0.0,0,0.102459356
26945,0.0,0,0.11206508
26766,1.0,0,0.11161078
16789,1.0,1,0.72085434
16101,1.0,0,0.18970914
3791,1.0,0,0.10049814
14424,0.0,0,0.25499606
3237,0.0,0,0.060195543
10522,1.0,1,0.8491142
19689,0.0,0,0.08725559
26682,0.0,0,0.0918213
25738,0.0,0,0.17348123
1735,0.0,0,0.13965291
15031,1.0,1,0.7741492
29816,0.0,0,0.12734309
22514,0.0,0,0.0787917
368,0.0,1,0.6192838
2480,0.0,0,0.100657806
15600,1.0,1,0.57372123
4043,0.0,0,0.13150534
20415,0.0,0,0.12317463
28233,0.0,0,0.12777147
2134,0.0,0,0.05946308
21867,0.0,0,0.09895079
3434,0.0,0,0.12591374
19151,0.0,0,0.14583957
14059,0.0,0,0.12995341
28667,1.0,0,0.13883086
13648,1.0,0,0.32813975
19939,0.0,0,0.035304576
21664,0.0,0,0.09849855
13193,0.0,0,0.08858544
29481,0.0,0,0.45542273
9394,0.0,0,0.108335026
22365,0.0,0,0.09519749
19621,0.0,0,0.06804285
13703,0.0,0,0.30986303
3539,1.0,0,0.09857943
17924,1.0,0,0.4081057
3061,1.0,0,0.06779706
18207,0.0,0,0.09799162
28760,0.0,0,0.06830539
10240,0.0,0,0.3828292
13305,0.0,0,0.015192616
23173,0.0,0,0.16433288
27669,1.0,0,0.38342267
29771,1.0,1,0.7542362
19469,0.0,0,0.02804309
210,0.0,0,0.1242368
17339,0.0,0,0.3624877
2371,0.0,0,0.13360395
25712,0.0,0,0.15407445
9496,0.0,0,0.13869949
6152,0.0,0,0.124213874
20220,0.0,0,0.028614951
19775,0.0,0,0.027612032
14009,0.0,0,0.08903152
23659,0.0,0,0.34484676
24632,0.0,0,0.13818236
1417,0.0,0,0.112413354
5553,0.0,0,0.2318389
16368,1.0,0,0.11441726
6168,0.0,0,0.083785236
14923,0.0,1,0.66416216
6751,1.0,1,0.8213484
21850,0.0,0,0.0364778
369,0.0,0,0.33131334
15025,0.0,0,0.4047623
11175,0.0,0,0.12321068
20302,0.0,0,0.04394258
18977,0.0,0,0.035862926
2552,0.0,0,0.18128611
27586,1.0,1,0.5745884
7581,0.0,0,0.043242212
8274,0.0,0,0.330538
28755,0.0,0,0.10737132
16013,0.0,0,0.22028889
20770,0.0,0,0.027038496
763,0.0,0,0.051338654
12764,0.0,0,0.06673583
10078,0.0,0,0.07773093
21732,0.0,0,0.08910543
18483,0.0,0,0.05055455
25866,0.0,0,0.041831248
18298,0.0,0,0.07662842
588,1.0,0,0.1652024
14806,0.0,1,0.7847608
5565,1.0,0,0.048166584
25652,0.0,0,0.041483562
19924,0.0,0,0.14098616
12170,1.0,0,0.319306
2886,0.0,0,0.072658055
2172,0.0,0,0.069909655
22567,0.0,1,0.7252834
27239,0.0,0,0.27507764
26354,0.0,0,0.3232463
12882,0.0,0,0.30459544
22915,0.0,0,0.16886579
26442,1.0,0,0.40715918
16396,0.0,0,0.02784485
27562,0.0,0,0.03633657
3161,0.0,0,0.117280886
13234,0.0,0,0.114504136
14543,1.0,1,0.6839155
27182,0.0,0,0.050178137
6986,0.0,0,0.15119937
12330,1.0,0,0.27059433
22379,0.0,0,0.043421827
1247,1.0,1,0.81133354
29681,0.0,0,0.48865458
18132,0.0,0,0.04598955
24962,0.0,0,0.11837823
7795,0.0,0,0.08521432
8498,0.0,0,0.14964579
21677,0.0,0,0.3379896
14981,1.0,1,0.7765784
27816,0.0,0,0.023814458
24329,0.0,0,0.08150976
15616,1.0,0,0.36026835
15762,0.0,0,0.084510386
12774,1.0,0,0.13858762
23352,0.0,0,0.11988905
14422,0.0,0,0.11289116
14674,0.0,0,0.21334332
28430,0.0,0,0.1305921
4210,0.0,0,0.078932315
3929,0.0,0,0.06902875
7777,1.0,0,0.3738201
11736,0.0,0,0.12301467
14423,0.0,0,0.15154871
23986,1.0,0,0.14535633
9510,0.0,0,0.1282374
16122,1.0,1,0.5219466
11625,0.0,0,0.01310112
932,1.0,0,0.052708652
26879,0.0,0,0.03494286
1447,1.0,0,0.2336749
1402,0.0,1,0.5536062
9390,0.0,1,0.5525999
10635,0.0,0,0.32651967
10371,0.0,0,0.11420717
4496,0.0,0,0.09304199
7852,0.0,0,0.14012599
13097,0.0,0,0.38303292
21191,0.0,0,0.0198709
12,0.0,0,0.16247413
182,0.0,0,0.06655661
1271,0.0,0,0.10722914
24149,0.0,0,0.13104834
28814,0.0,0,0.1704536
5325,0.0,0,0.23352416
26457,1.0,0,0.07978058
28243,1.0,0,0.38337436
4923,0.0,0,0.120766535
15075,0.0,0,0.13037534
17948,0.0,0,0.30174714
8726,1.0,0,0.050632436
1138,0.0,0,0.16346624
17238,0.0,0,0.041957602
23366,0.0,0,0.034570362
29145,0.0,0,0.14487217
5941,0.0,0,0.08087486
5128,0.0,0,0.13898009
3176,0.0,0,0.13300394
18135,0.0,0,0.14657782
19765,0.0,0,0.09517731
10740,1.0,0,0.37283355
19009,0.0,0,0.027158352
14874,1.0,0,0.42646337
12762,1.0,0,0.13933353
11533,0.0,0,0.095786616
3405,0.0,0,0.32788816
17692,0.0,0,0.17881408
2640,0.0,0,0.052148864
10389,1.0,0,0.20181954
22506,1.0,0,0.1414104
29971,0.0,0,0.04299399
27515,0.0,0,0.089935824
21970,0.0,0,0.012742152
12485,0.0,0,0.16918391
15721,0.0,0,0.16341378
3476,0.0,0,0.18533698
15526,0.0,0,0.1817484
17468,0.0,0,0.07542637
2229,0.0,0,0.10992899
14481,1.0,0,0.15866557
12528,0.0,0,0.18883981
15386,1.0,0,0.39585128
22130,0.0,0,0.05373426
5249,1.0,0,0.38158903
23079,0.0,0,0.036746
20986,0.0,0,0.022775665
6355,0.0,0,0.18307944
2402,0.0,0,0.11571612
8739,0.0,0,0.13152857
4216,0.0,0,0.10620277
1841,0.0,0,0.11814041
26034,0.0,0,0.049227647
9589,0.0,0,0.06151394
6566,0.0,0,0.07038493
25604,0.0,0,0.13171276
11195,0.0,0,0.1465126
16657,0.0,0,0.25649872
6186,0.0,0,0.089986086
28130,0.0,0,0.1489806
5104,0.0,0,0.08731789
23495,0.0,0,0.11471194
21681,0.0,0,0.11058854
18385,0.0,0,0.37477732
6367,1.0,0,0.21381414
1638,0.0,1,0.5981226
7464,0.0,0,0.095876664
3173,0.0,0,0.13845146
24309,0.0,0,0.08631983
159,1.0,1,0.56007355
24449,1.0,1,0.5849066
29384,0.0,0,0.032628052
21897,0.0,0,0.21819879
7956,0.0,0,0.3721687
15417,0.0,0,0.11875037
2443,0.0,0,0.039315425
18754,0.0,0,0.029049102
12874,1.0,0,0.18471052
23330,0.0,0,0.051193565
8866,1.0,0,0.378858
14532,0.0,0,0.15557738
18411,0.0,0,0.17969453
14787,1.0,0,0.12766005
9898,1.0,0,0.1485377
1243,0.0,0,0.17519163
2560,0.0,0,0.45498908
21596,0.0,0,0.078857936
3777,1.0,0,0.47375867
28927,1.0,0,0.17823716
19680,0.0,0,0.14705074
17392,0.0,0,0.03312
25672,0.0,0,0.061727032
21329,0.0,0,0.16568875
3058,0.0,0,0.13206771
13083,1.0,0,0.12734546
16707,0.0,0,0.14346577
29147,0.0,0,0.09725735
18959,0.0,0,0.04185633
16527,0.0,1,0.752191
83,1.0,0,0.1375699
6820,0.0,0,0.078999735
11240,0.0,1,0.5804315
23533,1.0,1,0.5255234
29906,1.0,0,0.47170335
16834,0.0,1,0.6135072
26401,0.0,0,0.0229222
28690,0.0,0,0.20751718
14685,0.0,0,0.12112811
19658,0.0,0,0.3678779
28957,0.0,0,0.061050214
26023,0.0,1,0.51998985
13196,1.0,0,0.27759776
24078,0.0,0,0.06447928
28619,0.0,0,0.06378731
444,0.0,0,0.03587639
14235,0.0,0,0.051017154
9189,0.0,0,0.35167637
7139,0.0,0,0.14809331
7605,0.0,0,0.08257466
13226,0.0,0,0.0854439
25046,0.0,0,0.067662425
1442,0.0,0,0.071531355
7915,0.0,0,0.009131887
23955,0.0,0,0.1844497
22941,0.0,0,0.068282716
16057,0.0,0,0.16100052
12795,1.0,0,0.12065232
16749,0.0,1,0.7222564
12040,1.0,0,0.422002
26533,0.0,0,0.06537552
1568,0.0,0,0.12111922
447,0.0,0,0.042736076
25751,1.0,0,0.4987824
13486,0.0,0,0.14248839
9836,0.0,0,0.45737615
15019,0.0,1,0.62825316
23968,0.0,0,0.033559553
15640,0.0,1,0.50467724
13480,1.0,1,0.8562272
21375,0.0,1,0.5028786
24220,0.0,0,0.24001946
7403,1.0,0,0.10184099
28636,1.0,1,0.60059637
3320,0.0,0,0.24161705
1660,0.0,0,0.16685197
27867,0.0,0,0.088308215
23912,0.0,0,0.07465044
1210,1.0,0,0.16514932
18487,0.0,0,0.07030673
1995,0.0,0,0.38923058
5025,0.0,0,0.09541352
12272,0.0,0,0.04367453
9094,1.0,0,0.4028051
3085,0.0,0,0.11797079
20725,1.0,1,0.6915443
19553,1.0,0,0.14904453
14331,1.0,1,0.7397168
29758,0.0,0,0.13620277
9147,1.0,1,0.6111303
2226,1.0,0,0.12689525
1023,0.0,0,0.05850205
3694,0.0,0,0.33290106
17572,0.0,0,0.03621358
23777,0.0,0,0.06576462
13806,0.0,0,0.028864222
12683,0.0,0,0.15956315
24612,0.0,0,0.09948004
18422,1.0,0,0.14576605
25364,0.0,1,0.57621515
4752,0.0,0,0.07558214
20674,1.0,0,0.4729932
12569,1.0,0,0.3170453
24797,0.0,0,0.49848878
14081,0.0,0,0.40671015
1367,0.0,0,0.08880718
21803,0.0,0,0.32352012
9918,0.0,0,0.44899607
1703,1.0,0,0.2864036
10674,0.0,0,0.14395882
17006,0.0,0,0.28690192
17868,0.0,0,0.09608881
9051,0.0,0,0.30320197
7612,0.0,0,0.06927285
10871,1.0,1,0.81928706
6431,0.0,0,0.124400616
29970,0.0,0,0.07624032
4661,0.0,0,0.11123423
26968,0.0,0,0.02766553
9961,0.0,0,0.13980347
22502,0.0,0,0.027220946
12797,1.0,0,0.40870064
24890,0.0,1,0.60197747
1845,0.0,0,0.16628546
26424,0.0,0,0.029861977
105,0.0,1,0.5993296
1610,0.0,0,0.2289288
24679,0.0,0,0.026215186
29087,0.0,0,0.08257267
3874,1.0,0,0.38760835
11433,1.0,0,0.14073808
29851,0.0,0,0.17913221
26975,1.0,0,0.14195342
5178,1.0,1,0.8917415
24937,0.0,0,0.09839315
14523,0.0,0,0.30586627
2728,0.0,0,0.2917765
23736,0.0,0,0.056795955
17807,1.0,1,0.632058
1977,0.0,0,0.22104982
7289,0.0,0,0.18361351
8184,0.0,0,0.29600033
17329,0.0,0,0.36974972
2706,0.0,0,0.06687764
3969,0.0,0,0.13695626
25561,0.0,0,0.028848594
18477,0.0,0,0.056400035
24304,1.0,0,0.3911698
316,1.0,0,0.14748016
19517,0.0,0,0.021324618
27680,0.0,0,0.12100597
23910,0.0,1,0.69313264
13877,0.0,1,0.544745
15636,0.0,0,0.039140265
13345,1.0,0,0.14648692
22554,0.0,0,0.29892606
23123,0.0,0,0.011567435
5678,0.0,0,0.12739995
7537,1.0,0,0.1290843
10330,0.0,0,0.36035192
28204,0.0,0,0.061147135
26407,0.0,0,0.15972993
15604,0.0,0,0.14955227
10862,1.0,1,0.7178771
3759,1.0,0,0.14304896
18358,0.0,1,0.6661257
13596,0.0,0,0.11848457
12223,1.0,0,0.40387204
29755,0.0,0,0.31607997
28748,0.0,1,0.74252325
17090,0.0,0,0.32014203
10215,0.0,0,0.09975226
19383,0.0,0,0.1838807
11208,0.0,0,0.2900254
16717,0.0,0,0.120795354
14262,1.0,0,0.17362875
2301,0.0,0,0.3444174
2461,0.0,0,0.024289474
22525,0.0,0,0.020309633
3119,0.0,0,0.09902186
24275,0.0,0,0.041136645
6398,0.0,0,0.113684006
28232,1.0,1,0.52318496
8915,0.0,0,0.028014557
2837,0.0,0,0.05333737
13064,1.0,0,0.07833123
6090,0.0,0,0.47319576
20581,0.0,0,0.21769688
20610,0.0,1,0.56438
17267,0.0,0,0.13421392
17491,0.0,0,0.1076822
9582,0.0,0,0.17277348
18,0.0,0,0.07077784
5985,0.0,0,0.08845505
28542,0.0,0,0.04828063
10120,0.0,0,0.45031294
1010,0.0,0,0.08982951
2215,0.0,0,0.3781651
1967,0.0,0,0.15155765
6555,0.0,0,0.06288909
28551,0.0,0,0.11505203
21104,0.0,0,0.10034689
11142,0.0,0,0.03677918
3720,0.0,1,0.5049847
4735,0.0,0,0.0195151
4841,1.0,1,0.603751
16914,0.0,0,0.13177696
9185,1.0,0,0.114643976
23780,0.0,0,0.079498425
28488,0.0,0,0.20304602
18134,1.0,0,0.23039724
16576,0.0,0,0.17932378
25131,0.0,0,0.048674263
9014,0.0,0,0.15170987
16639,0.0,0,0.12614045
26939,1.0,0,0.126936
24437,0.0,0,0.1251119
8925,0.0,0,0.04776138
23328,0.0,0,0.035203084
23529,0.0,0,0.097491406
4253,0.0,0,0.29129604
8469,1.0,1,0.6614787
29082,1.0,1,0.57608813
21239,0.0,0,0.095932566
25820,0.0,0,0.114389084
1167,0.0,0,0.044969186
14662,0.0,0,0.099539086
21619,0.0,0,0.18161295
22189,0.0,0,0.08293824
28110,1.0,0,0.19847839
6962,0.0,1,0.5476286
27894,0.0,0,0.05444484
28227,0.0,0,0.04166515
8188,1.0,0,0.229051
11879,0.0,0,0.04774801
9555,0.0,0,0.18234007
27690,0.0,0,0.15765977
7394,0.0,0,0.17650314
14673,0.0,0,0.077575505
23400,1.0,0,0.15746422
13158,0.0,0,0.060886975
5089,0.0,0,0.10677522
10421,0.0,0,0.10029237
26783,0.0,0,0.06024212
26433,0.0,0,0.07090833
11493,0.0,0,0.12225284
15038,0.0,1,0.5318389
74,0.0,0,0.20557004
19818,1.0,0,0.38516244
11043,0.0,0,0.13949953
18235,0.0,0,0.38333735
16631,0.0,0,0.3457632
15192,0.0,0,0.13844104
6753,1.0,1,0.7809147
8699,0.0,0,0.3000651
23823,1.0,0,0.46535158
17576,1.0,0,0.296843
28069,0.0,0,0.07011386
8321,1.0,0,0.34826285
25743,1.0,0,0.07685266
24667,0.0,0,0.4538116
19916,0.0,0,0.032199897
22452,0.0,0,0.086985484
2216,0.0,0,0.23134355
11968,0.0,0,0.10727709
9889,0.0,0,0.45433575
6285,0.0,0,0.02330761
6305,1.0,0,0.13089368
20932,0.0,0,0.09090062
27903,0.0,0,0.069581926
17301,0.0,0,0.0760771
22938,0.0,0,0.1052991
17075,0.0,0,0.2879989
27865,0.0,0,0.07667091
19308,0.0,0,0.10122866
6474,0.0,0,0.058494564
6237,0.0,0,0.1285562
27116,0.0,0,0.24613668
4964,0.0,0,0.021358011
19671,0.0,0,0.41873953
13780,0.0,0,0.124441214
16089,1.0,0,0.11342419
15196,0.0,0,0.1229039
28935,0.0,0,0.097287506
17536,0.0,0,0.03532684
26044,1.0,1,0.62324965
22716,0.0,0,0.20839572
2220,1.0,0,0.19250788
10556,0.0,0,0.03135381
21429,0.0,0,0.24346697
1650,0.0,0,0.14138004
6947,1.0,0,0.25888222
14819,0.0,0,0.05809292
10134,0.0,0,0.4530155
76,0.0,0,0.4165691
12771,0.0,0,0.053832907
29960,0.0,0,0.0276255
20657,1.0,0,0.1044288
19662,0.0,0,0.34066626
4339,0.0,0,0.41010237
24656,1.0,0,0.04328917
2827,0.0,0,0.06455572
4398,0.0,0,0.0718467
20978,1.0,0,0.40515947
20236,0.0,0,0.2846232
23080,0.0,0,0.040643394
29599,1.0,0,0.21083774
19567,0.0,0,0.065308176
23570,0.0,0,0.17116341
10466,0.0,0,0.019693686
22265,0.0,0,0.039419387
24363,0.0,0,0.41377777
25790,0.0,0,0.107374795
13967,1.0,1,0.7764599
13718,1.0,1,0.7016924
14042,0.0,0,0.13534762
23751,0.0,0,0.04890554
15890,0.0,0,0.32877684
25372,0.0,0,0.02647104
6903,0.0,0,0.07679086
17736,1.0,0,0.034655247
5909,0.0,0,0.040843025
22267,1.0,0,0.119219184
5692,0.0,0,0.06519575
10111,0.0,0,0.36039475
3646,0.0,0,0.12359508
1400,0.0,0,0.3412515
14920,0.0,0,0.035630643
14225,0.0,0,0.047594853
20255,1.0,1,0.8364903
909,0.0,0,0.11916618
27297,0.0,0,0.14875998
15837,0.0,0,0.116758995
3284,0.0,0,0.027542427
21133,0.0,0,0.032770798
10394,0.0,0,0.10418994
16932,0.0,0,0.2148631
19157,0.0,0,0.109414004
16970,1.0,0,0.06323538
23573,0.0,0,0.068644725
5764,0.0,0,0.20490865
26597,0.0,0,0.18210387
24857,1.0,0,0.064232856
23245,0.0,0,0.105551675
19546,0.0,1,0.5195435
27420,1.0,0,0.19949628
14186,0.0,0,0.04996487
24914,1.0,1,0.5323516
9743,0.0,0,0.050151818
19963,0.0,0,0.07403293
7541,0.0,0,0.048144344
2156,1.0,1,0.697013
24419,0.0,0,0.31740585
15770,0.0,0,0.20018503
24321,0.0,0,0.030649582
7653,0.0,0,0.34909478
17686,1.0,0,0.20042548
16008,0.0,1,0.5843037
1451,0.0,0,0.16602214
25336,0.0,0,0.08012086
23010,0.0,0,0.18959458
199,0.0,0,0.086542316
14447,1.0,1,0.60558623
16686,0.0,0,0.48480713
20902,0.0,0,0.058674127
24018,0.0,0,0.1298766
7092,1.0,0,0.36160997
18699,0.0,0,0.25822115
2370,0.0,0,0.11362538
19391,0.0,0,0.02707023
28141,0.0,0,0.10511662
8660,0.0,0,0.29959846
20191,0.0,0,0.01422052
23828,1.0,1,0.63426495
1072,1.0,0,0.09516474
15951,1.0,0,0.49337566
20918,1.0,1,0.52516216
24188,0.0,0,0.123862974
13239,1.0,0,0.44871536
12256,1.0,0,0.2994792
13939,0.0,0,0.0964577
21262,0.0,0,0.18522151
216,0.0,0,0.42978424
17355,0.0,0,0.19407281
7122,0.0,0,0.0368561
11080,0.0,0,0.27926925
22769,1.0,0,0.1557824
6437,0.0,0,0.13620369
626,0.0,0,0.3878863
22706,0.0,0,0.26120052
18240,0.0,0,0.079630524
14465,0.0,0,0.018747475
16309,0.0,0,0.07057479
15243,0.0,0,0.10185619
11227,0.0,0,0.03878591
18072,1.0,1,0.7671617
4029,0.0,0,0.11735621
5668,0.0,0,0.012214413
28662,0.0,1,0.52453065
4537,0.0,0,0.07675561
25052,0.0,0,0.021304278
12087,0.0,0,0.12046454
24333,1.0,1,0.5486396
9166,0.0,0,0.15230986
6570,1.0,1,0.53587425
9760,1.0,0,0.10864241
1822,0.0,0,0.050532058
7115,0.0,0,0.05115784
10613,0.0,0,0.14364123
23785,0.0,0,0.08523381
16082,0.0,0,0.08815173
16683,0.0,0,0.14476573
28231,0.0,0,0.15378635
10204,0.0,0,0.06985606
13019,0.0,0,0.034608934
20231,0.0,0,0.39820337
12681,0.0,0,0.09723295
14399,0.0,0,0.03213199
14769,0.0,0,0.05428251
14968,0.0,0,0.15386717
13868,0.0,0,0.29516461
14215,1.0,0,0.23923315
29896,0.0,0,0.10952172
27533,0.0,0,0.11383961
13867,0.0,0,0.22542827
13587,0.0,0,0.10728804
25209,0.0,0,0.080429316
20665,1.0,1,0.55956167
3333,1.0,0,0.16482215
14433,0.0,0,0.109663986
18854,0.0,0,0.32297918
9100,0.0,0,0.07023787
21716,1.0,1,0.5893086
27606,0.0,0,0.4288301
21772,0.0,0,0.43391284
3207,0.0,0,0.10288661
1632,0.0,0,0.07613466
5840,0.0,0,0.1429656
4434,0.0,0,0.017913619
1903,0.0,0,0.06370444
3375,0.0,0,0.10899829
17980,0.0,0,0.1239737
29598,0.0,0,0.10507944
25594,0.0,0,0.14279805
28059,0.0,0,0.13561064
21177,0.0,0,0.11127541
7089,0.0,0,0.024870466
23068,0.0,0,0.010235416
8685,0.0,0,0.12913783
27936,0.0,0,0.35446307
14319,0.0,0,0.06425784
8758,0.0,0,0.1460453
22431,0.0,1,0.5372442
3981,1.0,0,0.044680953
26206,0.0,0,0.18242589
22417,0.0,1,0.5820238
17324,1.0,1,0.5345424
4351,1.0,0,0.13742085
6107,0.0,0,0.42392075
15145,0.0,0,0.030736063
22169,1.0,1,0.51288235
24683,0.0,0,0.01040883
24211,0.0,0,0.050773602
17396,0.0,1,0.7424551
5876,1.0,0,0.1446897
9426,0.0,1,0.55336577
21311,1.0,0,0.48719215
16892,0.0,0,0.270178
6993,0.0,0,0.056245714
396,0.0,0,0.09662252
17731,0.0,0,0.27877107
9762,0.0,1,0.56773496
22405,0.0,0,0.049762454
12972,1.0,0,0.13145573
27434,0.0,0,0.023194894
25621,0.0,0,0.07213557
16916,0.0,0,0.030314013
28764,1.0,0,0.08304642
7959,0.0,0,0.07516338
13437,0.0,0,0.21441537
13652,0.0,0,0.12739371
9032,1.0,1,0.6259365
20285,0.0,1,0.6619416
5312,0.0,0,0.3372098
10045,0.0,0,0.3367562
19704,0.0,0,0.11896687
19119,0.0,0,0.08116184
642,0.0,0,0.111036964
3676,0.0,0,0.42028087
17377,0.0,0,0.105231054
7370,0.0,0,0.2139792
17178,0.0,0,0.19841897
26850,1.0,1,0.6017231
6352,1.0,0,0.19926134
18962,0.0,1,0.5707845
3954,0.0,0,0.12841368
11231,1.0,0,0.3089896
477,0.0,0,0.09447819
26358,0.0,0,0.09304205
5356,0.0,0,0.14324032
1982,1.0,1,0.71923286
27733,0.0,0,0.18087739
15492,0.0,0,0.106461056
18455,1.0,1,0.5501266
15483,0.0,0,0.1566111
16997,0.0,0,0.123564616
24606,0.0,0,0.063562594
8199,0.0,1,0.504689
5021,0.0,0,0.02391769
1384,0.0,0,0.026827227
8530,0.0,0,0.036874622
7778,1.0,0,0.10073718
7750,1.0,0,0.05850421
26500,0.0,0,0.24188973
262,0.0,0,0.12735336
295,0.0,0,0.2602673
6655,1.0,0,0.31896335
10875,1.0,0,0.050340615
14031,1.0,0,0.3874684
18611,1.0,0,0.074330784
12301,0.0,0,0.1568267
12278,0.0,0,0.12206208
15178,0.0,0,0.33858186
18548,0.0,0,0.093390316
10288,1.0,0,0.20626383
13933,0.0,1,0.645834
18782,0.0,0,0.34427026
3498,0.0,0,0.082044266
10784,0.0,0,0.086917
19331,0.0,0,0.017106678
18089,0.0,0,0.4283641
17540,0.0,1,0.6714977
15965,1.0,1,0.6331219
24964,0.0,0,0.048907053
12560,0.0,0,0.1383638
17999,0.0,0,0.2910683
12990,0.0,0,0.15212092
19772,0.0,0,0.04634131
20855,1.0,1,0.6259598
19927,1.0,0,0.14954886
11263,0.0,0,0.2523317
25055,1.0,0,0.16937932
24803,0.0,0,0.080050975
8144,0.0,0,0.3644806
29028,1.0,0,0.069496535
9670,0.0,0,0.123316765
5910,0.0,0,0.04212125
14903,0.0,0,0.05022791
29222,0.0,0,0.16370665
20084,0.0,0,0.268251
22196,0.0,0,0.08620153
18419,0.0,0,0.059413794
25813,0.0,0,0.29042214
29629,0.0,0,0.09003922
9063,1.0,1,0.77260065
7613,0.0,0,0.029152045
12270,0.0,0,0.14007938
13671,0.0,0,0.14197531
22620,0.0,0,0.087098554
5769,0.0,0,0.062874325
3189,0.0,0,0.07048597
7196,1.0,0,0.0740381
12280,0.0,0,0.14801662
23413,0.0,0,0.05282528
25622,0.0,0,0.05909276
13838,0.0,0,0.09549653
2485,0.0,0,0.49727973
29989,0.0,0,0.15987313
26918,0.0,0,0.31508535
8943,0.0,0,0.09933345
7499,0.0,0,0.15681425
24427,0.0,0,0.0888338
5981,0.0,0,0.04798161
1539,1.0,0,0.10457074
7658,0.0,0,0.18543306
27634,0.0,0,0.15516698
9744,0.0,0,0.14076982
12736,0.0,0,0.13721493
3538,1.0,1,0.7494349
11914,1.0,1,0.523144
28908,0.0,0,0.13895647
16105,1.0,0,0.09162009
22633,0.0,0,0.1838748
12504,1.0,0,0.1891658
26419,0.0,0,0.24384354
2472,1.0,1,0.8152696
28485,0.0,0,0.13438241
581,1.0,0,0.32666284
6952,1.0,0,0.47627
20605,0.0,0,0.15968283
26456,0.0,0,0.11733611
2834,0.0,0,0.09643112
15706,0.0,0,0.124653794
2566,0.0,0,0.1354974
28946,0.0,0,0.15550086
29146,1.0,0,0.03314832
9104,0.0,0,0.06834702
25677,0.0,0,0.3802309
12240,1.0,0,0.08635086
8344,0.0,0,0.113846906
26404,0.0,0,0.06709773
23545,0.0,0,0.075518616
20722,1.0,1,0.72239214
16713,0.0,0,0.16615811
7717,0.0,0,0.13591582
20763,0.0,0,0.06401827
23790,0.0,0,0.3519314
2703,0.0,0,0.1349882
17695,0.0,0,0.16341247
5287,1.0,0,0.047710363
4463,0.0,0,0.15822642
4595,1.0,0,0.4319125
857,1.0,1,0.63700366
15400,0.0,0,0.20397092
8754,0.0,0,0.041150257
23164,0.0,0,0.08022993
26254,0.0,0,0.11002208
13974,0.0,0,0.33715212
14425,0.0,0,0.47473606
24910,0.0,0,0.03632954
9277,0.0,0,0.03492062
27258,0.0,0,0.16480802
26397,0.0,0,0.05067743
12820,0.0,1,0.75056523
21053,1.0,1,0.8204004
20963,1.0,0,0.39998978
15521,0.0,0,0.05052303
24675,1.0,1,0.52606744
25511,1.0,1,0.6546587
29597,0.0,0,0.103928044
29469,0.0,0,0.1480506
26811,0.0,0,0.14070801
12005,0.0,0,0.13380425
9237,0.0,0,0.1574949
29392,1.0,0,0.276281
22082,0.0,0,0.21982776
13003,0.0,0,0.09089465
29391,0.0,0,0.035062548
1275,0.0,0,0.17166984
23030,0.0,0,0.16406015
15887,0.0,0,0.28733733
26493,1.0,0,0.14501339
19429,0.0,0,0.35339296
18006,1.0,1,0.82285005
16587,0.0,0,0.04944204
10450,0.0,0,0.23019597
26393,0.0,0,0.077546455
12890,0.0,0,0.030016944
21415,0.0,0,0.077358864
27729,0.0,0,0.12173072
26732,0.0,0,0.11298952
10046,0.0,0,0.11852113
23274,0.0,0,0.086541444
16735,0.0,0,0.18417835
8756,1.0,0,0.31563112
17405,0.0,0,0.0833015
21411,0.0,1,0.511654
7008,0.0,0,0.025791883
19538,0.0,0,0.1245846
27184,0.0,0,0.030231427
3310,0.0,0,0.16510494
6876,1.0,0,0.38335088
28635,0.0,0,0.11825531
10687,0.0,0,0.3909777
28495,0.0,0,0.116979145
2632,0.0,0,0.06536101
24708,0.0,0,0.06365199
22713,0.0,0,0.17578818
16241,0.0,0,0.09762585
14305,0.0,0,0.16228515
11875,0.0,0,0.49322993
17270,0.0,0,0.08367276
18542,0.0,0,0.059179876
13697,0.0,1,0.772315
4786,0.0,0,0.064078785
20144,0.0,0,0.021489017
25560,0.0,0,0.04662941
17520,0.0,1,0.6487536
25731,0.0,0,0.38124475
23890,0.0,0,0.22817588
5405,1.0,1,0.55602026
2635,1.0,0,0.1603135
17702,0.0,0,0.24599086
16946,0.0,0,0.41343147
25880,0.0,0,0.07905392
15528,0.0,0,0.13090952
4731,0.0,0,0.026181228
9996,0.0,0,0.25101727
3241,0.0,0,0.16963935
11694,0.0,0,0.13601853
21117,0.0,0,0.32310933
17418,0.0,0,0.4117492
13942,1.0,0,0.1854231
26463,0.0,0,0.21043716
23273,0.0,0,0.307815
24861,0.0,0,0.2408125
19977,0.0,0,0.11782073
22760,1.0,1,0.862054
2307,0.0,0,0.362384
5574,0.0,0,0.032109406
29008,0.0,0,0.10550767
10783,0.0,0,0.40417886
2031,0.0,0,0.0509941
29364,0.0,0,0.06376974
23505,0.0,0,0.06801599
13093,1.0,0,0.41651884
2836,1.0,1,0.71784395
13235,1.0,0,0.26789576
14241,0.0,0,0.056700025
13177,0.0,0,0.15736525
17122,1.0,1,0.7541386
15660,0.0,0,0.121914275
1000,0.0,1,0.5217
29249,1.0,0,0.41408405
10290,0.0,0,0.111220375
1744,0.0,0,0.23984699
21701,0.0,0,0.054932266
29042,1.0,0,0.12388166
13810,0.0,1,0.5229221
6026,1.0,0,0.38926274
2426,0.0,1,0.55439526
14915,1.0,1,0.7976371
21882,0.0,0,0.1336603
12057,0.0,0,0.14719854
28678,0.0,0,0.009628631
13575,0.0,0,0.091857985
10187,1.0,1,0.57911146
26001,0.0,0,0.1400278
12026,0.0,0,0.04800028
5627,1.0,0,0.35034811
19900,1.0,0,0.33438057
26852,0.0,1,0.63468564
19102,1.0,0,0.40098163
4263,1.0,0,0.46284288
28766,0.0,0,0.022670785
19656,0.0,0,0.06554115
25265,0.0,0,0.14349414
13733,0.0,0,0.040918346
8410,0.0,0,0.082136154
10314,0.0,0,0.11349844
20177,0.0,0,0.48885596
11726,1.0,0,0.0433955
18363,1.0,0,0.10121369
21588,0.0,0,0.34226298
819,0.0,0,0.11107445
2711,0.0,0,0.042143572
8389,1.0,0,0.17218739
16867,0.0,0,0.14843576
4256,0.0,0,0.14690775
14794,1.0,1,0.6184365
14332,0.0,0,0.059202287
25940,0.0,0,0.05656915
16524,0.0,0,0.1714759
7506,1.0,0,0.34980133
14705,0.0,0,0.08741273
5360,0.0,0,0.07826708
22802,0.0,0,0.053897306
15450,0.0,0,0.03239568
17138,1.0,0,0.3580573
22091,1.0,0,0.4824526
5148,1.0,1,0.5926356
28623,0.0,0,0.1503426
15878,1.0,0,0.14837667
15542,0.0,0,0.14647779
7175,0.0,1,0.73423266
12387,1.0,0,0.37009266
21427,0.0,0,0.115429424
25094,0.0,0,0.090104796
6070,0.0,0,0.039329853
10195,1.0,1,0.7595692
16809,0.0,0,0.104035854
10927,0.0,0,0.12404433
2689,1.0,0,0.06858472
20985,0.0,0,0.04879429
1418,0.0,1,0.5595304
3917,1.0,0,0.34834185
19728,1.0,0,0.065119214
7490,0.0,0,0.2989519
5739,1.0,1,0.6186984
21921,1.0,0,0.095380016
14224,0.0,0,0.14567472
6809,0.0,0,0.06624088
13535,0.0,0,0.1535013
2176,0.0,0,0.10642026
18389,0.0,0,0.07765573
20004,0.0,0,0.04836803
5979,0.0,0,0.11926618
7679,0.0,0,0.08108328
25906,0.0,0,0.14694785
3348,0.0,0,0.08993634
11349,0.0,0,0.07513265
18195,0.0,0,0.098408915
24772,0.0,0,0.41696158
26753,0.0,0,0.057700288
8117,0.0,0,0.14430141
5314,0.0,0,0.3686746
29636,0.0,0,0.15076792
23443,0.0,0,0.12922575
19332,0.0,0,0.16176474
21985,0.0,0,0.23377812
4993,1.0,1,0.750912
16565,0.0,0,0.040768158
25264,0.0,0,0.15915026
26096,0.0,0,0.14164922
10139,1.0,0,0.4855526
11030,0.0,0,0.13901158
3007,0.0,0,0.13465737
2369,0.0,0,0.02356443
19307,0.0,0,0.069501
12823,0.0,1,0.6681766
11782,0.0,0,0.061577536
23039,0.0,0,0.05281303
29665,0.0,0,0.108484305
9320,0.0,0,0.04257509
24356,0.0,0,0.11636122
2860,0.0,0,0.26140985
4502,1.0,0,0.09907922
26428,0.0,0,0.090283364
6024,0.0,0,0.39628902
29316,0.0,0,0.055250783
5741,0.0,0,0.07004974
20993,1.0,1,0.7423276
3122,0.0,0,0.16178665
9274,0.0,0,0.01759471
26083,0.0,1,0.63692683
23695,0.0,0,0.48747543
5286,0.0,0,0.077141434
14177,1.0,0,0.3387327
25861,0.0,0,0.0389556
18586,0.0,0,0.031333286
4305,0.0,0,0.14793216
7040,0.0,0,0.116796955
7260,0.0,0,0.09923797
16447,1.0,1,0.530709
9809,0.0,0,0.05577064
5778,0.0,0,0.06808503
12622,0.0,0,0.078844704
20279,1.0,0,0.094201624
20923,1.0,0,0.12154787
6415,0.0,0,0.2640562
12829,0.0,0,0.33056623
28705,0.0,0,0.14721814
19239,0.0,0,0.06647768
3129,0.0,0,0.4283427
19739,0.0,0,0.12057285
6752,1.0,0,0.16479121
28903,0.0,0,0.3293338
6320,0.0,0,0.120991446
26763,0.0,0,0.24832244
22440,0.0,0,0.02895097
3887,0.0,0,0.09073061
18607,1.0,0,0.37060478
778,0.0,0,0.20955104
2666,0.0,0,0.0963828
3686,0.0,0,0.04401608
1351,0.0,0,0.32761616
15514,1.0,0,0.095802434
18916,0.0,0,0.24127154
7269,0.0,1,0.5768395
7155,1.0,1,0.72910666
6790,0.0,0,0.13269651
14960,0.0,0,0.15398687
29577,1.0,1,0.6697808
9325,0.0,0,0.08262474
23500,0.0,0,0.14438228
21338,0.0,0,0.08407121
20073,0.0,0,0.040378332
10283,0.0,0,0.05879355
16965,0.0,0,0.037547793
15862,1.0,1,0.560233
27059,0.0,0,0.13057224
4672,0.0,0,0.079454355
9268,0.0,0,0.09907215
23126,1.0,0,0.08921591
509,0.0,0,0.3484049
25424,0.0,0,0.058292866
4287,0.0,0,0.12458149
25980,0.0,0,0.024968645
11671,0.0,0,0.17775096
10096,0.0,1,0.5795962
11994,0.0,1,0.57586473
4766,0.0,0,0.02435365
9118,0.0,0,0.028267715
12263,0.0,0,0.40084302
13327,1.0,0,0.15435953
4563,0.0,0,0.09651773
20768,1.0,0,0.08441861
27697,1.0,1,0.51218104
24041,0.0,0,0.072238624
22383,0.0,0,0.057844058
16460,1.0,1,0.52731586
4767,0.0,0,0.1054973
26881,0.0,1,0.6094253
28208,0.0,0,0.20161615
24750,0.0,0,0.4126378
22093,0.0,0,0.03138536
14966,0.0,0,0.14391266
12378,0.0,0,0.054576308
28994,1.0,0,0.0356967
10718,0.0,0,0.13526143
18519,1.0,1,0.7972259
24017,0.0,0,0.084244445
4266,0.0,0,0.013683002
15224,1.0,0,0.12779464
24421,0.0,0,0.061063938
24701,0.0,0,0.02545366
29839,1.0,0,0.076318406
16595,1.0,1,0.62825096
23760,1.0,0,0.33312452
29719,0.0,0,0.17034715
8903,0.0,0,0.08744575
22627,0.0,0,0.05218143
24729,0.0,0,0.10625358
28993,0.0,0,0.08082774
478,0.0,0,0.44586018
19002,0.0,0,0.24150115
4388,1.0,1,0.7012131
21125,0.0,0,0.082196824
25125,0.0,0,0.14260244
7157,0.0,0,0.13233173
12022,1.0,1,0.7188692
28454,1.0,1,0.636419
1377,0.0,0,0.14367692
28756,0.0,0,0.028213417
5790,0.0,0,0.108604036
20598,1.0,0,0.14464983
13943,0.0,0,0.10992271
13603,0.0,0,0.20731688
24752,0.0,0,0.12963691
11907,1.0,0,0.31672856
22397,0.0,0,0.09183848
14286,0.0,0,0.018924374
24099,0.0,0,0.04899687
6970,0.0,0,0.24764626
21437,0.0,0,0.13191532
26091,0.0,0,0.064894326
9567,1.0,0,0.43031412
25197,1.0,1,0.7572108
20815,0.0,0,0.13783531
13998,1.0,1,0.5066314
23351,1.0,0,0.05516395
8176,1.0,0,0.04983478
28714,0.0,0,0.0742876
8073,0.0,0,0.05883623
13850,0.0,0,0.36338428
27869,1.0,0,0.084614426
17774,0.0,0,0.055946004
1759,0.0,0,0.108316235
29737,0.0,0,0.12446372
8465,0.0,0,0.015978131
22501,0.0,0,0.11510569
18560,0.0,0,0.130794
7856,0.0,0,0.14627926
21303,0.0,0,0.12621388
12949,1.0,0,0.32447848
17463,0.0,0,0.03234199
12727,0.0,0,0.05237901
847,0.0,0,0.073001646
21153,0.0,0,0.16423406
25303,0.0,0,0.39743167
27663,0.0,1,0.50070703
27852,0.0,0,0.4039162
29514,0.0,0,0.4903202
16824,0.0,0,0.046819437
4319,0.0,0,0.035794917
449,0.0,0,0.044441354
20366,0.0,0,0.115425065
13484,0.0,0,0.07928062
1276,1.0,0,0.17773698
28630,0.0,0,0.09899615
25883,0.0,0,0.14359252
17893,0.0,0,0.34429124
4385,0.0,0,0.16545442
18601,0.0,0,0.13423958
12610,1.0,1,0.594942
14604,0.0,0,0.123571485
27746,0.0,0,0.096979365
4415,0.0,0,0.14782646
17933,0.0,0,0.10168658
18472,0.0,0,0.12072569
11228,0.0,0,0.061144866
7049,1.0,1,0.6823114
29019,0.0,0,0.15420659
25194,1.0,0,0.362083
5106,0.0,0,0.115527935
2832,0.0,0,0.16944566
21443,0.0,0,0.07519961
12432,0.0,0,0.062096138
25786,0.0,0,0.08990368
28207,1.0,0,0.18151653
8267,0.0,0,0.022422964
14440,1.0,1,0.7187687
8690,1.0,0,0.12976667
23425,0.0,0,0.020785954
25492,0.0,0,0.10631928
14758,0.0,0,0.37018806
25807,0.0,0,0.044699356
11899,0.0,0,0.055187736
16495,0.0,0,0.09099251
25177,0.0,1,0.59919816
5867,0.0,0,0.11805712
6353,0.0,1,0.66353583
14197,0.0,0,0.03304795
27107,0.0,0,0.14411077
26648,1.0,1,0.5454475
15256,0.0,0,0.16267492
14606,0.0,0,0.15160833
10754,1.0,0,0.075454496
27365,0.0,0,0.38947958
8550,0.0,0,0.061694194
10762,1.0,0,0.11057086
10617,0.0,0,0.05891169
6166,0.0,0,0.17137372
24509,0.0,0,0.17795576
6530,0.0,0,0.16176197
28076,0.0,0,0.069158435
627,0.0,0,0.09665341
1544,0.0,0,0.14263672
4039,0.0,0,0.13182619
23128,0.0,0,0.057981644
9206,0.0,0,0.10804582
8044,1.0,0,0.05282972
8255,0.0,0,0.2916511
5614,0.0,0,0.16506222
22823,0.0,0,0.07681938
16643,0.0,1,0.52280176
18492,0.0,0,0.08461168
18559,0.0,0,0.038670953
28259,0.0,0,0.1535818
15463,0.0,0,0.16311076
15873,0.0,0,0.050803035
17819,0.0,0,0.17497794
26651,0.0,0,0.41016698
6223,0.0,0,0.09849569
17912,1.0,0,0.19231996
16278,0.0,0,0.04309775
23989,0.0,0,0.21589306
25231,0.0,0,0.11623473
5972,1.0,0,0.15708245
25851,1.0,0,0.14326753
21058,1.0,1,0.7505793
19552,0.0,1,0.58578545
23715,0.0,0,0.0676342
3492,0.0,0,0.020837532
26362,0.0,0,0.12093732
28540,0.0,0,0.08549187
11739,1.0,1,0.5037369
8562,0.0,0,0.36935502
24854,0.0,0,0.044812907
28500,0.0,0,0.047023773
988,0.0,0,0.19513412
9031,0.0,0,0.061310854
13802,0.0,0,0.31278238
15569,0.0,0,0.07610508
11728,1.0,0,0.12995473
12741,0.0,0,0.12478012
22076,0.0,0,0.23581073
22756,1.0,0,0.082084216
4965,0.0,0,0.030189767
2569,0.0,1,0.533905
11876,0.0,0,0.028425543
15807,0.0,0,0.05799791
27494,1.0,0,0.14136614
11222,0.0,0,0.17861685
29880,0.0,0,0.058326352
6671,0.0,0,0.029323343
26632,0.0,0,0.3456675
2885,0.0,0,0.049373724
14684,0.0,0,0.048062827
4424,0.0,0,0.12958434
6934,0.0,0,0.12786065
20250,0.0,0,0.20934479
27166,0.0,0,0.44517875
12784,0.0,0,0.13821553
13707,0.0,0,0.13013789
2375,1.0,1,0.73760337
21245,0.0,0,0.19076574
5745,0.0,0,0.07112119
25872,0.0,0,0.16818105
13629,0.0,0,0.11649012
24538,0.0,0,0.21739331
4901,1.0,0,0.1612219
26867,1.0,0,0.08559307
29676,0.0,0,0.06504616
22255,0.0,0,0.039492954
28552,0.0,0,0.13615799
1465,0.0,0,0.07686317
132,0.0,0,0.15504865
10943,1.0,0,0.24712509
18200,0.0,0,0.04537879
3521,0.0,0,0.30947858
28216,0.0,0,0.3166904
17315,0.0,0,0.37337342
1627,0.0,0,0.22338007
1475,1.0,0,0.09080971
16374,0.0,0,0.016772809
27,1.0,0,0.2578955
23309,0.0,0,0.08547336
21189,1.0,0,0.13888207
29718,1.0,0,0.08012235
21993,0.0,0,0.05375779
12959,1.0,0,0.3779237
18762,0.0,0,0.029935505
666,0.0,0,0.11989579
17164,0.0,0,0.13386494
12427,0.0,0,0.14503531
20579,0.0,0,0.11796359
26707,1.0,1,0.5582158
1707,0.0,1,0.7964285
26967,0.0,0,0.17374964
3811,0.0,0,0.07735202
8072,0.0,0,0.12374339
4710,0.0,0,0.067925006
14327,0.0,0,0.081442885
20377,0.0,0,0.08927366
16821,0.0,0,0.13649237
25106,0.0,0,0.078631565
1685,0.0,0,0.07806411
4306,0.0,0,0.16832888
28813,0.0,0,0.030719673
23255,0.0,0,0.09356079
15704,0.0,0,0.19218679
27054,1.0,1,0.7843393
13970,0.0,0,0.07883768
17066,0.0,0,0.121288404
6718,1.0,0,0.22050364
18734,0.0,0,0.15223809
19125,0.0,0,0.040320136
24403,0.0,0,0.042138163
27350,0.0,0,0.21975026
7799,0.0,0,0.43349013
22062,0.0,0,0.054727904
15209,0.0,0,0.43736193
12751,1.0,0,0.48350328
18906,0.0,0,0.12584583
352,0.0,0,0.16050342
8837,0.0,0,0.034957033
1260,0.0,1,0.5282441
27310,0.0,0,0.024226146
29584,0.0,0,0.102360904
24400,0.0,0,0.08351599
