customer_id,actual_default,predicted_default,default_probability
6908,0.0,0,0.07996245
24576,0.0,0,0.15312338
26767,0.0,0,0.13556306
2157,1.0,0,0.05180263
3180,0.0,0,0.033602208
29383,0.0,0,0.26144096
24455,0.0,0,0.11402543
23887,0.0,0,0.016424857
5505,0.0,0,0.08849933
29721,0.0,0,0.06728356
6909,0.0,0,0.24707659
2160,0.0,0,0.21210057
20843,1.0,0,0.20585433
25129,0.0,0,0.1100957
18809,0.0,0,0.04486542
19078,0.0,0,0.48640394
24732,0.0,0,0.009197561
3055,1.0,0,0.38131377
8489,0.0,0,0.08354671
23922,0.0,0,0.1684114
8788,0.0,0,0.012752797
15140,1.0,0,0.12970108
12739,0.0,0,0.112792894
25032,0.0,0,0.11676403
20340,1.0,0,0.21108463
10309,0.0,0,0.23844029
14602,0.0,0,0.126231
3592,0.0,0,0.08147083
3561,1.0,1,0.77242935
24891,0.0,0,0.42749596
27482,1.0,0,0.21701376
10272,0.0,0,0.1307827
16626,1.0,1,0.7811368
26721,0.0,0,0.1349518
25616,0.0,0,0.10722512
8313,0.0,0,0.07450194
12180,0.0,0,0.06791391
1560,1.0,0,0.05644764
6134,0.0,0,0.06609686
24413,1.0,0,0.49314457
24096,0.0,0,0.17410062
29296,0.0,1,0.6842691
5520,0.0,0,0.17090513
6850,0.0,0,0.13391516
12314,0.0,0,0.11057268
24062,0.0,0,0.07116965
14990,0.0,0,0.16213089
28443,0.0,1,0.6868247
14702,0.0,0,0.11272334
27686,0.0,0,0.23974575
29569,0.0,0,0.2659091
28885,0.0,0,0.08275093
2422,1.0,1,0.7873553
9007,1.0,1,0.7219152
20661,1.0,0,0.14614531
20334,0.0,0,0.03221185
26444,0.0,0,0.11920342
10956,0.0,0,0.019149192
18160,0.0,0,0.027234042
12067,1.0,1,0.7739697
13426,0.0,0,0.15236826
9386,1.0,1,0.6792579
27185,1.0,0,0.24404138
22388,0.0,0,0.22841783
21907,0.0,0,0.1620881
7002,0.0,0,0.045973975
6745,1.0,0,0.4243732
17779,0.0,1,0.7212005
23308,1.0,0,0.031955734
22443,1.0,0,0.051330563
21144,1.0,0,0.17229506
27797,0.0,0,0.049349777
22408,0.0,0,0.015157746
9493,1.0,0,0.48569003
29959,0.0,0,0.1380961
7439,0.0,0,0.18932427
18923,0.0,0,0.03464436
26426,0.0,0,0.050704915
1047,1.0,0,0.20421682
19774,0.0,0,0.076335
14584,1.0,1,0.56358063
13474,0.0,0,0.07392741
24177,0.0,0,0.27815968
9037,0.0,0,0.15204461
21394,1.0,0,0.211199
11851,1.0,0,0.23579055
1133,0.0,1,0.8311841
25283,0.0,0,0.12231029
22534,0.0,0,0.11684512
15693,0.0,0,0.20057857
17400,0.0,0,0.11483613
8352,0.0,0,0.11114727
19583,0.0,0,0.10230684
19698,1.0,1,0.81564695
11947,1.0,0,0.37256002
20514,0.0,0,0.16782969
3927,0.0,0,0.18804614
23502,0.0,0,0.4061583
2657,1.0,0,0.46063462
17183,0.0,0,0.047614623
26571,0.0,0,0.27489036
11068,0.0,0,0.2463135
28080,0.0,0,0.23247316
26225,0.0,0,0.086772315
17283,1.0,0,0.16756414
4311,0.0,0,0.18077812
9719,1.0,0,0.34178406
7449,0.0,0,0.052978262
7938,0.0,0,0.18844625
28867,0.0,0,0.117782116
6348,0.0,0,0.4685792
20913,0.0,0,0.20522162
7018,0.0,0,0.22628638
1943,0.0,0,0.098077506
9819,0.0,0,0.123411596
19997,1.0,0,0.090957075
17721,0.0,0,0.31568375
15675,0.0,0,0.05835341
10312,0.0,0,0.09752726
20130,1.0,1,0.7559874
18057,0.0,0,0.027524628
14594,0.0,0,0.22939126
27749,1.0,1,0.6666189
4091,0.0,0,0.1398509
19736,0.0,0,0.028645819
26723,0.0,0,0.06821647
19295,0.0,0,0.07356609
9234,0.0,1,0.65656954
14822,0.0,0,0.2069804
23541,0.0,0,0.3985371
16730,1.0,1,0.51539016
17619,1.0,0,0.46948755
21999,0.0,0,0.047241867
23643,0.0,0,0.03857147
14974,1.0,1,0.7633397
9503,0.0,0,0.15594012
2752,0.0,0,0.35301116
25477,0.0,0,0.09285194
10325,0.0,0,0.10175391
4073,0.0,0,0.07167998
6883,0.0,0,0.06478965
7147,0.0,0,0.1956236
16126,1.0,1,0.7780141
18094,0.0,0,0.2118718
19646,0.0,0,0.07016098
3865,0.0,0,0.14046752
29016,1.0,1,0.73493356
6817,0.0,0,0.049319837
13742,1.0,0,0.09440028
14255,0.0,0,0.41101077
9012,1.0,1,0.7616699
198,0.0,0,0.12245563
7007,0.0,0,0.17925206
8332,0.0,0,0.07834583
17483,1.0,1,0.6387757
14916,0.0,0,0.0049137897
6464,0.0,0,0.062059753
27677,0.0,0,0.051531557
4517,0.0,0,0.18938111
18622,0.0,0,0.24879384
19848,0.0,0,0.27945787
1497,1.0,1,0.58852655
13146,0.0,0,0.075475976
7815,0.0,0,0.14339195
15374,0.0,0,0.07179925
22791,0.0,0,0.16082166
2940,0.0,0,0.020113796
22036,0.0,0,0.099282876
10373,0.0,0,0.13709235
19931,0.0,0,0.107937135
25237,0.0,0,0.13854825
27369,0.0,0,0.4234041
8108,0.0,0,0.21776976
15961,0.0,0,0.025025954
28299,0.0,0,0.15661825
17847,1.0,1,0.8298204
14304,0.0,0,0.43024358
29682,1.0,0,0.40300643
3952,0.0,0,0.10064561
23768,0.0,0,0.2804584
11084,1.0,0,0.4434963
8947,0.0,0,0.23570323
12871,1.0,0,0.1719704
10338,1.0,1,0.8529934
15113,0.0,0,0.15167348
13901,0.0,0,0.20729923
5264,0.0,0,0.06492429
28533,1.0,1,0.5670855
10652,0.0,0,0.018061168
25426,0.0,0,0.16285731
21512,1.0,0,0.22053881
14663,0.0,0,0.019184008
4431,0.0,0,0.023069024
13348,0.0,0,0.28099707
27767,1.0,0,0.32928073
1758,0.0,0,0.24722292
28362,0.0,0,0.115066975
29142,0.0,0,0.008271261
21662,0.0,0,0.17479636
21807,0.0,0,0.122705735
14514,0.0,0,0.008575892
29215,1.0,1,0.52797794
25902,0.0,0,0.11512477
24208,0.0,0,0.03873771
2471,1.0,1,0.7658688
4750,0.0,0,0.17915654
6858,1.0,0,0.3091064
4656,0.0,0,0.24786863
803,0.0,0,0.14439052
27236,0.0,1,0.5570076
15034,1.0,1,0.79045194
27199,1.0,0,0.21485624
15057,0.0,0,0.48700723
27653,0.0,0,0.36356062
6732,0.0,0,0.102111325
11711,0.0,0,0.25381535
19825,1.0,1,0.74336064
9131,1.0,1,0.6867645
22690,0.0,0,0.04067601
6572,0.0,0,0.18017903
22928,0.0,0,0.15695876
13981,0.0,0,0.17518395
18913,0.0,0,0.07627769
10329,0.0,0,0.2598737
9387,0.0,0,0.13502225
13137,0.0,0,0.056665346
16328,0.0,0,0.16186085
1358,1.0,1,0.6893812
20939,0.0,0,0.059747435
2009,1.0,0,0.33681393
12091,0.0,0,0.33998382
13875,0.0,0,0.041271765
21259,0.0,0,0.032940187
18956,1.0,0,0.15864222
20586,0.0,0,0.005024591
10033,1.0,0,0.111408584
16854,1.0,1,0.8196444
25602,0.0,0,0.09124087
29528,0.0,0,0.08373267
12053,0.0,0,0.086271495
2074,0.0,0,0.10540064
2536,0.0,0,0.18859561
26476,1.0,0,0.31147066
14401,0.0,0,0.058106232
25784,0.0,0,0.06375621
27455,0.0,0,0.3542938
27473,0.0,0,0.08036629
12697,0.0,0,0.103053555
10572,1.0,0,0.12521216
6309,0.0,0,0.073185496
28317,0.0,0,0.10179863
5251,0.0,0,0.1848068
21422,0.0,0,0.023292515
19842,0.0,0,0.043651976
12129,1.0,0,0.18543005
28582,0.0,1,0.74244773
20737,0.0,0,0.41616723
15102,0.0,0,0.120764844
25448,0.0,0,0.059425917
21023,0.0,0,0.09409577
19604,1.0,0,0.23299162
25368,0.0,0,0.12753366
5989,0.0,0,0.32174587
7478,0.0,0,0.103534155
14542,1.0,1,0.71462536
20954,0.0,0,0.33979475
22650,0.0,0,0.070964806
14815,0.0,0,0.13037163
21387,0.0,0,0.261618
5976,0.0,0,0.16618553
14413,0.0,0,0.10048923
11693,0.0,0,0.38115013
22518,0.0,0,0.118430465
10881,0.0,0,0.24018037
28107,0.0,0,0.028388752
23301,0.0,0,0.06779303
14152,0.0,0,0.34236932
1500,0.0,0,0.23333423
593,0.0,0,0.12420174
10093,0.0,0,0.04963465
15152,1.0,1,0.8176433
2140,1.0,0,0.19461642
27161,1.0,1,0.8159835
4828,0.0,0,0.1317007
21812,1.0,1,0.81523114
21400,0.0,0,0.12590966
6179,0.0,0,0.10430635
20358,1.0,0,0.15745518
19401,0.0,1,0.50872016
21499,0.0,0,0.16927315
12657,0.0,0,0.045168977
12997,1.0,1,0.7357225
25227,0.0,0,0.3655997
7960,0.0,1,0.6003041
6548,0.0,0,0.06333045
18567,0.0,0,0.13850217
5590,0.0,0,0.12743561
9074,0.0,0,0.4345414
18310,0.0,0,0.16632204
5023,0.0,0,0.30001158
27291,0.0,0,0.080204666
21204,1.0,0,0.46770206
27490,0.0,0,0.101988286
15532,1.0,1,0.59909284
13795,0.0,0,0.15189308
19903,0.0,0,0.09217694
12442,0.0,0,0.0343468
10761,0.0,0,0.20127037
5160,0.0,0,0.03736152
3141,1.0,0,0.4954992
23486,0.0,0,0.17227726
15768,0.0,0,0.22970787
27496,1.0,0,0.26238808
27603,0.0,0,0.012594718
6062,0.0,1,0.7631717
8658,1.0,0,0.059709217
3295,0.0,0,0.0070969956
11157,0.0,0,0.07548042
21002,1.0,1,0.6587357
18017,0.0,0,0.37786782
22753,0.0,0,0.15311058
28033,0.0,1,0.78756624
19190,1.0,0,0.16803728
4620,0.0,0,0.08469405
29121,0.0,0,0.28162798
15337,0.0,0,0.22110601
2720,0.0,0,0.1345173
13923,1.0,0,0.21973218
18099,0.0,0,0.23703752
5500,0.0,0,0.02147971
5413,0.0,0,0.30901077
26117,0.0,0,0.08943949
21995,0.0,0,0.052103143
4019,1.0,0,0.38766086
25324,0.0,0,0.06259339
2252,0.0,1,0.79168826
27850,0.0,1,0.62025166
3464,0.0,0,0.106709205
248,0.0,0,0.09684292
26862,0.0,0,0.042691823
14764,1.0,1,0.667391
2748,0.0,0,0.0370775
25164,0.0,0,0.12060974
2311,0.0,0,0.41448525
19510,0.0,0,0.0416507
7241,0.0,0,0.0830708
9912,0.0,0,0.08430065
11492,0.0,0,0.054523773
13170,0.0,0,0.053958695
27670,0.0,0,0.44128504
11290,0.0,0,0.18870372
2919,1.0,0,0.11411236
28417,0.0,0,0.03756345
5915,0.0,0,0.08443545
12243,0.0,0,0.11293955
15811,1.0,1,0.7622652
26009,0.0,0,0.17707026
24743,0.0,0,0.041548822
16523,0.0,0,0.45652238
17470,0.0,0,0.10885171
24342,1.0,1,0.6572317
3331,0.0,0,0.39738438
3729,1.0,0,0.40524012
20336,1.0,1,0.8026303
24388,0.0,0,0.101377904
12553,1.0,0,0.12866618
8401,0.0,1,0.82383466
8542,1.0,0,0.07131038
16006,0.0,0,0.17916322
26468,0.0,0,0.063067056
8466,0.0,0,0.14531763
9551,0.0,1,0.7784686
20920,1.0,1,0.6844526
15819,0.0,0,0.015515326
8810,0.0,0,0.16695918
16388,0.0,0,0.024757935
23134,1.0,0,0.063164674
18745,0.0,0,0.09429143
7477,1.0,0,0.15075281
23602,0.0,0,0.08724315
9714,0.0,0,0.17654714
21858,0.0,0,0.09385303
7597,0.0,0,0.018492203
15198,0.0,0,0.09633118
11076,0.0,0,0.14524834
11908,1.0,1,0.81768566
29690,0.0,0,0.1956482
12372,1.0,0,0.48517704
28451,0.0,0,0.06907511
10131,0.0,0,0.037622973
9357,1.0,0,0.13408798
8225,0.0,0,0.48854256
9135,0.0,0,0.022609698
2494,0.0,0,0.026550068
9727,1.0,0,0.23616534
11910,0.0,0,0.11864931
12154,0.0,0,0.16091883
29525,1.0,1,0.53458244
29301,1.0,1,0.7653363
18349,0.0,0,0.088423274
6921,1.0,0,0.12786597
15975,0.0,0,0.09316605
7445,0.0,0,0.12866715
16133,1.0,1,0.6955564
12760,0.0,0,0.13900292
28248,0.0,0,0.2133834
8280,0.0,0,0.12725487
28167,1.0,0,0.12707813
29088,0.0,0,0.44767827
15157,0.0,0,0.12004307
7534,0.0,0,0.115256935
2841,0.0,0,0.09153262
22503,1.0,0,0.40646982
8142,0.0,0,0.16576459
15900,0.0,0,0.17641906
21166,1.0,1,0.7492498
5547,0.0,0,0.16587721
2643,0.0,0,0.30609852
3199,0.0,0,0.3546303
27983,0.0,0,0.12956858
10311,0.0,0,0.0811335
17044,1.0,1,0.76020366
22322,0.0,0,0.1483594
7243,0.0,0,0.1268766
11755,0.0,0,0.20653677
27691,0.0,0,0.09228665
8775,0.0,0,0.106756724
28163,0.0,0,0.14723632
22712,1.0,0,0.054209102
25207,0.0,0,0.08773062
25909,0.0,0,0.1799175
11550,1.0,0,0.094911225
20944,1.0,1,0.7106021
26980,0.0,0,0.04521309
23627,0.0,0,0.02450324
23772,0.0,0,0.118523315
23044,1.0,0,0.10788332
23576,0.0,0,0.17166916
22105,0.0,0,0.0746097
3833,1.0,0,0.37103194
2776,0.0,0,0.101303264
2102,0.0,1,0.7985094
4095,0.0,0,0.1267962
26726,0.0,0,0.028839136
4772,0.0,0,0.1537553
24127,1.0,1,0.68346685
29995,1.0,1,0.79786
12251,0.0,0,0.046672516
28894,0.0,1,0.69581246
16607,0.0,0,0.1917163
4536,1.0,0,0.3943201
13801,0.0,1,0.747119
14941,0.0,0,0.16921727
12105,0.0,0,0.19790639
9062,0.0,1,0.7638078
3669,0.0,0,0.20660882
22378,0.0,0,0.030479508
15860,0.0,0,0.092772
21307,0.0,0,0.10368273
19887,0.0,0,0.1963508
10317,1.0,0,0.36477792
13991,0.0,0,0.17652173
24998,0.0,0,0.08744423
27227,0.0,0,0.10176686
23763,0.0,0,0.14299116
20019,0.0,0,0.09452474
17760,0.0,0,0.09494368
2318,0.0,0,0.14493835
306,0.0,0,0.13676739
16555,1.0,1,0.8243141
21197,0.0,0,0.1328971
26513,0.0,0,0.10140683
13717,0.0,0,0.3389199
27895,0.0,0,0.078106195
21481,1.0,1,0.50436085
25083,0.0,0,0.05927582
15530,0.0,0,0.025092335
20440,1.0,0,0.45193428
20806,1.0,0,0.19578502
28593,0.0,0,0.10007024
27705,0.0,0,0.49080217
22099,0.0,0,0.033690535
27745,0.0,0,0.1135597
25827,0.0,0,0.016254365
27596,1.0,0,0.19260643
26882,0.0,0,0.054862138
21969,0.0,0,0.16356973
29969,0.0,0,0.24316484
3977,0.0,1,0.7042032
29492,1.0,0,0.37171027
18697,0.0,0,0.04386232
392,1.0,0,0.042282145
27855,0.0,0,0.13040045
17249,1.0,1,0.7747091
18731,1.0,0,0.15376046
150,0.0,0,0.20323147
15802,0.0,0,0.083211
24689,0.0,0,0.110473044
14883,0.0,0,0.21850489
28401,0.0,0,0.37090975
5001,0.0,0,0.4027233
18236,0.0,0,0.099961594
22044,0.0,0,0.03798709
28424,0.0,0,0.031963598
565,0.0,1,0.79788876
23412,0.0,0,0.06817138
1663,0.0,0,0.33395782
240,1.0,0,0.095309876
3670,0.0,0,0.11791117
13393,0.0,0,0.079269245
10816,1.0,1,0.59853244
23754,0.0,0,0.29262894
10429,0.0,0,0.077166885
26420,0.0,0,0.095125295
26784,0.0,0,0.060240887
12231,0.0,0,0.42533585
6471,0.0,0,0.22591726
3651,0.0,0,0.029701876
4262,0.0,0,0.31579143
17739,1.0,1,0.5441358
25974,0.0,0,0.13879102
8898,0.0,0,0.42760998
2498,0.0,0,0.13196754
25615,0.0,0,0.022203298
12819,0.0,0,0.2196557
23323,1.0,0,0.17404425
13577,0.0,0,0.117434956
10103,1.0,1,0.8188793
24289,0.0,0,0.044386458
29859,0.0,0,0.30721098
15888,0.0,0,0.019423757
13669,0.0,0,0.16845672
20235,0.0,0,0.012244867
16687,1.0,1,0.509287
22287,1.0,0,0.38446385
2391,1.0,0,0.37475327
7283,0.0,0,0.096126735
15546,1.0,1,0.7406491
7948,0.0,0,0.22310731
10815,1.0,0,0.13507618
13240,1.0,0,0.44976988
17449,1.0,0,0.074546516
24137,0.0,0,0.049725715
4919,0.0,0,0.017973
13882,1.0,0,0.4005654
18281,0.0,0,0.26182443
14737,0.0,0,0.064413525
20948,0.0,0,0.09104401
27636,1.0,0,0.16898286
28730,0.0,0,0.10670948
1774,1.0,1,0.7535824
4907,0.0,0,0.21076722
19891,0.0,0,0.18384881
20145,0.0,0,0.04909952
5462,0.0,0,0.11988071
24013,1.0,1,0.62562084
17622,0.0,0,0.27483654
13113,0.0,0,0.0845779
978,0.0,0,0.0925821
19373,0.0,0,0.018227264
22112,1.0,1,0.6976675
18255,0.0,0,0.15781051
24602,1.0,1,0.6900915
26931,1.0,0,0.21290024
10823,1.0,1,0.74945897
28015,0.0,0,0.099848814
14309,0.0,0,0.06814882
2817,0.0,0,0.12738428
7603,1.0,0,0.22096208
26332,0.0,0,0.05217799
22768,0.0,0,0.024820985
8841,0.0,0,0.15785517
10065,1.0,0,0.09706792
22779,0.0,0,0.012801958
690,0.0,0,0.12910788
14928,1.0,0,0.47873613
1085,0.0,0,0.16181967
8895,0.0,0,0.07800827
4008,0.0,0,0.19546148
23519,0.0,0,0.04421129
655,0.0,0,0.2773957
8981,0.0,0,0.049480412
12347,1.0,1,0.8020821
29738,1.0,1,0.6684856
6242,0.0,0,0.08648999
20390,0.0,1,0.5141345
2151,0.0,0,0.12211641
6492,0.0,0,0.15514757
21167,1.0,1,0.75904673
3594,0.0,1,0.7634644
10021,0.0,0,0.23708318
26247,1.0,0,0.45888156
14472,1.0,1,0.77696687
24867,0.0,0,0.27237302
12441,0.0,0,0.051668808
21532,0.0,0,0.15789786
28041,0.0,0,0.1871764
3344,1.0,0,0.17677194
19080,0.0,0,0.06993016
3895,0.0,0,0.11187281
5965,0.0,0,0.0660115
21102,0.0,0,0.41047645
29845,0.0,0,0.01072039
10890,0.0,0,0.09157404
11696,0.0,0,0.24026984
12072,0.0,0,0.22279099
7207,0.0,0,0.14511102
23584,0.0,0,0.07515331
14560,0.0,0,0.07413852
1403,1.0,0,0.1361959
9518,1.0,1,0.5453364
18540,1.0,1,0.6892379
898,1.0,1,0.6481281
10735,0.0,0,0.08479737
3077,1.0,0,0.09998176
9991,0.0,0,0.0235728
3398,1.0,0,0.4228962
3460,1.0,0,0.0918879
24760,1.0,1,0.52354246
29814,0.0,0,0.054636035
1635,0.0,0,0.1919412
10076,1.0,0,0.19705594
5763,0.0,0,0.41206726
12046,0.0,0,0.09398899
22698,0.0,0,0.04054223
5932,0.0,0,0.02595161
17862,0.0,0,0.22448929
18751,0.0,0,0.028084515
26152,0.0,0,0.06541884
6252,1.0,0,0.16568173
24408,1.0,0,0.15143657
16081,0.0,0,0.022746142
15822,0.0,0,0.11452938
17175,1.0,1,0.61705774
13863,0.0,0,0.18464881
19644,0.0,0,0.007819883
17486,1.0,1,0.7613564
2777,1.0,1,0.7053441
11614,0.0,0,0.25249237
25600,0.0,0,0.21847828
8423,0.0,0,0.052169412
1116,0.0,0,0.094581224
7315,1.0,0,0.1613397
2990,0.0,0,0.08660673
4569,0.0,0,0.15203431
18964,1.0,0,0.2463139
9011,0.0,0,0.16878818
2608,1.0,0,0.15904386
14072,1.0,1,0.7640245
1079,0.0,0,0.21551184
6066,0.0,1,0.7053702
16326,0.0,0,0.4124354
26750,1.0,1,0.7502946
29263,0.0,0,0.1797049
397,0.0,0,0.09646354
23613,0.0,0,0.06391402
1588,0.0,0,0.017777707
26573,0.0,0,0.0713705
20420,0.0,0,0.11791003
21399,1.0,0,0.194421
11791,0.0,0,0.12516446
11835,0.0,1,0.71752954
4973,0.0,0,0.1623866
17943,0.0,0,0.033332154
18572,0.0,0,0.23472181
27251,0.0,0,0.11422086
29014,0.0,0,0.09519683
24521,0.0,0,0.03004775
22409,0.0,0,0.069452815
757,0.0,0,0.067023255
18118,0.0,0,0.11737409
22617,0.0,0,0.05832463
21314,0.0,0,0.2884675
9763,1.0,0,0.12855002
22895,0.0,0,0.13790299
25143,0.0,0,0.18918791
23932,0.0,0,0.47888228
10790,0.0,0,0.21183221
28283,1.0,0,0.08798288
25666,0.0,0,0.13291593
17816,0.0,0,0.14453866
4105,1.0,1,0.74421597
19243,0.0,0,0.14036034
13771,0.0,0,0.17328575
1089,0.0,0,0.12950982
27744,0.0,0,0.13302371
22180,0.0,0,0.02759203
7039,0.0,0,0.33104512
26297,0.0,0,0.07045139
25943,0.0,0,0.262018
19342,0.0,0,0.081551015
17993,0.0,0,0.006103139
727,0.0,0,0.065098286
18424,1.0,0,0.04577526
17022,0.0,0,0.38976362
23757,0.0,0,0.029169878
11648,0.0,0,0.0533701
15387,0.0,0,0.19196476
17231,1.0,1,0.71071976
6240,0.0,0,0.017299285
9924,0.0,0,0.13086724
2361,0.0,0,0.40362594
26839,0.0,0,0.022831824
24988,0.0,0,0.026761902
12591,0.0,0,0.17606428
29372,0.0,0,0.14292048
20085,0.0,0,0.0154141635
16525,0.0,0,0.44826916
12597,0.0,0,0.06239063
8122,0.0,0,0.06979455
9292,0.0,0,0.11127342
1990,1.0,0,0.18494318
23749,0.0,0,0.23369843
8874,0.0,0,0.03906752
15549,1.0,0,0.06942403
15317,1.0,1,0.7627905
9602,0.0,0,0.08306002
1295,0.0,0,0.067114346
8761,0.0,0,0.10141019
6524,0.0,0,0.12930155
21213,0.0,1,0.8109323
5493,0.0,0,0.25534147
24119,0.0,0,0.0016601826
1724,0.0,0,0.07492931
22998,0.0,0,0.014815939
18503,0.0,0,0.1614322
706,1.0,0,0.14803328
28902,0.0,0,0.04457561
26180,0.0,0,0.07936056
27244,1.0,0,0.17527512
26057,0.0,0,0.04947199
17519,0.0,0,0.036059625
4402,0.0,0,0.17023848
2334,0.0,0,0.32974154
5044,0.0,0,0.07052108
9191,1.0,1,0.7394039
23093,1.0,0,0.2707568
8379,0.0,0,0.1752646
27874,0.0,0,0.014381882
5803,0.0,0,0.08513181
983,1.0,0,0.010210957
7637,0.0,0,0.069216736
6978,0.0,0,0.035043985
15111,0.0,0,0.4969479
12935,0.0,0,0.09660524
25154,1.0,1,0.5200676
13079,0.0,0,0.17925818
20330,0.0,0,0.28980592
17565,0.0,0,0.15961553
9936,0.0,0,0.1948234
9623,0.0,0,0.18807216
10993,0.0,0,0.158597
15171,0.0,0,0.112623185
9553,0.0,0,0.114711575
27992,0.0,0,0.1305136
27136,0.0,0,0.040348366
20051,0.0,0,0.25602004
12904,0.0,0,0.12481048
4679,0.0,0,0.18365777
15849,0.0,0,0.12590274
19852,0.0,0,0.018045938
1102,1.0,0,0.39125934
6782,0.0,0,0.0075220554
13454,0.0,0,0.3713971
17548,1.0,1,0.7835205
25688,0.0,0,0.037831727
23105,0.0,0,0.053922758
9098,0.0,0,0.18057176
18903,0.0,0,0.31458804
17350,1.0,1,0.5279498
1756,0.0,0,0.18561368
29947,0.0,0,0.09922299
13696,0.0,0,0.48423475
28835,1.0,0,0.15032417
12371,0.0,0,0.104853995
2932,0.0,0,0.24769157
2142,0.0,0,0.20363925
13880,0.0,0,0.09733053
29932,0.0,0,0.14416048
13919,0.0,0,0.049521655
6424,0.0,0,0.023895659
15202,1.0,1,0.73247325
16177,0.0,0,0.111501314
17532,0.0,0,0.1944174
26591,0.0,0,0.14599843
24660,0.0,0,0.11280733
26387,0.0,0,0.19336571
20564,0.0,0,0.17433576
21676,0.0,0,0.21683511
28280,0.0,0,0.20403701
11145,0.0,0,0.09103874
18881,0.0,0,0.06599722
22883,0.0,0,0.057445813
25269,0.0,0,0.100502275
13740,1.0,1,0.72429377
21684,0.0,0,0.14090869
10739,0.0,0,0.18829963
14889,0.0,1,0.54685307
13621,0.0,0,0.16670348
5009,0.0,0,0.063896105
13084,1.0,1,0.7673992
4905,0.0,0,0.1886765
15201,1.0,1,0.74699646
14108,0.0,0,0.026885238
16703,0.0,0,0.10378598
18578,0.0,0,0.060679473
16052,0.0,0,0.020796832
2724,0.0,0,0.07685623
14435,1.0,0,0.45233828
2117,1.0,0,0.10513678
16520,1.0,0,0.40346822
6335,1.0,1,0.7695458
19400,0.0,0,0.04141559
7488,0.0,0,0.08974708
3913,0.0,0,0.15453416
3524,0.0,0,0.1493739
26060,0.0,0,0.10089566
8451,0.0,0,0.0044106324
2661,1.0,0,0.16542074
1831,1.0,0,0.17885742
24624,0.0,0,0.05287045
10079,0.0,0,0.10607594
29973,0.0,0,0.14712095
4597,1.0,0,0.2153622
215,0.0,1,0.71520066
1094,1.0,0,0.46523502
22852,1.0,1,0.60725015
13014,0.0,0,0.40368146
7594,0.0,0,0.0914191
20968,1.0,1,0.741802
5440,0.0,1,0.800664
12321,0.0,0,0.19376035
14500,0.0,0,0.47092527
20082,0.0,0,0.03655515
25117,1.0,0,0.14045192
13668,0.0,0,0.111432895
10088,0.0,0,0.059305295
1861,0.0,0,0.23786414
23448,0.0,0,0.19784753
14193,0.0,0,0.050800163
28070,0.0,0,0.054320164
27096,0.0,0,0.04630713
27684,1.0,1,0.6939077
19269,0.0,0,0.13382503
9183,0.0,0,0.08830734
19560,0.0,0,0.031135308
3116,0.0,0,0.4102191
14912,0.0,0,0.046192206
3120,0.0,0,0.038317677
13048,0.0,0,0.056187786
8657,0.0,1,0.5917279
21941,0.0,0,0.14341037
22324,0.0,0,0.02144928
3690,0.0,1,0.6052308
26993,0.0,0,0.07657022
14006,0.0,0,0.029043257
27290,0.0,0,0.10883138
5823,0.0,0,0.0544076
28055,1.0,1,0.82336736
6854,1.0,0,0.016484618
22090,0.0,0,0.40166286
20723,0.0,1,0.7591066
25545,0.0,0,0.069054045
3792,1.0,0,0.03255366
6538,0.0,0,0.0788816
20746,0.0,0,0.20352939
7046,0.0,0,0.07772094
12706,1.0,1,0.6584496
1795,1.0,0,0.15343189
29435,0.0,0,0.08468634
5122,1.0,0,0.33662844
6700,0.0,0,0.32861435
28991,0.0,0,0.14663213
23241,0.0,0,0.090298064
29547,0.0,0,0.09425768
6487,1.0,1,0.69739324
19565,1.0,0,0.32401642
13221,0.0,0,0.16829747
5121,0.0,0,0.13119648
10859,0.0,0,0.13790813
29671,0.0,1,0.7126289
12598,1.0,0,0.31981668
2071,0.0,0,0.07171758
18747,0.0,0,0.14348286
25990,0.0,0,0.06482055
12686,0.0,0,0.3095863
8130,0.0,1,0.6495653
26540,0.0,0,0.4720857
5173,0.0,0,0.17105998
16843,0.0,0,0.11760713
18257,1.0,1,0.75843596
5114,1.0,1,0.76168424
27169,0.0,0,0.3597428
25080,0.0,0,0.22344309
9679,0.0,0,0.1618292
4383,1.0,0,0.25097892
23206,1.0,0,0.33756435
13283,0.0,0,0.43996617
20642,0.0,0,0.28491974
15589,0.0,0,0.04050022
8789,1.0,1,0.70489174
10715,0.0,0,0.33459875
2184,0.0,0,0.14885965
16891,0.0,0,0.027158275
4367,1.0,1,0.72237045
23464,1.0,0,0.27703062
16124,0.0,0,0.064994164
6634,0.0,0,0.071713075
24140,1.0,0,0.19493836
21250,0.0,0,0.091907315
1291,0.0,0,0.10070127
19905,0.0,0,0.19465223
8471,1.0,1,0.7689991
16757,0.0,0,0.22903769
911,0.0,1,0.7404113
8076,0.0,0,0.40500998
6899,0.0,0,0.16675985
10963,1.0,0,0.20839942
4887,0.0,0,0.060337976
13333,0.0,0,0.11765977
28164,0.0,0,0.3868186
20300,0.0,0,0.024952576
8888,0.0,0,0.19942126
20094,0.0,0,0.18347894
23271,0.0,0,0.10999135
25060,1.0,0,0.25188583
17406,0.0,0,0.18195151
11775,0.0,0,0.12531848
10141,1.0,0,0.39628607
19990,0.0,0,0.053131033
1298,0.0,0,0.119683325
11823,0.0,0,0.15860409
10164,0.0,0,0.074304916
15591,0.0,0,0.1384471
2016,1.0,0,0.20864253
13996,0.0,0,0.1288704
22945,0.0,0,0.032347832
2055,0.0,0,0.14746097
11845,0.0,1,0.752319
13367,0.0,0,0.13902777
8574,1.0,1,0.56491536
27940,0.0,0,0.16160437
20405,0.0,0,0.027603956
11427,0.0,0,0.109859996
7195,0.0,0,0.06991095
15507,0.0,0,0.09338217
29204,0.0,0,0.12428557
17648,1.0,0,0.20196457
3814,0.0,0,0.11135953
23664,1.0,0,0.2840256
23045,0.0,0,0.047546234
22451,0.0,0,0.09606632
12970,0.0,0,0.28392532
26559,1.0,0,0.16801426
17436,0.0,0,0.072678216
18689,1.0,0,0.21127403
5604,0.0,0,0.038859505
2910,0.0,0,0.06328422
3794,0.0,0,0.09123717
16612,0.0,0,0.475282
1174,0.0,0,0.24990478
1962,0.0,0,0.045931686
1655,0.0,0,0.14636402
21568,0.0,0,0.08918534
7697,1.0,0,0.14844146
13601,0.0,0,0.08835064
16543,1.0,1,0.769838
20747,0.0,0,0.16261867
11946,0.0,0,0.15999229
29451,0.0,0,0.22163446
12977,0.0,0,0.35262284
21487,0.0,0,0.2875311
6990,0.0,0,0.46207774
24489,0.0,0,0.13137865
19635,0.0,0,0.047442514
3556,0.0,0,0.10369514
23728,0.0,0,0.2685007
20935,0.0,0,0.061150357
7932,0.0,0,0.07371592
14441,0.0,0,0.16142356
10671,1.0,0,0.016334971
20473,1.0,1,0.504981
27617,0.0,0,0.089128226
19072,0.0,0,0.040739954
18712,0.0,0,0.069449894
5321,0.0,0,0.07348676
29192,0.0,0,0.036868468
7720,0.0,0,0.039565124
8724,0.0,1,0.73537964
14090,0.0,0,0.06961319
15901,0.0,0,0.16459505
27917,0.0,0,0.03289099
6822,0.0,0,0.23610362
4250,0.0,0,0.17473094
23598,0.0,0,0.021220246
24745,0.0,0,0.09326243
6073,1.0,0,0.44951442
10758,0.0,0,0.17310597
18902,0.0,0,0.052903086
15458,0.0,0,0.29142612
19992,0.0,0,0.4291733
15422,1.0,1,0.74146014
8289,1.0,0,0.0942439
6086,1.0,0,0.3594374
21161,0.0,0,0.14979243
20166,0.0,0,0.06870769
1895,1.0,0,0.4708609
17770,0.0,0,0.10592715
18172,0.0,0,0.059591
750,1.0,1,0.63067913
7391,0.0,0,0.11722173
27961,0.0,0,0.19541937
14753,0.0,0,0.039105903
5149,1.0,0,0.4214361
23071,1.0,0,0.1283537
1376,0.0,0,0.1755111
5101,0.0,0,0.1627568
18511,0.0,0,0.18561591
6760,0.0,0,0.12960511
9287,1.0,1,0.8293385
13390,0.0,0,0.2877492
2950,0.0,0,0.1127708
17810,1.0,0,0.09194177
15732,0.0,0,0.16187726
17295,0.0,1,0.6457801
26622,0.0,0,0.088132404
23290,0.0,0,0.066008195
20352,0.0,0,0.12553677
27777,0.0,0,0.028163524
24789,0.0,0,0.16320741
15266,0.0,0,0.02036676
13826,0.0,0,0.11459901
21230,0.0,0,0.22641332
29997,0.0,0,0.12764019
28285,0.0,0,0.068163484
13402,1.0,0,0.03304249
19894,0.0,0,0.091533795
19711,0.0,0,0.08797675
16922,0.0,0,0.113933645
7290,0.0,0,0.17169875
26450,0.0,0,0.09194107
18409,0.0,0,0.13728462
17796,0.0,0,0.1253617
16586,0.0,0,0.021397365
412,0.0,0,0.19795625
13662,0.0,0,0.0145870745
29841,1.0,1,0.72496295
20449,0.0,0,0.060898405
6273,0.0,0,0.15868801
1789,0.0,0,0.14865541
679,0.0,0,0.12006317
14593,0.0,0,0.08433252
29332,0.0,0,0.08404213
22931,0.0,0,0.12932879
28105,0.0,0,0.3737142
2155,0.0,0,0.12515613
18070,0.0,0,0.17388892
15731,0.0,0,0.28197125
6229,1.0,1,0.7385525
13681,0.0,1,0.69111496
15661,0.0,0,0.4403394
2326,0.0,0,0.08180027
25200,0.0,0,0.28690365
17158,0.0,0,0.16859214
4254,0.0,0,0.1521216
15794,0.0,0,0.13374269
1679,0.0,0,0.18355666
24310,0.0,0,0.11275241
20096,0.0,0,0.080277316
22453,0.0,0,0.15593529
1097,0.0,0,0.059990976
2247,0.0,0,0.07570727
6590,0.0,0,0.1280738
21972,0.0,0,0.3265735
18600,0.0,0,0.020054333
6162,0.0,0,0.034098037
11172,1.0,0,0.35742056
11785,0.0,1,0.5415369
1182,0.0,1,0.7555188
29484,1.0,0,0.038600154
28057,0.0,0,0.3814125
16129,1.0,0,0.07280656
24393,1.0,0,0.07864129
23277,0.0,0,0.035446033
8991,0.0,0,0.064579375
11406,0.0,0,0.08583141
8521,1.0,1,0.8116188
29117,0.0,0,0.13797006
8575,1.0,0,0.26387638
27884,0.0,1,0.689837
256,0.0,0,0.17463414
16811,0.0,0,0.12732406
23017,0.0,0,0.14301431
17858,0.0,0,0.068737656
13091,0.0,0,0.026896467
23949,0.0,0,0.16036956
7333,0.0,0,0.04942846
27608,0.0,0,0.096706055
25664,0.0,0,0.047211524
4690,0.0,0,0.39257583
21228,0.0,0,0.009282065
17394,1.0,1,0.799093
7714,0.0,0,0.025556523
24027,0.0,0,0.28338516
20845,0.0,0,0.1846277
11813,0.0,0,0.13366862
10736,0.0,0,0.0544976
26084,1.0,0,0.122032136
13343,0.0,0,0.17375793
13829,0.0,0,0.05998433
5947,1.0,0,0.1265493
16504,0.0,0,0.21885553
26452,0.0,0,0.17849067
17542,1.0,0,0.4299105
1464,0.0,0,0.026399886
5423,1.0,0,0.110139966
21029,0.0,0,0.14704962
15597,0.0,0,0.13959008
29292,0.0,0,0.0160423
3442,0.0,0,0.40773603
20097,0.0,0,0.09707885
23636,1.0,0,0.40122643
3804,0.0,0,0.3910186
25221,0.0,1,0.55798423
25107,0.0,0,0.15645346
3046,0.0,0,0.21959293
29977,1.0,1,0.78816664
8822,1.0,1,0.73057514
19045,0.0,0,0.08942278
21820,0.0,0,0.2775054
8999,1.0,0,0.481954
29290,0.0,0,0.05977384
1234,0.0,0,0.3422904
10636,0.0,0,0.17793621
22562,0.0,0,0.21535407
18873,0.0,0,0.18273984
18176,0.0,0,0.21989986
23356,1.0,1,0.7930138
7760,0.0,0,0.45890078
22190,0.0,0,0.16414626
28721,0.0,0,0.27742222
17210,0.0,0,0.14347923
27901,0.0,0,0.0540797
10551,0.0,0,0.037842315
16100,1.0,0,0.2547507
3503,0.0,0,0.02802933
27186,0.0,0,0.25387716
3426,0.0,0,0.16452405
12506,0.0,0,0.038002014
10566,0.0,0,0.17480133
16363,0.0,0,0.2213447
20624,0.0,0,0.08500372
8447,1.0,0,0.27371088
4608,0.0,0,0.06707087
27564,0.0,0,0.094207704
14166,0.0,0,0.09924574
10115,0.0,0,0.17756379
18189,1.0,0,0.3377591
27614,1.0,1,0.52566797
13051,1.0,1,0.6952738
6565,0.0,0,0.24890316
15869,0.0,0,0.04179951
4456,0.0,0,0.40593037
9826,0.0,0,0.115582414
1989,0.0,1,0.789459
20520,0.0,0,0.08097151
28568,0.0,0,0.123795256
27722,1.0,0,0.21044211
500,0.0,0,0.40840414
20648,0.0,0,0.050942615
20693,0.0,0,0.23142597
8404,0.0,0,0.024905657
14320,0.0,0,0.056420676
6404,1.0,0,0.1469356
18839,0.0,0,0.12399965
2114,1.0,0,0.15414365
14562,0.0,0,0.23178461
20772,0.0,0,0.30435452
15655,0.0,0,0.14790523
15049,0.0,0,0.11890563
4230,1.0,0,0.34739032
22403,0.0,0,0.32755116
15848,0.0,0,0.10739699
872,0.0,0,0.09700304
26954,0.0,0,0.063057
28560,1.0,0,0.09829356
18591,0.0,0,0.034367513
7786,1.0,0,0.49387488
12836,1.0,1,0.54442734
25252,0.0,0,0.027041515
997,0.0,0,0.21961816
13178,1.0,1,0.7357704
25421,1.0,1,0.52998847
4956,1.0,0,0.07657773
3303,1.0,0,0.4947392
442,0.0,0,0.20896105
991,0.0,0,0.29525262
4566,1.0,0,0.08975238
18961,1.0,0,0.049728125
27487,1.0,0,0.13834319
9780,0.0,0,0.13119285
3697,0.0,0,0.1257907
10621,0.0,0,0.17056672
11336,0.0,0,0.13838395
4396,0.0,0,0.2630726
12211,0.0,0,0.08461487
9402,0.0,0,0.05717736
25693,0.0,0,0.018498024
6600,0.0,0,0.09319569
22454,0.0,0,0.11131198
26270,0.0,0,0.07433611
18345,0.0,0,0.122345634
23951,0.0,0,0.44594476
9192,0.0,1,0.58437204
16941,1.0,0,0.20228198
9090,1.0,1,0.7344658
5367,0.0,0,0.4198552
177,0.0,0,0.23161255
5959,0.0,0,0.11655245
27349,0.0,0,0.094311655
4242,0.0,0,0.11336529
19247,0.0,1,0.6985981
20788,0.0,0,0.02026439
2805,0.0,0,0.2697955
25610,0.0,0,0.10806849
15778,1.0,0,0.47182506
4433,0.0,1,0.7283481
5049,1.0,1,0.7472247
11289,0.0,0,0.10335311
23458,0.0,0,0.09131883
22889,0.0,0,0.007794541
20190,0.0,0,0.044521224
26121,0.0,0,0.1933124
17112,0.0,0,0.4529801
28739,0.0,0,0.15170643
29467,0.0,1,0.6044282
12273,0.0,0,0.018070608
4079,0.0,0,0.16051774
22874,0.0,0,0.04001385
26271,1.0,0,0.14507762
12213,0.0,0,0.20643991
26813,0.0,0,0.056649152
2672,1.0,0,0.33314443
12702,0.0,0,0.07933255
17559,0.0,1,0.5681007
12801,1.0,0,0.37387535
29188,0.0,0,0.1908207
961,1.0,0,0.2292311
18253,1.0,0,0.43585998
28624,0.0,0,0.12708512
27731,1.0,1,0.82587594
9310,0.0,0,0.0207509
3726,0.0,0,0.38968945
3721,1.0,0,0.32639936
28044,0.0,0,0.46480808
12811,1.0,1,0.50875354
29304,0.0,0,0.18250822
5379,0.0,0,0.14935613
25929,1.0,0,0.17951424
5852,0.0,0,0.0925674
11095,0.0,0,0.054488007
8814,0.0,0,0.10471175
15084,0.0,0,0.028757922
27573,0.0,0,0.091391765
1035,0.0,1,0.5355857
15723,0.0,0,0.23303466
1760,0.0,0,0.3767721
15889,0.0,0,0.37333754
22308,0.0,0,0.14823203
4111,0.0,0,0.10930435
6657,0.0,0,0.17418806
4171,0.0,0,0.06851121
26676,0.0,0,0.13051549
10727,0.0,0,0.12753779
14861,0.0,1,0.6338333
12579,0.0,0,0.03946806
12775,1.0,1,0.7911668
15310,0.0,0,0.1399933
6748,0.0,0,0.27638265
25297,0.0,0,0.1543941
3622,0.0,0,0.029864607
536,0.0,0,0.17681022
17424,1.0,0,0.27306384
10733,1.0,0,0.062109746
19267,0.0,0,0.26395017
27089,1.0,0,0.20543045
7232,0.0,0,0.08228291
9798,0.0,0,0.03457699
7191,0.0,0,0.055020843
2404,1.0,0,0.23868491
6141,0.0,0,0.117391884
25631,0.0,0,0.019469088
18878,0.0,0,0.0285679
4762,0.0,0,0.039261762
21901,1.0,1,0.6793065
20793,0.0,0,0.08861052
25714,1.0,0,0.08139599
24460,0.0,0,0.42208412
21902,0.0,0,0.054997467
29964,0.0,0,0.0876129
6497,0.0,0,0.23411232
21220,0.0,0,0.18276423
3170,0.0,0,0.15880294
10494,0.0,0,0.15835537
22251,1.0,0,0.11766177
12670,0.0,0,0.2041498
990,0.0,0,0.4514712
15301,0.0,0,0.0957568
15498,1.0,1,0.535483
10658,0.0,0,0.12772097
3280,0.0,0,0.045735285
5762,0.0,0,0.0377254
875,0.0,0,0.3127766
19595,0.0,0,0.08275981
9527,0.0,0,0.10206493
17506,0.0,0,0.010073473
7093,1.0,0,0.03156073
14563,1.0,1,0.788794
29067,0.0,0,0.12128589
12596,0.0,0,0.20928726
17421,0.0,0,0.48838937
21325,0.0,0,0.09664865
2382,0.0,0,0.01986447
22425,0.0,0,0.17236084
6746,0.0,0,0.02055776
26691,0.0,0,0.049564112
26325,1.0,0,0.076608054
2093,0.0,0,0.19713868
2262,1.0,0,0.08673469
14168,1.0,0,0.24428448
728,0.0,0,0.17938074
15097,0.0,0,0.20889716
4195,0.0,0,0.16753486
23897,0.0,0,0.1421645
16995,1.0,1,0.6980868
5362,0.0,0,0.08382146
18234,0.0,0,0.0067189843
221,1.0,1,0.7531903
26460,1.0,0,0.16966714
1057,0.0,0,0.30172238
15670,0.0,0,0.14072324
10136,1.0,0,0.4127449
17012,0.0,0,0.29650292
24623,0.0,0,0.03004359
29617,0.0,0,0.08687001
1936,0.0,0,0.078371435
13904,0.0,0,0.4474755
2336,0.0,0,0.126092
13706,0.0,0,0.2219845
19709,0.0,0,0.049266595
4554,0.0,0,0.051687654
11246,1.0,1,0.7855915
29582,0.0,0,0.06144819
4529,0.0,0,0.3245955
24796,0.0,0,0.052908212
24129,0.0,0,0.14035305
11343,1.0,1,0.77007127
9599,0.0,0,0.042622082
23384,0.0,0,0.2791563
314,1.0,0,0.36236155
5714,0.0,1,0.82420415
7091,0.0,0,0.08671707
14723,1.0,1,0.73344
12833,0.0,0,0.09663698
9106,1.0,0,0.07212872
18249,0.0,0,0.13555704
19718,0.0,0,0.027024327
14801,1.0,0,0.17054485
24938,1.0,0,0.16404368
1552,0.0,0,0.039374918
28425,0.0,0,0.013678704
17729,0.0,0,0.4680324
3719,0.0,0,0.12542638
22863,1.0,1,0.80526435
1706,1.0,0,0.4214327
6061,0.0,0,0.3629605
4198,0.0,0,0.07356859
16769,0.0,1,0.72915936
25995,0.0,0,0.11222377
29916,0.0,1,0.66029435
26204,0.0,0,0.17693736
6110,0.0,0,0.084636144
22361,0.0,0,0.08190442
17030,0.0,0,0.1661567
18758,0.0,0,0.46295834
9626,1.0,0,0.37232396
1160,0.0,0,0.47531834
25847,0.0,0,0.16201258
11589,0.0,0,0.15231153
23285,0.0,0,0.02997582
11334,1.0,1,0.8057175
22446,0.0,0,0.054447573
2582,0.0,0,0.30324143
28769,0.0,0,0.016836349
17586,1.0,1,0.65967286
26142,0.0,0,0.036909193
11593,0.0,0,0.23162562
5987,1.0,0,0.15156657
27476,0.0,0,0.14570725
13738,0.0,0,0.10405356
11510,0.0,0,0.102813505
12132,1.0,1,0.7647669
20225,0.0,1,0.71841484
16280,0.0,0,0.075779945
6679,1.0,0,0.15452394
16418,0.0,0,0.10403125
26505,0.0,0,0.10739193
7705,0.0,0,0.39172956
23809,0.0,0,0.18749309
24266,0.0,0,0.014778414
12447,0.0,0,0.108189344
2977,1.0,0,0.103311494
4581,0.0,0,0.12055974
10863,0.0,0,0.37923738
25047,0.0,0,0.047658842
20238,0.0,0,0.1733124
8120,0.0,0,0.101532705
29781,0.0,0,0.09493783
6456,0.0,1,0.54793566
27398,0.0,0,0.24656011
4805,0.0,0,0.15260881
7055,0.0,0,0.08844982
2024,0.0,0,0.06336684
24768,1.0,1,0.70804113
22898,1.0,1,0.79601103
17892,1.0,1,0.7753821
19285,1.0,1,0.7479388
12712,0.0,0,0.023601463
8780,0.0,0,0.0675446
10580,0.0,0,0.019777209
22129,0.0,0,0.1215636
14141,0.0,0,0.14297976
28643,0.0,0,0.06372016
21825,0.0,0,0.03862983
21019,0.0,0,0.29349318
23867,0.0,0,0.1508891
20121,1.0,0,0.10216232
12979,0.0,0,0.3619396
4420,0.0,0,0.08245764
13063,0.0,0,0.14697587
19502,0.0,0,0.05015237
25300,0.0,0,0.15426682
11612,0.0,0,0.057231132
13768,0.0,0,0.2189838
22997,0.0,0,0.102869555
1173,0.0,0,0.048255336
1349,0.0,0,0.06027271
22339,0.0,0,0.089041606
21597,0.0,0,0.16546
1005,1.0,0,0.12107649
9891,0.0,0,0.08622089
29823,0.0,0,0.14509271
14497,1.0,0,0.13251366
10653,0.0,0,0.1726955
19917,0.0,0,0.14707488
15694,0.0,0,0.014214312
22028,0.0,0,0.09915511
7946,1.0,0,0.3244852
16457,1.0,0,0.10643913
2256,0.0,1,0.63071984
15089,0.0,1,0.72800297
20176,0.0,0,0.21680158
1491,0.0,0,0.069089405
26090,0.0,0,0.1241285
15758,1.0,1,0.6568932
26728,0.0,0,0.08166256
972,0.0,0,0.0848958
23319,1.0,0,0.15272199
8254,0.0,0,0.22564892
524,1.0,0,0.054847267
9080,0.0,1,0.50473166
1580,0.0,0,0.19860494
20239,0.0,1,0.5804564
14635,0.0,0,0.044822242
25497,0.0,0,0.025496073
3015,0.0,0,0.022749452
24401,1.0,1,0.809033
24726,0.0,0,0.19395083
28949,0.0,0,0.14433162
7864,0.0,0,0.076573454
27353,0.0,0,0.20054427
29151,1.0,1,0.73704696
12627,0.0,0,0.10826691
15021,0.0,1,0.5116053
24614,0.0,0,0.040146336
26917,0.0,1,0.6579257
24616,0.0,0,0.08515104
4878,0.0,0,0.12064859
3392,0.0,0,0.091351315
1579,0.0,0,0.1531564
8600,1.0,1,0.5018045
28521,0.0,0,0.44253853
27315,1.0,0,0.14267308
9096,1.0,0,0.3583208
247,0.0,0,0.109293595
8004,0.0,0,0.17137218
6836,0.0,0,0.40312496
22353,0.0,0,0.17976771
21529,0.0,0,0.15773803
27444,0.0,0,0.14332369
21229,0.0,0,0.19918281
4921,0.0,0,0.23319899
18528,0.0,0,0.2116979
6989,1.0,0,0.39220017
9004,0.0,0,0.44135842
16267,0.0,0,0.07022312
28686,1.0,0,0.096027784
5035,1.0,0,0.09253909
7127,0.0,0,0.25252217
13679,0.0,0,0.20054948
913,0.0,0,0.03982749
2152,0.0,0,0.113491386
9421,0.0,0,0.11381125
22754,1.0,1,0.7109383
9967,0.0,0,0.07227561
9448,0.0,0,0.17475644
3873,0.0,1,0.7696188
25172,0.0,0,0.1345586
29143,0.0,0,0.13078102
26861,0.0,0,0.17322016
15936,1.0,1,0.79543334
28803,0.0,0,0.12736303
11354,0.0,0,0.013605116
28225,0.0,0,0.24775647
18183,0.0,0,0.06830918
13320,0.0,0,0.048442613
23137,0.0,0,0.07247145
18278,1.0,1,0.7081803
2046,1.0,1,0.6700176
24422,0.0,0,0.1663735
6095,1.0,0,0.24880141
21562,0.0,1,0.7068119
29119,1.0,1,0.71174407
12459,0.0,0,0.1312398
28096,0.0,0,0.2121014
16939,0.0,0,0.077595755
16272,0.0,0,0.12759419
15425,1.0,1,0.77682173
26032,0.0,0,0.08185317
18710,1.0,0,0.14375262
9001,0.0,0,0.1745217
16471,0.0,0,0.114563964
22059,0.0,0,0.15050326
2544,0.0,0,0.106785454
1212,0.0,0,0.17880854
22764,0.0,0,0.08629939
13040,0.0,0,0.05352374
23896,1.0,1,0.514794
2330,0.0,0,0.118116565
1592,0.0,0,0.4439535
19648,0.0,0,0.16480003
13356,0.0,0,0.083766036
6658,0.0,1,0.70625323
27567,0.0,1,0.5496938
18041,0.0,0,0.09191855
14647,0.0,1,0.6753893
13523,0.0,0,0.07897073
29838,0.0,0,0.06494974
9672,0.0,1,0.7251088
26157,0.0,0,0.048753258
1449,0.0,0,0.25547743
10825,0.0,0,0.14051032
24493,0.0,0,0.048908014
14900,0.0,0,0.031871505
20824,1.0,0,0.15605955
17435,0.0,0,0.22182062
1675,0.0,0,0.07298641
3423,0.0,0,0.077856705
15184,0.0,0,0.10343789
27704,1.0,1,0.70639306
8325,0.0,0,0.10239076
8609,0.0,1,0.7224027
1054,0.0,0,0.12010009
6792,0.0,0,0.20643039
8990,0.0,0,0.062594905
22057,0.0,0,0.4293508
18899,1.0,0,0.06624568
20273,1.0,1,0.7098105
10820,0.0,0,0.24952778
20846,0.0,0,0.13991779
4503,1.0,0,0.4310621
22102,1.0,0,0.1254275
28907,0.0,0,0.21618533
2110,0.0,0,0.10497722
11603,0.0,0,0.28207523
15713,0.0,0,0.18705797
10427,0.0,0,0.25097573
7528,0.0,0,0.40764692
21221,0.0,1,0.79134077
12783,0.0,0,0.10318623
16948,0.0,0,0.07157933
15363,0.0,0,0.034740854
29456,0.0,0,0.3399698
22683,0.0,0,0.09811642
24842,0.0,0,0.019458635
11010,0.0,0,0.068324864
11826,1.0,0,0.4155037
23477,0.0,0,0.0071743303
28505,0.0,0,0.20722526
25178,0.0,0,0.4480398
27957,0.0,0,0.12379923
12337,0.0,0,0.17843334
14308,0.0,0,0.009111733
6537,0.0,0,0.21322276
1421,0.0,0,0.046563867
26774,1.0,1,0.6599147
7236,0.0,0,0.20587675
28441,0.0,0,0.097158745
26490,0.0,0,0.08885594
670,1.0,1,0.75835407
13746,0.0,0,0.4322473
6996,1.0,0,0.38509682
1303,0.0,0,0.20286588
29075,1.0,0,0.41471386
16804,0.0,0,0.03289539
11749,0.0,1,0.5171842
8260,1.0,0,0.1885903
25564,0.0,0,0.017516244
23550,0.0,0,0.11573283
9336,0.0,0,0.049152017
22469,1.0,0,0.12693085
3848,0.0,0,0.13049573
24693,0.0,0,0.33311626
15162,0.0,0,0.1346983
13720,0.0,1,0.79917
18367,0.0,0,0.2362675
23110,0.0,0,0.4664921
27276,0.0,0,0.09675949
19407,0.0,0,0.053248752
4223,0.0,1,0.6293024
17057,0.0,0,0.1484756
671,0.0,1,0.77514726
21579,0.0,0,0.2045164
4036,0.0,0,0.018976709
8768,0.0,0,0.37298033
266,0.0,0,0.21650475
24582,0.0,0,0.17992818
17509,1.0,0,0.06680309
4345,0.0,0,0.09112379
13282,1.0,0,0.17523167
9838,0.0,0,0.087675504
14357,0.0,0,0.15080851
21912,0.0,0,0.2549169
15289,0.0,0,0.04986189
6666,0.0,0,0.09277284
29246,0.0,0,0.24152158
27363,0.0,0,0.08543859
798,0.0,0,0.15212505
19504,0.0,0,0.053107433
12275,1.0,1,0.7008406
9178,0.0,0,0.1182955
12286,0.0,0,0.09457159
24767,0.0,0,0.014616136
25114,0.0,0,0.1383952
7322,0.0,0,0.0050597196
8464,0.0,0,0.14911929
4861,1.0,1,0.754865
17409,0.0,0,0.10990407
17680,0.0,0,0.06351061
9016,0.0,0,0.08547593
10523,0.0,0,0.1374502
7461,0.0,0,0.0037053493
8300,0.0,0,0.18355557
4830,0.0,0,0.18200946
3467,0.0,0,0.21265502
20832,0.0,0,0.14457434
14252,1.0,1,0.67090005
21114,0.0,0,0.10319547
29100,0.0,0,0.14014381
8514,1.0,0,0.100362495
29968,0.0,0,0.2749723
16666,0.0,0,0.05371769
12666,0.0,0,0.16287538
4035,0.0,0,0.37989867
3663,0.0,0,0.07279079
21810,1.0,1,0.74852425
27702,1.0,1,0.7832722
24526,1.0,0,0.20378996
25643,0.0,0,0.29445246
29791,0.0,0,0.09235334
20812,0.0,0,0.03861739
3152,0.0,1,0.68205315
7885,0.0,0,0.14527732
20757,1.0,1,0.77720886
25746,0.0,0,0.099076934
3265,1.0,1,0.7049863
5685,0.0,0,0.1615715
2639,0.0,0,0.107336655
3414,1.0,0,0.45999396
29868,0.0,0,0.052090347
14946,1.0,0,0.22689791
3257,1.0,1,0.7377361
6998,0.0,0,0.29465574
29757,0.0,0,0.4683357
13462,0.0,0,0.108212814
13554,0.0,0,0.040787924
16659,0.0,0,0.17434274
22032,0.0,0,0.02874777
26216,0.0,0,0.21099319
3470,0.0,0,0.03512889
26106,0.0,0,0.092088394
5353,0.0,0,0.46968332
15479,0.0,0,0.112953424
18924,0.0,0,0.060411394
327,1.0,0,0.4082776
4158,0.0,0,0.014921453
28747,0.0,0,0.23711401
18140,0.0,0,0.02606755
23894,0.0,0,0.09405654
29496,0.0,0,0.031378713
1216,0.0,0,0.049526036
5626,0.0,0,0.066666394
13292,1.0,1,0.80554855
4998,1.0,0,0.066257454
14642,0.0,0,0.17015782
20946,0.0,0,0.06412766
8580,0.0,0,0.12988162
15924,0.0,0,0.011474798
15926,0.0,0,0.2165031
15469,1.0,0,0.255568
23948,0.0,0,0.16171977
24631,0.0,0,0.13196377
25089,0.0,0,0.017913695
23693,0.0,0,0.12872918
23214,1.0,0,0.12652715
8716,0.0,0,0.047395818
5688,0.0,0,0.004179518
3469,0.0,1,0.50765586
7669,0.0,0,0.2365626
7133,1.0,0,0.16349171
919,0.0,0,0.2412309
28267,0.0,0,0.17375031
6587,0.0,0,0.07160789
6371,0.0,1,0.67349195
20958,0.0,0,0.45257506
1769,0.0,0,0.094328195
23325,0.0,0,0.21451642
5557,0.0,0,0.14776173
26733,0.0,0,0.043348096
1143,0.0,0,0.12361152
29773,0.0,0,0.16791388
15470,1.0,1,0.7413931
4202,0.0,0,0.049368314
27986,0.0,0,0.08293352
853,0.0,0,0.17845245
22197,0.0,0,0.016560491
22473,1.0,1,0.77341413
13582,0.0,0,0.23513867
22413,0.0,0,0.12285905
28722,0.0,0,0.018976238
12359,0.0,0,0.11327451
19345,1.0,1,0.7915991
24398,1.0,1,0.80918974
8432,0.0,0,0.10566141
9247,1.0,0,0.35878974
6525,0.0,0,0.19928452
8682,0.0,0,0.13359796
21063,0.0,0,0.47467235
12344,0.0,0,0.022859171
731,0.0,0,0.10515769
9282,0.0,0,0.10305587
11236,0.0,0,0.047213793
6929,0.0,0,0.046963423
15280,1.0,0,0.48667157
25626,0.0,0,0.035484444
14027,0.0,0,0.022652546
2204,0.0,0,0.15064202
3702,0.0,0,0.090279795
5842,0.0,0,0.023352753
19788,0.0,0,0.17787488
7467,0.0,0,0.04217066
17413,0.0,0,0.11938156
26436,0.0,0,0.29189694
3286,0.0,0,0.006603742
4560,0.0,0,0.17173879
17061,1.0,0,0.16662936
4943,0.0,0,0.09237375
2285,1.0,0,0.123229116
24306,0.0,0,0.03268082
1818,0.0,0,0.24204767
29157,0.0,0,0.10120044
27005,0.0,0,0.110979095
20640,1.0,0,0.2322071
13279,0.0,0,0.02559787
29789,0.0,0,0.17576517
17896,0.0,0,0.37152278
2292,0.0,1,0.55185485
17763,0.0,0,0.2608609
14374,1.0,0,0.13515055
13312,0.0,0,0.36338264
26680,0.0,0,0.21711238
9784,0.0,0,0.2334727
2322,0.0,1,0.508647
24532,1.0,0,0.16992547
267,0.0,0,0.32871056
20599,0.0,0,0.0409169
5828,1.0,0,0.03274759
20291,0.0,1,0.7085936
19570,1.0,0,0.19027175
14683,0.0,0,0.47557464
7442,0.0,0,0.1348159
1090,0.0,0,0.022716835
6391,0.0,0,0.059208006
23202,0.0,0,0.036014307
24549,0.0,0,0.22061242
13921,0.0,0,0.07738742
11419,0.0,0,0.301232
13209,0.0,0,0.16664733
14882,0.0,0,0.46620068
4155,0.0,0,0.23965923
20246,0.0,0,0.4072583
640,0.0,0,0.064024314
8540,0.0,0,0.1514509
11110,0.0,0,0.08541844
11880,0.0,0,0.13750017
5316,0.0,0,0.017833097
2275,0.0,0,0.20509262
25887,1.0,1,0.5054239
2083,0.0,0,0.39323536
9911,0.0,0,0.15284216
3215,0.0,0,0.20919393
24366,0.0,0,0.1484913
9251,0.0,0,0.28474844
14884,1.0,1,0.7610883
10644,0.0,0,0.17517573
10746,0.0,0,0.10534465
884,0.0,0,0.14001067
142,0.0,0,0.18612157
14439,0.0,0,0.20824797
25176,0.0,1,0.60378504
13118,0.0,0,0.098656215
10650,1.0,0,0.024876498
7373,0.0,0,0.17471322
5329,0.0,0,0.17746209
14282,0.0,0,0.2163021
19572,0.0,0,0.27974227
17129,0.0,0,0.19122434
6723,0.0,0,0.061346956
20413,0.0,0,0.042145707
2591,0.0,0,0.05371037
4416,0.0,0,0.3030814
20010,0.0,0,0.055420715
10417,0.0,0,0.07004804
14032,0.0,0,0.20226508
8129,0.0,0,0.17071895
18353,0.0,0,0.10548202
27321,1.0,1,0.51794887
16436,0.0,0,0.16549078
13201,0.0,0,0.17840947
24633,0.0,0,0.11950698
29101,0.0,0,0.1517986
23416,1.0,1,0.7905005
5175,0.0,0,0.1384146
21315,1.0,0,0.3498242
7712,0.0,0,0.33568895
27091,0.0,0,0.36050248
305,0.0,0,0.12987238
24712,0.0,1,0.76130074
2699,0.0,0,0.16033153
27093,0.0,0,0.22509485
17383,0.0,0,0.07262069
20761,0.0,0,0.107063614
2873,0.0,0,0.22986281
4575,1.0,0,0.2720978
28196,0.0,0,0.023602374
4227,1.0,0,0.03709568
27928,0.0,0,0.07855889
17887,0.0,0,0.025627907
14568,0.0,0,0.04939108
9761,0.0,0,0.053886183
27597,0.0,0,0.101120815
11890,0.0,0,0.18830103
18888,0.0,0,0.1028885
28117,0.0,0,0.03776416
24434,0.0,0,0.080013
24908,1.0,0,0.04355322
23497,0.0,0,0.07718457
15406,0.0,0,0.11226452
21964,0.0,0,0.089547716
4574,0.0,0,0.007131024
55,0.0,1,0.73830396
13479,1.0,1,0.7579238
29619,0.0,0,0.056373224
15264,0.0,0,0.092707746
21958,0.0,0,0.17491654
20430,1.0,1,0.7383313
14365,0.0,0,0.36827934
3533,0.0,0,0.08184551
11480,0.0,0,0.023582917
22937,0.0,0,0.08673299
16935,0.0,0,0.16215189
25386,0.0,0,0.0818606
16378,0.0,0,0.046526823
22103,0.0,0,0.06628208
1665,0.0,0,0.14171603
23251,0.0,0,0.11416626
23040,1.0,1,0.70954525
12621,0.0,0,0.04707205
10350,1.0,0,0.20304482
202,0.0,0,0.17874627
19339,0.0,0,0.08122841
28933,1.0,0,0.38110718
9354,0.0,0,0.056357276
28364,0.0,0,0.4434311
4872,0.0,0,0.12792236
669,0.0,0,0.45755768
20278,0.0,0,0.07647718
9828,0.0,0,0.15088789
20041,0.0,0,0.086697675
20491,0.0,0,0.26398873
17876,0.0,0,0.036384616
17213,0.0,0,0.27419874
18803,0.0,0,0.074440956
22358,0.0,0,0.078299254
22448,0.0,0,0.12114826
5414,0.0,0,0.08023717
8812,1.0,0,0.46483472
26282,0.0,0,0.027409188
1440,0.0,0,0.15792231
28458,0.0,0,0.187696
5634,0.0,0,0.083389014
7003,0.0,1,0.72419256
3843,0.0,0,0.2610917
14762,0.0,0,0.3645298
3184,0.0,0,0.17485896
20738,0.0,1,0.5715441
5466,0.0,0,0.41326264
19687,1.0,1,0.7030254
2616,0.0,0,0.032938562
25437,0.0,0,0.04309668
1061,1.0,0,0.29142928
25570,1.0,1,0.7170895
15398,0.0,0,0.13357913
22140,0.0,0,0.109692745
19454,1.0,0,0.28718156
26709,0.0,0,0.06650682
15120,1.0,1,0.53329265
29527,0.0,0,0.13468738
19163,0.0,0,0.0870229
8291,0.0,0,0.030055078
16140,0.0,0,0.031101245
7010,0.0,0,0.25872242
16762,0.0,0,0.17850861
14226,1.0,1,0.7559054
10386,0.0,0,0.13607758
4559,1.0,0,0.28557935
16885,1.0,0,0.24970858
19259,1.0,1,0.7690328
8373,0.0,0,0.042292103
10719,0.0,0,0.1350645
20991,0.0,1,0.58249795
12044,0.0,0,0.30150557
6354,0.0,0,0.358703
24492,0.0,0,0.033594295
28579,0.0,0,0.011079592
9845,0.0,0,0.095114306
19702,0.0,0,0.05270572
7454,0.0,0,0.19144966
25806,0.0,0,0.13980316
15029,0.0,0,0.010881696
944,1.0,1,0.67138135
9021,0.0,0,0.037786275
27448,0.0,0,0.09723904
6452,0.0,0,0.10472874
4784,0.0,0,0.16975869
14214,0.0,0,0.15266345
7666,0.0,0,0.062547244
17837,1.0,1,0.8068698
27718,0.0,0,0.053578634
23847,0.0,0,0.07598455
3349,0.0,1,0.8081795
10168,1.0,0,0.29570353
28988,0.0,0,0.09764683
19456,0.0,0,0.107527286
24644,1.0,0,0.12647463
11872,0.0,0,0.13319094
9610,1.0,0,0.45075062
5171,0.0,0,0.44329908
18292,1.0,0,0.39431113
25638,0.0,0,0.018152341
17177,0.0,0,0.05095916
6136,0.0,0,0.041249175
12777,0.0,0,0.035718463
14525,0.0,0,0.030403437
2713,0.0,0,0.36796254
7531,1.0,1,0.82527596
4373,1.0,0,0.046017803
26417,0.0,0,0.0972081
9285,0.0,0,0.11127064
2207,0.0,0,0.13443974
21543,0.0,0,0.11992991
12853,0.0,0,0.05107111
16464,1.0,1,0.8141425
22043,0.0,0,0.18267456
27162,0.0,0,0.02661334
22263,1.0,0,0.0074837715
4555,1.0,0,0.40992174
11513,0.0,0,0.117325276
1404,0.0,0,0.123406254
2585,0.0,0,0.19940338
26787,0.0,0,0.095023565
23554,0.0,0,0.10619205
22777,1.0,0,0.08827461
19075,0.0,0,0.028130151
870,0.0,0,0.12366412
23023,0.0,0,0.07397209
23852,0.0,0,0.2556626
21223,0.0,0,0.12234975
10358,0.0,0,0.0627628
2710,0.0,0,0.11143578
20453,1.0,0,0.1629663
4708,1.0,1,0.7146736
8038,0.0,0,0.08591609
5930,0.0,0,0.105813645
19463,1.0,0,0.1364619
14199,0.0,0,0.089607805
29670,0.0,0,0.12582272
8528,0.0,0,0.08552425
22914,0.0,0,0.13205665
13955,0.0,0,0.18481289
7729,0.0,0,0.035457
11516,0.0,0,0.07903725
10320,0.0,0,0.05632137
13622,0.0,0,0.09335998
9137,0.0,0,0.06669776
10747,0.0,0,0.17061743
19926,1.0,0,0.42205775
25983,0.0,1,0.7020971
14188,0.0,0,0.09328234
22497,1.0,0,0.104687564
11710,0.0,0,0.15255979
27741,0.0,0,0.08726079
12464,0.0,0,0.026848983
6594,0.0,0,0.15253597
23774,0.0,0,0.14764704
18780,0.0,0,0.10607767
8818,1.0,0,0.17135867
16630,0.0,0,0.16404273
21363,0.0,1,0.5887849
2781,1.0,0,0.17641166
4826,0.0,0,0.11560388
14549,0.0,0,0.1459177
14633,0.0,0,0.18868524
28532,1.0,1,0.8063493
22894,1.0,0,0.030310914
3767,1.0,1,0.79735845
10885,0.0,0,0.0951815
25098,1.0,0,0.15763003
22882,1.0,0,0.10006723
21577,0.0,0,0.13783185
245,0.0,0,0.4757424
9973,1.0,0,0.18742043
1979,0.0,0,0.09932574
11365,0.0,0,0.116689056
15622,0.0,0,0.01337335
24899,0.0,0,0.09828175
4666,0.0,0,0.009758496
25867,0.0,0,0.17102925
20573,1.0,0,0.31010634
14239,0.0,0,0.012705141
4154,0.0,0,0.05548223
25779,0.0,0,0.18197693
3558,0.0,0,0.08305206
213,0.0,0,0.11596119
3806,0.0,0,0.4263241
9490,0.0,0,0.22909763
12217,1.0,1,0.548448
3147,0.0,0,0.12656622
15775,1.0,1,0.74526954
3781,0.0,0,0.07133674
23388,1.0,0,0.08334498
27641,0.0,0,0.10551596
7247,0.0,0,0.15663314
29247,0.0,0,0.35301232
13961,0.0,1,0.5284996
22662,0.0,0,0.18739134
28202,1.0,0,0.36857274
3748,0.0,0,0.1417283
18124,0.0,0,0.29186147
29767,0.0,0,0.384518
17800,0.0,0,0.08614316
7785,1.0,0,0.41661897
11345,0.0,0,0.20783015
13120,0.0,0,0.08522885
22257,1.0,0,0.050709184
27706,0.0,0,0.06426277
5183,0.0,0,0.07129671
23113,0.0,0,0.13966754
29490,0.0,0,0.12687728
17134,1.0,1,0.6783426
12840,0.0,0,0.031174585
11814,1.0,0,0.49662158
29900,1.0,0,0.13434824
26408,0.0,0,0.14129396
15891,1.0,1,0.7287247
28915,0.0,0,0.2114522
21109,1.0,0,0.1630878
2675,0.0,0,0.102451384
7751,0.0,0,0.17381336
29449,0.0,0,0.42842415
25180,0.0,0,0.15879215
20784,0.0,0,0.04121217
20000,0.0,0,0.26496473
15226,1.0,0,0.45874068
6609,0.0,0,0.22724499
11962,0.0,0,0.01747053
19867,0.0,0,0.08196339
17558,0.0,0,0.069841765
18486,0.0,0,0.19188397
9529,0.0,0,0.14954346
28474,0.0,0,0.122553736
17258,1.0,0,0.07622114
785,1.0,0,0.072339006
571,0.0,0,0.117564194
22042,0.0,0,0.10357291
19246,0.0,0,0.17192638
3425,0.0,0,0.12378778
21248,0.0,0,0.066903725
15,0.0,0,0.022172911
6939,0.0,0,0.31126642
14264,0.0,0,0.065823585
1050,0.0,0,0.30705175
19809,0.0,0,0.11030465
26320,0.0,0,0.130311
7168,0.0,0,0.1964185
15259,0.0,0,0.3241434
16088,1.0,0,0.16492297
27529,0.0,0,0.062209327
9003,1.0,0,0.38324186
7858,0.0,0,0.37059337
10623,1.0,0,0.23112491
8664,0.0,0,0.0880567
28352,0.0,0,0.4031846
29378,0.0,0,0.105870016
28490,0.0,0,0.073779635
7163,0.0,1,0.6588115
21148,1.0,0,0.36987278
7682,1.0,1,0.62284
8147,0.0,0,0.19304553
2953,0.0,0,0.43948787
24376,0.0,0,0.12550719
18708,0.0,0,0.4235678
10664,1.0,1,0.843434
8908,0.0,0,0.13142341
6725,0.0,0,0.13486163
23305,0.0,0,0.124000855
6604,0.0,0,0.04633689
27532,0.0,0,0.025290838
17223,0.0,0,0.048973702
16074,0.0,0,0.0657644
21738,0.0,0,0.141976
20732,0.0,0,0.12831947
7255,0.0,0,0.15352583
3367,0.0,0,0.25448975
2495,1.0,0,0.44219473
15785,1.0,1,0.81652236
25141,0.0,0,0.08422055
25730,0.0,0,0.018675916
21723,0.0,0,0.096920975
17740,0.0,0,0.413319
10020,1.0,0,0.14942555
22940,0.0,0,0.07321395
462,0.0,0,0.16296591
20699,1.0,0,0.10095998
9476,1.0,0,0.43841746
28654,0.0,0,0.016113559
21212,0.0,0,0.06510643
26478,0.0,0,0.0764855
24277,0.0,0,0.07970288
10545,0.0,0,0.12358857
25685,0.0,0,0.02569424
14341,0.0,1,0.79126495
534,1.0,1,0.8198144
3531,0.0,0,0.23021522
11035,1.0,1,0.7936505
20571,0.0,0,0.04712632
22029,0.0,0,0.00806787
9239,0.0,0,0.011292422
21010,0.0,0,0.17447244
9210,0.0,0,0.08166236
17824,1.0,1,0.7276637
24454,0.0,0,0.05092217
12526,1.0,0,0.21386519
22586,0.0,0,0.19358543
8959,1.0,0,0.013867461
27946,0.0,0,0.21648012
5167,0.0,0,0.115689315
11839,0.0,0,0.023648782
21381,1.0,1,0.8138316
18746,0.0,0,0.035048258
10743,0.0,0,0.14161544
10296,0.0,0,0.06207701
8187,0.0,0,0.018253246
3834,0.0,0,0.08907563
7548,0.0,0,0.092834264
17043,0.0,0,0.035366982
17601,0.0,0,0.2180889
25525,0.0,0,0.2217497
5344,0.0,0,0.37299788
6573,0.0,0,0.05538221
19884,0.0,0,0.088223964
21312,1.0,1,0.65342873
46,1.0,0,0.20213018
14957,0.0,0,0.09517965
13156,0.0,0,0.11189152
9970,0.0,0,0.079601154
13518,0.0,0,0.076744705
4419,0.0,0,0.116089605
1527,1.0,0,0.152125
17414,1.0,1,0.8169174
27709,1.0,0,0.14588735
22637,0.0,0,0.043220427
15401,0.0,1,0.72308004
5936,0.0,0,0.09057497
23008,0.0,0,0.0740749
25812,0.0,0,0.06820117
8974,0.0,0,0.4797144
12364,0.0,0,0.08238688
8439,0.0,0,0.06651959
12629,0.0,0,0.33413923
24074,0.0,0,0.14231761
6163,0.0,0,0.13543911
12917,0.0,0,0.06274476
18817,0.0,0,0.035000425
16453,0.0,0,0.06485899
11234,0.0,1,0.6628149
7434,1.0,0,0.14780565
2808,0.0,0,0.16484354
11105,0.0,1,0.781598
23389,0.0,0,0.010941805
6238,1.0,0,0.045716647
27425,1.0,0,0.1622782
1039,0.0,0,0.14247078
15654,0.0,0,0.19212963
14824,0.0,0,0.097431734
16783,1.0,0,0.3863702
974,0.0,0,0.089289345
28734,0.0,0,0.18358544
26583,1.0,0,0.12242786
25279,1.0,0,0.10959761
14078,0.0,0,0.118706174
4659,0.0,0,0.083234034
13488,0.0,0,0.0805898
1095,0.0,0,0.4629773
21607,0.0,0,0.17420411
22282,0.0,0,0.146983
5730,0.0,0,0.23589061
5750,0.0,0,0.24000259
13731,1.0,1,0.593505
26594,0.0,0,0.13041916
29185,1.0,0,0.34593529
17663,0.0,0,0.034912772
24047,0.0,0,0.08193575
20093,0.0,0,0.093878
4898,0.0,0,0.080824465
23302,0.0,1,0.6835543
26491,0.0,0,0.40227863
8890,0.0,0,0.06993939
11849,0.0,0,0.049673777
16673,0.0,0,0.44590247
24415,0.0,0,0.11064596
6560,1.0,0,0.032495495
4944,0.0,0,0.11688469
8148,1.0,0,0.1190288
27279,1.0,0,0.15565751
2104,0.0,0,0.053557444
10677,0.0,0,0.018652452
18883,0.0,0,0.13435942
18309,0.0,0,0.16118903
18366,0.0,0,0.17342839
25721,1.0,0,0.05465192
2,1.0,0,0.3907163
4437,0.0,0,0.41368735
6161,1.0,0,0.47387847
13618,0.0,0,0.16302486
28242,0.0,0,0.26069716
21341,0.0,0,0.34482035
846,0.0,0,0.107569754
646,0.0,0,0.20765546
22199,0.0,0,0.08045746
22528,0.0,0,0.16864267
22781,0.0,0,0.10544852
10880,0.0,0,0.27915564
380,1.0,0,0.16860926
24618,1.0,1,0.53271097
11311,0.0,0,0.23527291
432,1.0,0,0.0948333
27734,0.0,0,0.37696913
17320,1.0,1,0.5140327
362,0.0,0,0.021700425
13186,1.0,0,0.24580699
17017,0.0,0,0.07025747
18331,0.0,0,0.1669962
16623,1.0,1,0.66253126
5676,0.0,0,0.21164203
747,0.0,0,0.14174096
20971,0.0,0,0.13957177
3611,0.0,0,0.062362526
84,0.0,0,0.036397655
10344,0.0,0,0.14376502
9508,0.0,0,0.42737025
18691,0.0,0,0.19166759
3035,0.0,0,0.07689198
4632,0.0,0,0.13573352
16761,0.0,0,0.08566094
28572,0.0,0,0.10047878
12637,0.0,0,0.1479856
14767,1.0,0,0.09682375
20436,0.0,0,0.22309007
1671,0.0,0,0.14536034
7317,1.0,0,0.04390939
3537,0.0,1,0.6971853
14154,0.0,0,0.23728432
12355,0.0,0,0.14312853
28420,1.0,0,0.19016713
2574,0.0,0,0.19294217
6375,0.0,0,0.41273335
7576,0.0,0,0.047044545
6592,0.0,1,0.6966014
26220,0.0,0,0.09425707
9522,0.0,1,0.6484761
67,1.0,1,0.7261975
14880,0.0,0,0.042946443
16193,0.0,0,0.014608928
13916,0.0,0,0.017010264
28627,0.0,0,0.11429142
19932,1.0,0,0.24425666
6396,1.0,0,0.37960362
1049,0.0,0,0.09998388
11976,0.0,0,0.19852881
8861,0.0,0,0.18589427
13794,0.0,0,0.049046785
6515,1.0,0,0.24275228
9201,0.0,0,0.11380309
7563,0.0,0,0.15483366
27673,0.0,0,0.16655824
10143,0.0,1,0.81284946
24097,0.0,0,0.2362179
27642,0.0,0,0.16838285
11723,0.0,0,0.03310612
13980,1.0,0,0.093374185
24193,1.0,1,0.5658519
17759,1.0,1,0.5612257
26790,0.0,0,0.17280546
27371,0.0,0,0.08537382
19344,0.0,1,0.77326417
19758,0.0,0,0.22484928
2092,0.0,1,0.50236744
91,1.0,1,0.8526061
15090,0.0,0,0.12187115
17496,0.0,0,0.11806071
21813,0.0,0,0.19563852
1025,0.0,0,0.06866602
2594,0.0,0,0.07412607
1385,0.0,0,0.12144509
5532,0.0,0,0.17206073
5969,0.0,0,0.07699873
18192,0.0,0,0.11447695
23506,1.0,0,0.47345322
5012,1.0,0,0.049312938
8633,0.0,0,0.44626352
2171,0.0,0,0.048868272
310,0.0,0,0.117679924
10165,1.0,0,0.06965254
15143,0.0,0,0.11991104
22881,0.0,1,0.5191069
14355,1.0,0,0.3986653
21601,1.0,0,0.189641
7939,0.0,0,0.12777564
27190,1.0,0,0.23086764
17062,0.0,1,0.5802076
25996,1.0,1,0.7231389
29515,0.0,0,0.105918445
13363,0.0,0,0.14815745
17121,0.0,0,0.28608003
17589,0.0,0,0.1788827
4915,0.0,1,0.6853925
6342,0.0,1,0.7214478
11645,0.0,0,0.14256163
24478,0.0,0,0.052219644
15144,0.0,0,0.03506713
27949,0.0,0,0.0222976
20011,1.0,0,0.21251923
8150,0.0,0,0.016418241
3299,1.0,0,0.40109
4720,0.0,1,0.69854295
11659,1.0,1,0.71712893
11167,0.0,1,0.5656095
18975,0.0,0,0.023733608
8584,0.0,0,0.22113404
8948,1.0,0,0.24117309
22435,0.0,0,0.10810267
29135,0.0,0,0.09422355
9874,0.0,0,0.14361489
6130,1.0,1,0.71225345
10491,0.0,0,0.22602715
20502,0.0,0,0.124532044
22373,0.0,0,0.023951018
27303,0.0,0,0.055290706
18212,0.0,0,0.06251469
4338,0.0,0,0.11269933
27343,0.0,0,0.01465853
9000,0.0,0,0.14463185
12595,0.0,0,0.16037232
7095,1.0,0,0.10192772
9013,0.0,0,0.47595587
21751,0.0,0,0.12350058
15977,1.0,0,0.42641443
25915,0.0,0,0.15928985
674,1.0,1,0.7363903
5517,0.0,1,0.7140329
23452,0.0,1,0.66869265
29085,1.0,0,0.3348665
25593,0.0,0,0.020821782
4511,0.0,0,0.25925565
8207,0.0,0,0.121706076
11077,0.0,0,0.034924377
8056,1.0,0,0.13487954
13026,0.0,0,0.059762497
799,0.0,1,0.7831596
18269,0.0,0,0.35037318
388,1.0,0,0.27658036
17647,0.0,0,0.056440797
21,0.0,0,0.06990534
22003,0.0,0,0.09691499
15426,0.0,0,0.08766967
18306,0.0,0,0.10411053
15684,0.0,0,0.46343684
18270,0.0,0,0.079465255
22071,0.0,0,0.058517314
12247,0.0,0,0.1595867
17193,0.0,0,0.031013522
239,1.0,0,0.075571164
27935,0.0,0,0.082988866
1169,0.0,0,0.18472469
23403,0.0,0,0.10415893
8067,0.0,0,0.06066541
28575,0.0,0,0.18837668
13139,0.0,0,0.070149064
25076,0.0,0,0.034135513
20060,0.0,0,0.058556106
28358,0.0,0,0.20829947
25108,0.0,0,0.1531648
10576,1.0,1,0.80515856
28407,0.0,0,0.42498857
10837,0.0,0,0.20112453
8684,0.0,0,0.03203417
20329,0.0,0,0.22790684
21059,0.0,0,0.13774922
2053,0.0,0,0.27577415
227,0.0,0,0.11684656
21440,1.0,0,0.19176894
14600,0.0,0,0.12601142
14970,1.0,0,0.19121891
29632,0.0,0,0.16510834
6811,0.0,0,0.22157814
14052,0.0,0,0.14461933
27357,0.0,0,0.16219065
12488,0.0,0,0.13181382
21722,0.0,0,0.08414499
8809,1.0,1,0.539604
12403,1.0,0,0.036549512
23872,0.0,0,0.2556834
4187,0.0,0,0.07817455
29310,1.0,0,0.4657902
8165,0.0,0,0.158131
16583,1.0,0,0.09235161
5914,0.0,0,0.06681766
15973,1.0,0,0.4179353
2747,1.0,1,0.7053727
2271,0.0,0,0.1346116
9045,0.0,0,0.016169894
5288,0.0,0,0.075387076
23070,0.0,0,0.4355713
1226,1.0,0,0.16263317
17665,0.0,0,0.06652199
14836,0.0,0,0.12219952
3049,0.0,0,0.05910786
8668,1.0,0,0.085759684
6013,1.0,0,0.104295164
66,1.0,0,0.43154287
19484,0.0,0,0.06415497
2525,0.0,0,0.16702938
11520,1.0,0,0.25397444
19596,1.0,1,0.591415
21840,0.0,0,0.061580673
3436,0.0,0,0.358203
25899,0.0,0,0.11046648
5361,0.0,0,0.14162062
9811,0.0,0,0.15327658
25646,1.0,1,0.73298144
29254,0.0,0,0.18616004
25396,0.0,0,0.10947786
8958,0.0,0,0.10070145
14741,0.0,0,0.31781715
19254,0.0,0,0.090293266
8933,1.0,0,0.37351644
21963,0.0,0,0.03405022
6176,0.0,1,0.6957181
24658,0.0,0,0.13514216
11712,0.0,0,0.054928314
13306,1.0,0,0.17577288
20593,0.0,0,0.19708094
3755,0.0,0,0.039248627
7618,1.0,0,0.3402418
23687,0.0,0,0.03517656
13034,0.0,0,0.12410335
4902,0.0,0,0.28589854
2553,1.0,0,0.13884848
9857,1.0,1,0.6089508
19782,0.0,0,0.23584631
24146,0.0,0,0.08723134
25039,0.0,0,0.018017158
6060,0.0,0,0.09678429
12276,0.0,0,0.142488
24148,1.0,0,0.31273746
3912,0.0,0,0.31214806
27514,0.0,0,0.22152594
19286,1.0,0,0.10713877
20716,0.0,0,0.052697558
23514,0.0,0,0.091595985
16786,1.0,1,0.57557243
24894,0.0,0,0.0885373
7071,1.0,1,0.50307065
29171,1.0,0,0.46537718
7025,0.0,0,0.046664752
14471,1.0,1,0.7104112
11708,0.0,0,0.3041584
16072,0.0,0,0.113747776
26775,0.0,1,0.5630179
15989,1.0,0,0.12182836
613,0.0,0,0.18266587
2539,0.0,0,0.07554162
6262,0.0,0,0.08118055
26504,0.0,0,0.11285437
7299,0.0,0,0.14200537
15614,0.0,0,0.12772553
27626,0.0,0,0.117847994
29086,0.0,0,0.27345532
18919,1.0,1,0.6342254
27024,0.0,0,0.21388912
23510,0.0,0,0.4684069
20718,0.0,0,0.13279338
2214,0.0,0,0.05970589
19714,0.0,0,0.09806939
26222,0.0,0,0.14805214
16857,0.0,1,0.5699576
10876,1.0,0,0.11938486
17402,0.0,0,0.12667952
3658,0.0,0,0.069879204
6288,0.0,0,0.04041864
12199,0.0,0,0.088286385
13190,0.0,0,0.11969144
27344,0.0,0,0.10936784
25873,0.0,0,0.0747773
12255,0.0,0,0.16185117
26395,0.0,1,0.676637
27944,0.0,0,0.17539534
5707,0.0,0,0.010976326
28254,0.0,0,0.11708973
6654,1.0,0,0.11145057
21553,0.0,0,0.22064233
15718,0.0,0,0.11617121
7354,0.0,0,0.12230112
20706,0.0,0,0.13733909
19027,1.0,0,0.14536454
9359,0.0,0,0.024304774
18884,0.0,0,0.35172343
21151,0.0,0,0.12481951
211,0.0,0,0.051768053
2248,1.0,0,0.32233644
23304,0.0,0,0.14551707
2086,0.0,0,0.40516374
19541,0.0,0,0.0341652
16393,0.0,0,0.101034395
22033,0.0,0,0.09737627
10137,0.0,0,0.14511025
11028,0.0,0,0.01671104
12961,0.0,0,0.088610366
1389,0.0,0,0.023387026
28368,0.0,0,0.13913307
24687,0.0,0,0.019037042
805,0.0,0,0.036830407
10593,0.0,0,0.13574235
27134,0.0,0,0.1133883
10755,0.0,0,0.08389718
6738,0.0,0,0.32561627
8179,1.0,1,0.77354556
3251,0.0,0,0.032296184
21042,0.0,0,0.17190425
16581,0.0,0,0.10650508
18018,0.0,0,0.15135618
4832,1.0,0,0.072223686
14533,0.0,0,0.14299855
26467,1.0,0,0.039108787
23108,0.0,0,0.026339617
19937,0.0,0,0.2718481
2656,1.0,0,0.27674112
17949,0.0,0,0.15199807
2082,0.0,0,0.14941686
23252,0.0,0,0.13751754
14189,0.0,0,0.16436975
3552,0.0,0,0.03150861
20394,0.0,0,0.115153424
26378,0.0,0,0.014758627
18390,0.0,0,0.02710917
11631,0.0,0,0.051706195
10973,0.0,0,0.13796544
26488,0.0,0,0.16221525
6315,0.0,0,0.08564531
3060,0.0,0,0.042302348
11287,0.0,0,0.18388495
12916,0.0,0,0.06829347
27599,0.0,0,0.16797388
1484,0.0,0,0.1025819
13878,0.0,0,0.23967414
9597,0.0,0,0.40861136
17169,0.0,0,0.12022558
9883,0.0,0,0.25585964
2268,0.0,0,0.12627289
7983,0.0,0,0.4683647
18246,0.0,0,0.12696968
7918,0.0,0,0.1166829
5254,0.0,0,0.2962717
4276,1.0,1,0.7239142
15423,0.0,0,0.054321896
23603,1.0,1,0.61871016
3584,1.0,1,0.6999584
26249,0.0,0,0.14610682
27612,0.0,0,0.18469337
3424,1.0,0,0.11525564
18093,1.0,1,0.5530197
11330,0.0,0,0.19090347
789,0.0,0,0.21255226
619,0.0,0,0.075459294
27632,1.0,1,0.6694955
26549,0.0,0,0.17492639
27987,0.0,0,0.03842726
3031,0.0,0,0.12082249
17244,0.0,0,0.08986165
3672,0.0,0,0.12008755
27021,1.0,0,0.43800783
10722,0.0,0,0.16601768
506,0.0,0,0.19028425
5717,0.0,0,0.022219272
18580,0.0,0,0.45825654
25491,0.0,0,0.4425547
14194,0.0,0,0.13136585
27994,0.0,0,0.32563832
14139,0.0,0,0.2011101
28188,1.0,0,0.22604318
16381,1.0,0,0.35860255
25568,0.0,0,0.0058768014
25245,0.0,0,0.110803224
22905,0.0,0,0.2629755
27121,0.0,0,0.13508722
4528,1.0,0,0.44399163
27499,1.0,1,0.5728565
16144,0.0,0,0.015782628
14008,1.0,0,0.21965379
27098,0.0,0,0.1804541
17473,0.0,0,0.08565512
6272,1.0,1,0.77387834
20183,0.0,0,0.06668304
15931,0.0,0,0.098736525
9187,0.0,0,0.24769005
7132,0.0,0,0.14283429
3590,1.0,1,0.8104111
825,1.0,0,0.1016321
9451,0.0,0,0.018400412
508,0.0,0,0.115174934
28185,0.0,0,0.093342625
17523,0.0,0,0.05608929
17708,0.0,0,0.29119003
8023,0.0,0,0.0699865
17185,0.0,0,0.03520004
18085,0.0,0,0.40136686
3585,0.0,0,0.053779013
20076,0.0,0,0.015259156
6443,0.0,0,0.118565366
2767,0.0,0,0.03492569
28205,1.0,0,0.23609622
2367,0.0,0,0.008923402
9111,1.0,1,0.8324961
2645,1.0,0,0.35409665
21575,0.0,0,0.08285283
865,0.0,0,0.034106884
2734,0.0,0,0.15197574
19488,0.0,0,0.32814068
28279,0.0,0,0.021095332
14278,0.0,1,0.5030789
13727,0.0,0,0.14467941
13705,0.0,0,0.03861379
525,0.0,0,0.023690976
16019,0.0,0,0.009547808
1957,1.0,1,0.81198627
1108,0.0,0,0.24224435
4357,0.0,0,0.084688544
10323,0.0,0,0.44245738
24178,0.0,0,0.10136716
15388,0.0,0,0.062838905
20381,1.0,0,0.15282004
1355,0.0,0,0.15449704
3627,0.0,0,0.19789101
10773,0.0,0,0.38801837
4352,1.0,0,0.28124413
1566,0.0,0,0.24024825
18460,0.0,0,0.2189455
6712,0.0,0,0.11697738
12168,0.0,0,0.034691684
6564,0.0,0,0.12399742
13351,0.0,0,0.038498506
13650,0.0,0,0.028269524
11524,0.0,0,0.118432336
24756,0.0,0,0.16936792
5460,0.0,0,0.022467742
28065,0.0,0,0.084761806
1096,0.0,0,0.04630869
12974,0.0,0,0.117156126
23818,1.0,0,0.14714357
6695,0.0,0,0.23337862
22553,0.0,0,0.10186766
1826,0.0,0,0.07523515
1567,0.0,0,0.030930968
17241,0.0,0,0.36867628
11878,0.0,0,0.042591516
18096,0.0,0,0.040211882
307,0.0,0,0.062235054
22058,0.0,0,0.017776301
12282,1.0,1,0.8067115
12735,1.0,0,0.4031973
16407,1.0,0,0.1831622
8284,0.0,0,0.13882166
19800,0.0,0,0.13042508
5595,0.0,0,0.41361383
8856,1.0,0,0.11361896
26251,0.0,0,0.1502508
23052,0.0,0,0.21299195
24430,1.0,0,0.12870674
8171,0.0,0,0.07265487
19735,0.0,0,0.16979104
4808,0.0,0,0.06289001
29653,0.0,0,0.024141423
25795,0.0,0,0.081254914
10583,0.0,0,0.09717972
18490,1.0,1,0.6814935
7359,0.0,0,0.08304411
19575,0.0,0,0.034629203
21696,0.0,0,0.03284004
7512,0.0,0,0.09746375
8570,0.0,0,0.062197745
28322,1.0,0,0.1124268
6329,0.0,0,0.01826834
11370,0.0,0,0.10936175
21445,0.0,0,0.051408615
3069,0.0,0,0.07623069
2821,0.0,1,0.7311009
5680,0.0,0,0.22285938
2080,0.0,1,0.60013956
19505,0.0,0,0.3537957
20749,0.0,0,0.019573977
23880,0.0,0,0.13458484
27231,1.0,1,0.7698563
23539,0.0,0,0.027784735
21827,0.0,0,0.034410592
656,1.0,0,0.08425949
17599,1.0,0,0.25749326
12083,0.0,0,0.14246343
20339,0.0,1,0.5299811
22515,0.0,0,0.0959131
26548,0.0,0,0.08815571
25855,0.0,0,0.14306696
9343,0.0,0,0.14373055
23705,1.0,1,0.7835147
14160,1.0,0,0.08921046
29913,0.0,0,0.05619728
11369,1.0,0,0.23871067
22253,0.0,0,0.019705527
14856,0.0,0,0.23104408
2698,0.0,0,0.13475707
24587,0.0,0,0.1724919
8118,1.0,1,0.70618385
25572,0.0,0,0.021686627
17673,0.0,0,0.034008343
8731,0.0,0,0.24170016
29581,0.0,0,0.040373776
13862,1.0,0,0.030190121
14726,0.0,0,0.1334265
5593,0.0,1,0.8340742
18510,0.0,0,0.15215868
16883,0.0,0,0.1166885
5450,0.0,0,0.027286781
2035,0.0,0,0.18901698
17380,0.0,0,0.3646669
13665,0.0,0,0.31664354
12039,0.0,0,0.049012367
14419,0.0,1,0.74268067
14718,0.0,1,0.76659256
13954,0.0,0,0.020629955
21589,0.0,0,0.100867435
7033,0.0,0,0.15912022
18867,0.0,0,0.10932385
14055,0.0,0,0.2012428
1603,0.0,0,0.09452576
6873,0.0,0,0.08378203
3931,0.0,0,0.16269104
8172,1.0,0,0.36920273
22827,0.0,0,0.09418775
29061,0.0,0,0.02451394
14863,0.0,0,0.1183737
28970,0.0,0,0.10562106
26873,0.0,0,0.08971611
26596,0.0,0,0.1978864
11170,0.0,0,0.048994113
23396,0.0,0,0.17484781
9858,1.0,1,0.5989781
22739,0.0,0,0.08298012
22320,0.0,0,0.14417407
7660,0.0,1,0.735934
11163,0.0,0,0.05588491
10186,1.0,0,0.039212212
7567,0.0,0,0.23564477
6499,0.0,0,0.1689576
3125,0.0,0,0.07090659
23644,0.0,0,0.11187613
9113,0.0,0,0.22377665
28237,0.0,0,0.040424947
3032,0.0,0,0.37952846
2778,0.0,0,0.056839086
29124,0.0,0,0.13291612
13493,0.0,0,0.16270222
4260,1.0,0,0.40355122
4896,0.0,0,0.102123
23708,0.0,0,0.07540119
826,0.0,0,0.26242712
6960,0.0,0,0.06188354
189,0.0,0,0.09324891
9143,1.0,1,0.5201876
3137,0.0,0,0.08380286
5065,1.0,0,0.4553982
26668,0.0,0,0.12732492
4890,0.0,0,0.13230191
4864,1.0,0,0.17850484
18672,0.0,0,0.16544001
17754,0.0,0,0.029264027
16255,1.0,0,0.1867857
22550,0.0,0,0.34383395
25931,0.0,0,0.12771605
23974,0.0,0,0.08239078
26058,1.0,1,0.709863
6895,1.0,1,0.7708226
28761,0.0,0,0.09506298
24369,0.0,0,0.19111213
15956,0.0,0,0.054807078
13435,0.0,0,0.09294031
17976,0.0,0,0.15871768
7974,0.0,0,0.48071584
3259,0.0,0,0.03790529
4194,0.0,1,0.52237296
16446,0.0,0,0.12905486
20721,0.0,0,0.024334246
25532,0.0,0,0.16046472
16847,0.0,0,0.10733028
21393,1.0,1,0.6003428
3673,1.0,0,0.115951106
781,0.0,0,0.30765796
2474,0.0,0,0.110304564
5409,0.0,0,0.08422764
14467,0.0,0,0.05335461
4624,0.0,0,0.17461774
15455,1.0,1,0.6990974
17094,0.0,0,0.14469957
2967,0.0,0,0.11887258
7258,1.0,0,0.14474204
17143,1.0,0,0.45421648
12322,0.0,0,0.14016877
5955,0.0,0,0.06728002
21052,0.0,0,0.13164616
28520,0.0,0,0.105689056
7892,0.0,0,0.08735158
436,1.0,0,0.45662138
8490,0.0,0,0.2509819
7123,1.0,1,0.732123
18301,0.0,0,0.12031845
28039,1.0,0,0.08441981
13531,0.0,0,0.27327633
17620,1.0,1,0.8143682
13750,0.0,0,0.43088958
15304,1.0,0,0.044925164
15558,0.0,0,0.023828695
13424,1.0,0,0.1986972
21244,0.0,0,0.09317271
25095,0.0,0,0.03460848
22657,1.0,1,0.6552304
25852,1.0,1,0.6550588
24734,0.0,0,0.12612738
18512,1.0,0,0.16476004
24621,0.0,0,0.2076801
17005,0.0,1,0.73561865
24941,0.0,0,0.3093144
29261,0.0,0,0.21085644
10831,1.0,1,0.67564857
20465,1.0,1,0.7956485
13251,0.0,0,0.18356147
20632,0.0,0,0.057458084
3332,0.0,0,0.101579756
10888,0.0,0,0.113781355
26568,0.0,0,0.20546685
19744,0.0,0,0.05967361
29319,0.0,0,0.24094425
6047,0.0,0,0.008794799
12319,1.0,1,0.827399
11402,0.0,0,0.027119769
12297,1.0,0,0.025076408
3304,0.0,0,0.016283792
28938,0.0,0,0.14383611
7024,0.0,0,0.082890935
5478,0.0,0,0.079180405
18679,0.0,0,0.110704504
20576,0.0,0,0.00823371
23165,1.0,0,0.22179955
2937,0.0,0,0.09862451
27916,1.0,1,0.83609223
20025,0.0,0,0.09557388
18042,0.0,0,0.33726823
28669,0.0,0,0.0432971
15305,0.0,0,0.13064705
7005,0.0,0,0.23865715
18774,1.0,1,0.6862215
5922,0.0,0,0.27251402
24989,1.0,1,0.50847584
8442,0.0,0,0.21571614
27278,0.0,0,0.48604715
26473,1.0,0,0.08822753
1092,0.0,0,0.09635775
25706,0.0,0,0.011921328
488,0.0,0,0.030923104
14416,0.0,0,0.04513785
26345,0.0,0,0.21771532
6038,0.0,0,0.08626137
4997,0.0,0,0.07278436
19225,0.0,0,0.07302368
20391,0.0,0,0.10804269
21936,0.0,0,0.076963276
4763,1.0,1,0.6959087
4863,1.0,1,0.73227656
4241,0.0,0,0.14305249
8227,0.0,0,0.34130552
23244,0.0,0,0.06759015
11101,0.0,0,0.12540963
1426,0.0,0,0.11866342
27628,1.0,0,0.47924486
16132,0.0,0,0.32534736
15168,0.0,0,0.16668722
15403,0.0,0,0.08048958
5765,0.0,0,0.12400651
25514,0.0,0,0.07638866
23260,0.0,0,0.14163949
2909,1.0,0,0.36633953
10531,0.0,0,0.16620012
29081,1.0,0,0.31783676
9854,0.0,0,0.0945151
6014,0.0,0,0.16231962
22,1.0,0,0.29096743
13873,0.0,1,0.65590286
20427,0.0,0,0.14147623
4591,1.0,0,0.41745508
8034,0.0,0,0.08404762
11956,0.0,0,0.093083315
13824,0.0,0,0.18500154
25061,0.0,0,0.05490233
1535,0.0,0,0.10621738
28781,0.0,0,0.05756449
10835,0.0,0,0.13474548
2509,0.0,0,0.0732865
13725,0.0,0,0.103945
7266,1.0,0,0.2718323
29160,0.0,0,0.05924541
19972,0.0,0,0.1518331
6245,0.0,0,0.01658536
27761,0.0,0,0.1428191
10390,1.0,1,0.7211546
19287,0.0,0,0.12035532
29277,0.0,0,0.13667692
16056,0.0,0,0.055015266
22291,1.0,1,0.8100043
16955,0.0,0,0.18075064
29438,0.0,0,0.1925917
12025,1.0,1,0.766086
6762,0.0,0,0.19328082
10324,0.0,0,0.4779216
28566,0.0,0,0.07140407
8478,0.0,0,0.0076267724
28817,0.0,0,0.087236926
3070,0.0,0,0.41586477
7162,1.0,0,0.19093654
29455,1.0,0,0.07961986
7402,0.0,0,0.1739982
15225,0.0,0,0.14767854
5644,0.0,0,0.11965606
165,0.0,0,0.11182698
17894,0.0,0,0.055459097
15788,0.0,0,0.16278145
13870,0.0,0,0.1692101
10058,0.0,0,0.053508222
10611,0.0,0,0.19347522
11760,0.0,0,0.06924591
18031,0.0,0,0.13921846
4893,0.0,0,0.12512152
5293,0.0,0,0.13358498
9038,0.0,0,0.4218279
28868,0.0,0,0.03724778
4104,0.0,0,0.119171046
18256,0.0,0,0.055511374
7170,1.0,0,0.25112405
4958,1.0,0,0.15796258
110,0.0,0,0.48267952
2946,0.0,0,0.17659302
21346,0.0,0,0.05203367
29919,0.0,0,0.06877313
16343,0.0,0,0.05616506
24588,0.0,0,0.023025814
23435,0.0,0,0.100874014
5002,1.0,0,0.07855177
24134,0.0,0,0.057345055
2241,0.0,0,0.06295478
16665,0.0,0,0.101899765
25361,0.0,0,0.11996542
28644,0.0,0,0.32920963
14434,0.0,0,0.08325343
6212,0.0,0,0.14647472
18840,0.0,0,0.0952457
3595,1.0,0,0.08436851
21895,0.0,0,0.31490445
10256,0.0,0,0.13450183
6991,0.0,1,0.6630343
28113,0.0,0,0.010287899
6120,1.0,1,0.8085476
21673,1.0,1,0.65910876
13204,0.0,0,0.024134554
7655,0.0,0,0.08687243
23737,1.0,0,0.1797664
17879,0.0,0,0.39029685
27429,1.0,0,0.2042683
23696,0.0,0,0.09089933
10796,0.0,0,0.037939113
6383,0.0,0,0.41720635
3351,1.0,1,0.52163315
93,0.0,0,0.09330366
5350,1.0,1,0.5663871
26518,1.0,0,0.17086491
8219,0.0,0,0.16747029
27233,0.0,0,0.16039911
24718,0.0,0,0.3649388
22009,0.0,0,0.04219828
3966,0.0,0,0.022357274
26912,0.0,0,0.10750784
22628,1.0,0,0.17697382
2857,0.0,0,0.25973558
22780,0.0,0,0.05456976
29174,0.0,0,0.1375119
6868,0.0,0,0.15364666
7327,0.0,0,0.07267185
28529,0.0,0,0.10604308
26221,0.0,0,0.25800124
23432,1.0,0,0.22412913
27270,0.0,0,0.114316866
5988,1.0,0,0.46271065
6178,1.0,0,0.2517267
18087,1.0,0,0.1599308
4933,0.0,0,0.17422287
28904,0.0,0,0.011468975
20179,0.0,0,0.1363032
206,0.0,0,0.09997322
4706,0.0,0,0.31116265
20383,0.0,0,0.13301146
23237,0.0,1,0.5275158
9767,0.0,0,0.2518402
24595,1.0,1,0.5051491
8021,1.0,0,0.12365598
280,0.0,0,0.04165419
3132,0.0,0,0.07639101
25993,0.0,0,0.16106148
14945,0.0,0,0.086395465
10024,0.0,1,0.691339
28502,0.0,0,0.4730259
21707,0.0,0,0.17765525
8963,0.0,0,0.0097229
19251,1.0,0,0.07087857
11398,1.0,0,0.15125942
8727,0.0,0,0.2394727
1444,0.0,0,0.13441189
6077,1.0,1,0.65705353
27651,0.0,1,0.84141177
28409,0.0,0,0.02392908
8987,0.0,0,0.16071384
15160,0.0,1,0.70373696
8481,0.0,0,0.14533357
5285,1.0,1,0.7412657
12009,0.0,0,0.10272192
12360,0.0,0,0.19668137
27555,1.0,0,0.46793506
6428,0.0,0,0.109574154
10919,0.0,0,0.029372334
11563,0.0,0,0.21830907
5814,0.0,0,0.35704684
25735,0.0,0,0.076964185
18825,0.0,0,0.054188166
18264,1.0,0,0.11774733
23000,0.0,0,0.09351831
119,0.0,0,0.055794835
13944,1.0,0,0.3705501
21178,0.0,0,0.031153983
13906,0.0,0,0.08584702
3342,0.0,0,0.15383077
22748,0.0,0,0.16417313
8720,0.0,0,0.060592808
8560,0.0,0,0.08728781
23342,1.0,0,0.31926176
4049,1.0,0,0.18465525
14445,0.0,0,0.07220967
5873,0.0,0,0.083599344
16437,0.0,0,0.17057624
3502,0.0,0,0.021450743
24575,0.0,0,0.09935734
2081,0.0,0,0.07554369
3633,0.0,0,0.13353589
4014,1.0,1,0.7768022
4820,0.0,0,0.09694834
24556,0.0,0,0.09502968
12770,0.0,0,0.10449292
7314,1.0,0,0.2143724
7922,1.0,0,0.20558137
9230,0.0,0,0.05194877
23908,1.0,0,0.09091742
2479,0.0,0,0.18150634
2418,1.0,1,0.7448902
4410,0.0,0,0.14047743
4327,0.0,0,0.18997665
2188,1.0,0,0.45971444
15076,0.0,0,0.026680356
28634,1.0,1,0.8425994
9682,0.0,0,0.015225376
2794,0.0,0,0.13965696
17504,0.0,0,0.07185758
22177,1.0,1,0.65920204
338,0.0,0,0.19260013
7417,0.0,1,0.77322894
11379,0.0,0,0.10203668
10265,0.0,0,0.3691873
1395,0.0,0,0.13538855
14075,1.0,0,0.4802046
13853,0.0,0,0.13438113
13834,0.0,0,0.16289422
9002,0.0,0,0.076644294
25901,0.0,0,0.05295832
28484,0.0,0,0.08402066
5767,0.0,0,0.09790468
1140,0.0,0,0.039621696
17584,1.0,0,0.08891386
14996,0.0,0,0.18714921
28004,0.0,0,0.0061947242
25223,0.0,0,0.16196498
29705,0.0,0,0.11983539
25789,0.0,0,0.08399988
24926,0.0,0,0.14370239
13999,0.0,0,0.11624469
5261,1.0,0,0.4765243
9033,0.0,0,0.06722238
13592,0.0,0,0.07929073
9480,1.0,0,0.36184853
29727,1.0,1,0.81974274
23116,0.0,0,0.1386532
11895,0.0,0,0.15286179
12436,1.0,0,0.07706128
10247,0.0,0,0.07320264
26552,1.0,0,0.12525341
28554,0.0,0,0.16355835
20559,0.0,0,0.15672077
22089,0.0,0,0.23584835
21635,1.0,1,0.6700873
3340,1.0,0,0.105679855
17901,0.0,0,0.45429233
8228,1.0,0,0.095417336
21913,0.0,0,0.2195918
7305,0.0,0,0.034717113
19203,0.0,0,0.051194306
19416,1.0,0,0.100647554
18579,0.0,0,0.09360946
25705,1.0,0,0.46658415
18910,0.0,0,0.21067789
1469,0.0,0,0.09752715
5099,0.0,0,0.04078717
4676,0.0,0,0.06286742
22307,1.0,0,0.44234866
19996,0.0,0,0.07251957
22689,1.0,1,0.80892164
7838,0.0,0,0.040115934
7104,0.0,0,0.045400612
19136,0.0,0,0.12591521
11761,0.0,0,0.39975742
24155,1.0,1,0.64749074
26817,0.0,0,0.11642154
10002,0.0,0,0.28704685
18214,1.0,0,0.05578672
11621,0.0,0,0.09725172
25006,0.0,0,0.3312721
11935,0.0,0,0.16170426
7011,0.0,0,0.111179486
15283,0.0,0,0.056958027
29842,0.0,0,0.010799778
28414,0.0,0,0.19090553
11630,0.0,0,0.12984416
29521,1.0,0,0.15997833
27461,0.0,0,0.2478836
10484,0.0,0,0.07484915
28174,1.0,0,0.19371283
28750,0.0,0,0.22771151
7916,0.0,0,0.053063713
22691,0.0,1,0.744071
5589,0.0,0,0.13280466
15105,0.0,0,0.07849763
18543,0.0,0,0.08718133
26440,0.0,0,0.10869064
22369,0.0,0,0.12276003
3513,1.0,1,0.8274023
19047,0.0,0,0.018122867
27540,1.0,0,0.14727588
21703,0.0,1,0.6785962
16263,0.0,0,0.061280068
22544,1.0,0,0.44261333
28921,1.0,0,0.41755217
10724,0.0,0,0.058162507
11958,0.0,0,0.08343229
20614,0.0,0,0.15082496
5315,0.0,0,0.14272006
22482,0.0,0,0.1021371
16220,1.0,0,0.26542002
12055,1.0,0,0.3336019
5694,0.0,0,0.16782463
2683,0.0,0,0.22965606
1690,1.0,0,0.46760792
20448,0.0,0,0.18485509
27982,0.0,0,0.12399077
27191,0.0,1,0.7774109
8951,0.0,0,0.027526023
20625,0.0,0,0.2030633
14337,0.0,0,0.013133712
19922,0.0,0,0.15787573
7517,0.0,1,0.51331115
16907,0.0,0,0.108227424
16613,1.0,1,0.72618556
600,1.0,0,0.21030843
13132,0.0,0,0.13536353
10834,1.0,0,0.18576945
28219,0.0,0,0.15665026
15250,0.0,0,0.15795328
4142,0.0,1,0.72780395
278,0.0,0,0.2398142
9934,1.0,0,0.09825589
21649,0.0,0,0.29034305
16051,0.0,0,0.09647754
1284,0.0,0,0.104406334
22092,0.0,0,0.039872028
1217,0.0,0,0.06582301
24033,1.0,0,0.3976002
29093,0.0,0,0.23309216
9246,0.0,0,0.08076954
2077,0.0,0,0.32264832
11197,0.0,0,0.1367621
19506,0.0,0,0.15730898
10533,0.0,0,0.11559631
4399,0.0,0,0.010171562
29104,0.0,0,0.13728069
28078,0.0,0,0.2564867
28631,0.0,0,0.035818413
20636,0.0,0,0.15528207
14927,0.0,0,0.10530854
7377,0.0,0,0.3898744
17684,0.0,0,0.09091763
27923,1.0,1,0.53596246
18116,0.0,0,0.2436496
16534,0.0,0,0.16987315
761,1.0,0,0.41380873
1277,0.0,0,0.087042525
25155,1.0,1,0.65892255
18613,0.0,0,0.016707484
12926,0.0,0,0.08707334
17276,0.0,0,0.10915034
28268,0.0,0,0.08832756
29060,0.0,0,0.12376154
18296,1.0,0,0.2929095
9092,0.0,0,0.12057008
9716,0.0,0,0.42146438
527,0.0,0,0.4651111
8857,1.0,1,0.78221184
13574,0.0,0,0.07353892
971,1.0,0,0.03686515
6356,0.0,0,0.17966029
17173,0.0,0,0.06277115
11509,0.0,0,0.13129923
10519,0.0,0,0.18911172
15408,0.0,0,0.015001291
16661,0.0,0,0.13049771
12661,0.0,0,0.4101317
541,0.0,0,0.17645098
2855,1.0,1,0.72471184
20482,0.0,0,0.35014966
2670,1.0,0,0.13707294
475,0.0,0,0.18459237
24685,1.0,1,0.69951504
5143,0.0,0,0.10965744
6264,0.0,0,0.11664671
4290,0.0,0,0.12700157
15682,1.0,0,0.48212418
25257,0.0,0,0.2285234
1193,1.0,0,0.123355426
8729,0.0,0,0.09184275
27025,0.0,1,0.674639
23895,0.0,0,0.14917469
14622,0.0,0,0.016615491
26011,0.0,0,0.03901775
24668,0.0,0,0.119867586
18574,1.0,0,0.08946161
1190,0.0,0,0.05913361
15161,1.0,1,0.6643097
15667,0.0,0,0.26659453
8804,0.0,0,0.40722743
16104,0.0,1,0.5111991
23338,0.0,0,0.091623165
8350,0.0,0,0.21910948
3010,1.0,1,0.72796005
6498,0.0,0,0.18156908
20108,0.0,0,0.13648579
8569,0.0,0,0.12884991
2423,0.0,0,0.0961445
5297,0.0,0,0.013215438
35,0.0,0,0.032963954
6218,0.0,0,0.39195403
26909,0.0,0,0.1909558
6174,0.0,0,0.3552053
13969,1.0,1,0.6808413
24541,0.0,0,0.03685445
29430,0.0,0,0.17299376
11807,0.0,0,0.027992928
11314,0.0,0,0.18332113
27172,0.0,0,0.0879185
22820,0.0,0,0.016580647
11315,1.0,1,0.66795385
28097,1.0,0,0.48975575
28650,0.0,0,0.07368476
3263,0.0,0,0.20069239
25183,1.0,1,0.6566155
155,0.0,0,0.111874826
18297,1.0,0,0.43247962
27222,1.0,1,0.6575712
28800,0.0,0,0.17688183
26319,1.0,0,0.17272802
9133,0.0,0,0.07995779
8771,0.0,0,0.1583589
11212,1.0,1,0.5923176
29600,0.0,0,0.14517768
20864,0.0,0,0.11269037
21044,0.0,0,0.23438287
3745,0.0,0,0.042968657
28973,0.0,0,0.15033206
25520,0.0,0,0.080524884
3824,0.0,0,0.086705804
839,0.0,0,0.008803304
12164,0.0,1,0.55299914
27794,0.0,1,0.55246264
15052,0.0,0,0.06073519
842,0.0,0,0.02208494
17556,0.0,0,0.15514475
10304,0.0,0,0.17604943
21192,0.0,0,0.010202031
654,1.0,0,0.15568113
24380,0.0,0,0.116421126
21232,0.0,0,0.13587293
16274,0.0,0,0.16012247
26432,0.0,0,0.13465391
23830,0.0,0,0.11153702
25698,0.0,0,0.2481912
28628,0.0,0,0.22393921
20327,0.0,0,0.19023822
5442,0.0,0,0.047199946
13927,0.0,0,0.20167372
22711,1.0,0,0.24452248
20867,0.0,1,0.52224815
27202,0.0,0,0.15724802
9275,0.0,0,0.1710688
2828,0.0,0,0.073156066
28275,0.0,0,0.017935175
26544,0.0,0,0.16294384
7437,1.0,1,0.72830886
27871,0.0,0,0.12559436
24145,0.0,0,0.086872555
10376,0.0,0,0.07937069
26074,0.0,0,0.35311043
29365,0.0,0,0.15884933
21130,0.0,0,0.23326643
14956,0.0,0,0.114535905
13247,0.0,0,0.015967736
23466,1.0,1,0.70775
23654,0.0,0,0.0853424
29513,1.0,0,0.28194708
17362,0.0,0,0.40481675
17214,1.0,1,0.5091557
10891,1.0,0,0.40980107
13095,0.0,0,0.39949146
15268,0.0,0,0.46980506
11226,0.0,0,0.484558
3647,0.0,0,0.033093642
4704,1.0,1,0.55955315
19528,1.0,0,0.13708626
29212,0.0,0,0.10443282
4935,0.0,1,0.7369877
24619,0.0,0,0.22055987
29642,0.0,0,0.07662128
1844,1.0,0,0.072308205
15997,1.0,0,0.05624754
7411,0.0,0,0.18132947
25975,0.0,0,0.401246
29904,0.0,0,0.11341055
28453,0.0,0,0.21951751
16598,0.0,0,0.012390837
16148,0.0,0,0.102306895
20896,0.0,0,0.15513295
23668,0.0,0,0.2153255
23468,0.0,0,0.051689308
21105,0.0,0,0.20253818
1148,0.0,0,0.092762485
17768,0.0,0,0.1246191
9723,0.0,0,0.049281493
15753,0.0,1,0.6943772
27451,0.0,0,0.07019388
29152,1.0,1,0.83192545
9796,1.0,0,0.0463855
3102,0.0,0,0.12642549
18582,0.0,0,0.1346603
8086,0.0,0,0.0138751445
9729,0.0,0,0.121825926
16546,0.0,0,0.23288187
28886,0.0,0,0.1461623
470,0.0,0,0.16973957
5704,0.0,0,0.15198447
2037,0.0,0,0.022761619
28951,1.0,0,0.107105814
29187,0.0,0,0.2984331
24319,0.0,0,0.17059715
27144,0.0,0,0.19986008
19422,1.0,0,0.18135157
24928,0.0,0,0.41314784
28203,0.0,0,0.12002557
27229,1.0,1,0.5212792
4488,0.0,0,0.11895112
8454,1.0,0,0.07877727
9315,1.0,0,0.10331078
18683,1.0,0,0.098541096
29172,0.0,0,0.027277922
28963,0.0,0,0.17732215
1293,0.0,0,0.15034042
12351,0.0,0,0.15586811
11013,0.0,0,0.22927366
22117,0.0,0,0.055935502
12139,1.0,0,0.08162251
12721,0.0,0,0.21555652
15331,0.0,0,0.05213688
5193,0.0,0,0.13225482
6374,1.0,1,0.71099025
15691,0.0,0,0.30573493
22593,0.0,0,0.20059821
11241,0.0,1,0.67051977
29946,0.0,0,0.15654732
29328,0.0,0,0.068396725
14380,0.0,0,0.050562482
20127,0.0,0,0.1576435
19365,0.0,0,0.075948134
16469,0.0,0,0.12414853
24063,0.0,0,0.37942842
24824,0.0,0,0.09786762
4967,0.0,0,0.10983127
26713,0.0,1,0.7733899
19838,0.0,0,0.104738295
22047,0.0,0,0.022461256
28012,0.0,0,0.055735312
4369,1.0,0,0.24786739
18771,1.0,0,0.46218327
1912,0.0,0,0.10289875
16336,0.0,0,0.36280853
9942,0.0,0,0.23215173
23109,0.0,0,0.21349421
28698,0.0,0,0.07699686
27388,0.0,0,0.16466276
5844,0.0,0,0.16376932
29936,1.0,0,0.1320278
19748,0.0,0,0.14783135
5671,0.0,0,0.20149195
1785,0.0,0,0.037559297
18166,0.0,0,0.18734108
2454,0.0,0,0.30333227
13861,0.0,0,0.20028844
1708,0.0,0,0.037120417
8317,0.0,0,0.11996814
13350,0.0,0,0.02823171
16402,0.0,0,0.28543
27403,0.0,0,0.2218384
2952,0.0,0,0.21187878
114,0.0,0,0.052080885
15729,0.0,0,0.071654074
16819,0.0,0,0.19241546
11005,0.0,0,0.05446506
24076,0.0,1,0.64113176
6794,0.0,0,0.0821166
13934,0.0,0,0.07253532
19952,0.0,0,0.15454698
10615,0.0,0,0.12856583
8205,0.0,0,0.06915247
2732,1.0,0,0.089021534
19091,0.0,0,0.07272741
13620,1.0,0,0.22713141
22096,0.0,0,0.13349128
16010,0.0,0,0.18192933
23353,1.0,0,0.1845696
25844,0.0,0,0.07330811
18587,0.0,0,0.15405786
4885,1.0,0,0.45858583
19221,1.0,1,0.75480145
17077,1.0,1,0.8003792
29207,0.0,0,0.13559407
13273,0.0,0,0.29730618
17176,0.0,0,0.10251468
7607,1.0,0,0.12430602
19899,1.0,1,0.73505443
7198,0.0,0,0.057292674
8121,0.0,0,0.066469386
4770,1.0,1,0.8169545
19305,0.0,0,0.09437619
20717,0.0,0,0.075751275
2246,0.0,0,0.14533152
19014,1.0,0,0.13772982
28768,0.0,0,0.079715766
6202,1.0,0,0.15745871
18004,0.0,0,0.4998098
9138,0.0,0,0.0951131
5949,0.0,0,0.043987866
5616,0.0,0,0.01231177
8170,0.0,0,0.17085513
24626,0.0,0,0.04767397
5438,0.0,0,0.07466684
25754,0.0,0,0.28687063
3362,0.0,0,0.24263303
16322,0.0,0,0.12859297
13604,1.0,0,0.14063688
14508,0.0,0,0.054911852
12540,1.0,0,0.17580414
22793,0.0,0,0.04067957
14395,0.0,0,0.020470852
20870,0.0,0,0.18944143
21702,1.0,1,0.8010728
11152,1.0,1,0.78775334
2427,0.0,0,0.3683626
26380,0.0,0,0.28785208
18109,0.0,0,0.060026087
29691,0.0,0,0.13987376
1961,1.0,1,0.7261746
24920,0.0,0,0.39775836
5554,0.0,0,0.21749395
7298,0.0,0,0.042507894
25425,0.0,0,0.14156096
27352,0.0,0,0.17867957
24552,1.0,0,0.083922036
21505,0.0,0,0.16671947
8523,0.0,0,0.23352332
729,0.0,0,0.019300172
16313,0.0,0,0.103097305
18652,0.0,0,0.118559964
886,0.0,0,0.15017818
14354,0.0,0,0.1382244
7716,0.0,0,0.10968977
18864,0.0,0,0.027443646
18660,0.0,0,0.29755032
18577,0.0,0,0.14609109
11649,0.0,0,0.22032616
6068,0.0,0,0.1647647
26551,1.0,0,0.112184435
6386,0.0,0,0.10352952
28444,0.0,0,0.08820531
19616,0.0,0,0.08095571
1261,0.0,0,0.047533058
7904,0.0,0,0.16370259
21241,0.0,1,0.78595406
9417,0.0,0,0.088096015
29934,0.0,0,0.4279212
14697,0.0,0,0.0663936
11756,0.0,0,0.09102097
15700,0.0,0,0.4877809
24349,0.0,0,0.00839676
11537,0.0,0,0.026692891
9664,0.0,0,0.1018251
7233,0.0,0,0.32187635
17208,1.0,1,0.6871966
986,1.0,0,0.15387596
13413,1.0,0,0.25288653
578,0.0,0,0.11408743
852,0.0,0,0.48559573
18485,0.0,0,0.13945436
11382,1.0,0,0.061646868
28413,0.0,0,0.05792908
4358,0.0,0,0.30710533
28602,0.0,0,0.08668889
7347,0.0,0,0.25565848
1292,0.0,0,0.13401112
9593,0.0,0,0.030666154
21418,0.0,0,0.11731513
7061,0.0,0,0.28051636
22867,0.0,0,0.31036785
6622,1.0,1,0.735099
7405,1.0,0,0.137219
12728,0.0,0,0.021817967
9216,1.0,0,0.35756207
15744,0.0,0,0.104433805
5761,0.0,0,0.15716672
22215,0.0,0,0.16953564
22073,0.0,0,0.08764416
24598,0.0,0,0.044940162
8873,0.0,0,0.015112995
1353,0.0,0,0.16144551
28172,0.0,0,0.075412326
8357,0.0,0,0.27203706
6735,0.0,0,0.067233324
11046,0.0,0,0.074461915
3203,0.0,0,0.07455356
23434,0.0,0,0.052197028
14623,0.0,0,0.03254474
18095,1.0,1,0.83618575
715,0.0,0,0.17433573
26119,0.0,0,0.029902251
5824,0.0,0,0.1646189
15312,0.0,0,0.22044533
14835,0.0,0,0.013494276
22329,0.0,0,0.05294404
26830,1.0,0,0.13184199
27835,0.0,0,0.038046982
18463,0.0,0,0.21609461
23563,1.0,0,0.28382856
29616,1.0,0,0.31585297
18394,1.0,1,0.7496165
22286,1.0,0,0.4984826
25529,0.0,0,0.13720404
10468,0.0,1,0.7076288
29227,0.0,0,0.25526822
22989,0.0,0,0.004759878
27963,0.0,0,0.36011386
2605,0.0,0,0.1625516
23042,0.0,0,0.0932886
25817,0.0,0,0.20369242
18392,0.0,0,0.043047395
16425,0.0,0,0.048930354
24924,0.0,0,0.010803476
17849,0.0,0,0.19791059
572,0.0,0,0.16275603
6737,0.0,0,0.13724516
20517,0.0,0,0.028433314
20645,1.0,0,0.41904697
8567,0.0,0,0.0766919
17253,0.0,1,0.66085035
25699,0.0,0,0.115444764
28220,0.0,0,0.14906935
4332,0.0,0,0.15961191
5946,0.0,0,0.17591938
2707,1.0,1,0.71725696
2254,0.0,0,0.26232195
28269,0.0,0,0.29931527
21150,0.0,0,0.21906686
10985,0.0,0,0.09592898
16491,1.0,0,0.43963736
29571,1.0,1,0.81822133
15213,1.0,0,0.3992091
19241,0.0,0,0.046008907
13210,1.0,0,0.4123917
11818,0.0,1,0.7632913
10591,0.0,0,0.21706545
24923,0.0,0,0.02915538
12155,0.0,1,0.686273
164,0.0,0,0.061244275
244,0.0,0,0.36383498
28090,0.0,0,0.088238925
28590,0.0,0,0.083267696
23239,0.0,0,0.12840325
18165,1.0,0,0.12071554
10476,0.0,0,0.123752505
10696,1.0,1,0.7202637
12635,0.0,0,0.040425066
7334,0.0,0,0.18462586
24886,0.0,0,0.12644252
1459,1.0,0,0.17032044
264,0.0,0,0.049849853
2523,0.0,0,0.102507316
29578,1.0,0,0.08944083
23187,1.0,0,0.16875459
29140,0.0,0,0.10452575
5888,0.0,0,0.026286079
20709,0.0,0,0.11715111
7935,1.0,0,0.17135027
16295,1.0,0,0.44868022
28084,0.0,0,0.20824446
27203,0.0,0,0.14139025
27785,0.0,0,0.04111067
12564,0.0,0,0.051130842
7891,0.0,0,0.078739226
9837,0.0,0,0.07736437
19210,0.0,0,0.16393055
14802,0.0,0,0.2299411
15574,0.0,0,0.26358536
19281,0.0,0,0.22409955
29650,0.0,0,0.057519563
1796,0.0,0,0.39328483
6069,0.0,0,0.16866732
3819,0.0,0,0.1764266
24682,0.0,0,0.010824032
18684,0.0,0,0.20802929
15309,0.0,0,0.48908484
2998,0.0,0,0.30742884
11205,0.0,0,0.49691582
6336,0.0,0,0.024612723
10356,0.0,0,0.04700264
1038,1.0,0,0.10261982
2564,0.0,0,0.15117945
29531,0.0,0,0.22256164
24642,0.0,0,0.07466727
3406,0.0,0,0.01483063
8293,1.0,0,0.16768678
17024,1.0,0,0.09053653
14976,1.0,0,0.19897594
17376,0.0,0,0.28910404
7774,0.0,0,0.16593987
8101,0.0,0,0.105022945
7803,1.0,1,0.80471
5577,1.0,0,0.17212644
27844,0.0,0,0.3611139
15453,0.0,0,0.13078858
26610,1.0,0,0.4717514
8181,1.0,0,0.15960546
17650,1.0,1,0.7525366
20854,0.0,0,0.17429967
34,0.0,0,0.013383482
22558,0.0,0,0.20268865
10306,0.0,0,0.16162007
12998,1.0,1,0.7146396
11060,0.0,1,0.502374
27783,0.0,0,0.08417485
13787,0.0,0,0.048356965
10936,0.0,0,0.1805249
8497,0.0,0,0.37292236
15594,1.0,1,0.7589731
26660,0.0,0,0.39287245
18364,0.0,0,0.07248125
23938,0.0,0,0.14197806
3634,1.0,0,0.14240663
12951,0.0,0,0.24580564
15795,0.0,0,0.14827693
25745,0.0,0,0.14673218
4816,0.0,0,0.15358388
29550,0.0,0,0.011057608
7172,0.0,0,0.1375588
20249,1.0,1,0.7165079
544,0.0,0,0.11914158
24122,0.0,0,0.069032945
10415,0.0,0,0.31606263
9155,0.0,0,0.02307659
10047,1.0,0,0.20566954
3004,1.0,1,0.7391797
29468,0.0,0,0.054487236
14925,0.0,0,0.031443123
21631,0.0,0,0.14135379
29983,1.0,0,0.17796673
21476,0.0,0,0.03344676
23859,0.0,0,0.07234007
15800,0.0,0,0.21211018
21274,1.0,1,0.792388
27886,1.0,0,0.10362691
13030,1.0,0,0.34421426
7342,0.0,0,0.16513968
26875,0.0,0,0.013404366
2611,0.0,0,0.01694615
4166,1.0,0,0.35808536
19434,1.0,0,0.29489157
18804,0.0,0,0.020562802
19742,0.0,0,0.064587645
21494,1.0,0,0.09602314
20995,0.0,0,0.15128414
16796,0.0,0,0.021641446
4478,0.0,0,0.08037535
29429,0.0,0,0.13002545
24774,0.0,0,0.056904104
9307,0.0,0,0.27180463
9450,1.0,0,0.24204087
25072,0.0,1,0.660977
14728,1.0,0,0.08766759
29400,0.0,0,0.12464988
12634,0.0,0,0.11349681
27528,1.0,0,0.1226882
6451,0.0,0,0.14366911
14538,1.0,0,0.2466858
12991,1.0,0,0.43681234
22939,0.0,0,0.09550113
1522,0.0,1,0.7154074
6490,1.0,0,0.2592578
8318,0.0,0,0.13335776
15254,0.0,0,0.024845952
16277,1.0,0,0.014885022
10828,0.0,0,0.32831186
17627,0.0,0,0.16444045
7188,0.0,1,0.51447606
17694,0.0,0,0.49198487
27644,1.0,0,0.4826716
22227,0.0,0,0.0991233
26857,1.0,0,0.2919998
29917,0.0,0,0.019876663
5805,0.0,0,0.11344037
20468,0.0,0,0.23200318
23994,0.0,0,0.25750372
19991,0.0,0,0.3093315
1110,0.0,0,0.38656974
10343,0.0,0,0.1538671
23340,1.0,1,0.64292175
23684,0.0,0,0.07906245
14089,0.0,0,0.18145719
8435,0.0,0,0.17868993
11099,0.0,1,0.84642947
9465,0.0,0,0.09031575
22834,0.0,0,0.035205018
2482,0.0,0,0.066836394
24709,0.0,1,0.74641013
15946,0.0,0,0.030304858
13100,0.0,0,0.14242792
19061,1.0,0,0.16945457
26163,0.0,0,0.045432907
9158,0.0,0,0.024176897
20345,0.0,0,0.06280414
12872,0.0,0,0.09416972
2563,1.0,1,0.8625071
6496,0.0,0,0.07148203
8065,0.0,0,0.21710853
1934,0.0,0,0.24221441
24849,0.0,0,0.021577321
5016,0.0,0,0.14354707
15520,0.0,0,0.19189681
24093,0.0,1,0.76968044
17988,0.0,0,0.02603144
9802,1.0,0,0.027179131
28124,1.0,0,0.24400912
23472,0.0,0,0.4114793
22590,0.0,0,0.07534716
18634,0.0,0,0.06418125
24003,0.0,0,0.016798086
20090,0.0,0,0.2882092
9447,0.0,0,0.1644821
64,1.0,0,0.224798
9252,0.0,0,0.44603232
15067,0.0,0,0.08952948
19605,0.0,0,0.32178855
29347,0.0,0,0.013276004
25994,0.0,0,0.12798974
2433,1.0,1,0.69657964
14280,1.0,0,0.20431617
25537,0.0,0,0.3437818
29414,1.0,1,0.5027687
10622,0.0,0,0.10094209
13400,1.0,0,0.39240304
26330,0.0,0,0.33832064
6943,1.0,0,0.35418102
13412,0.0,0,0.018478867
13539,0.0,0,0.11119084
22530,0.0,0,0.3459968
29635,0.0,0,0.024624486
18820,0.0,0,0.12399804
263,0.0,0,0.18964475
1397,1.0,0,0.45646247
15981,0.0,0,0.47252852
21632,0.0,0,0.05368011
25837,0.0,0,0.052333705
27581,1.0,1,0.7573495
3577,0.0,0,0.018616239
17103,0.0,0,0.17087294
26812,0.0,0,0.23926653
5796,0.0,0,0.055309147
28115,0.0,0,0.08625005
16842,0.0,0,0.18558855
4683,0.0,0,0.014630951
22367,0.0,0,0.21619429
5057,1.0,1,0.7340291
19356,0.0,0,0.034828704
8834,0.0,0,0.4889553
7472,0.0,0,0.101676054
5625,0.0,0,0.08402418
15123,0.0,0,0.17604667
697,0.0,0,0.101451024
22730,0.0,0,0.41114163
12179,0.0,0,0.022383127
12844,0.0,0,0.18825378
12773,1.0,0,0.48589247
4660,1.0,1,0.8122771
261,0.0,0,0.0069529023
27637,0.0,0,0.4405812
13126,0.0,0,0.25080478
17604,0.0,0,0.029792638
17319,0.0,1,0.5494245
27537,1.0,1,0.86960095
8273,0.0,0,0.19622983
15698,0.0,0,0.08735597
29541,1.0,0,0.30912575
25432,0.0,0,0.110624805
1036,1.0,1,0.5532166
12028,0.0,0,0.12314215
15103,0.0,0,0.40039614
7661,1.0,1,0.66803014
18284,0.0,0,0.15365188
9219,1.0,0,0.17277206
28618,0.0,0,0.12091441
20171,1.0,0,0.14850795
28691,0.0,0,0.12749267
17427,0.0,0,0.2524039
18316,0.0,0,0.114668176
2712,0.0,0,0.25995988
1754,0.0,0,0.08825955
8092,0.0,0,0.2988602
13434,0.0,0,0.15179402
25156,0.0,1,0.50576365
18410,1.0,1,0.70373166
7975,0.0,0,0.14170055
2444,0.0,0,0.41591892
25241,0.0,0,0.07940452
13534,0.0,0,0.18367411
16690,1.0,1,0.7503849
4557,0.0,0,0.39615592
3371,1.0,0,0.17481193
24450,0.0,0,0.3769511
5392,0.0,0,0.08383083
21146,0.0,0,0.13709162
18026,0.0,0,0.17261924
15042,0.0,0,0.09083733
8047,0.0,1,0.7238471
13007,0.0,0,0.21143082
8049,1.0,1,0.720056
15376,0.0,0,0.036602948
16070,0.0,0,0.16143258
18966,0.0,0,0.04203668
22400,0.0,0,0.06951335
14418,0.0,0,0.06031149
13114,0.0,0,0.2046623
20466,0.0,0,0.17214052
10286,0.0,0,0.034798995
8649,0.0,0,0.094419725
2354,0.0,0,0.07527862
4349,0.0,0,0.33139163
17598,0.0,0,0.14855164
3074,1.0,0,0.17035039
9036,0.0,0,0.20201515
18950,0.0,0,0.02824701
18275,0.0,0,0.11775134
22804,0.0,0,0.0346848
6804,0.0,0,0.1420905
9937,0.0,0,0.22475095
21884,0.0,0,0.13585383
4658,0.0,0,0.11281459
9564,0.0,0,0.18133156
7059,0.0,0,0.055891424
26539,0.0,0,0.17863846
28807,1.0,0,0.31809926
9136,0.0,0,0.22365752
7073,0.0,0,0.18816997
29009,0.0,0,0.053514473
24695,0.0,0,0.124048114
5592,0.0,0,0.2650055
16257,0.0,0,0.14728415
19030,1.0,1,0.75146383
3808,0.0,0,0.12005761
6526,0.0,0,0.029172353
5751,1.0,1,0.79722804
27423,0.0,0,0.10227872
6656,0.0,0,0.0976511
23996,0.0,0,0.46665058
6730,1.0,1,0.70791465
22842,0.0,0,0.07467849
20132,0.0,0,0.08831058
2269,1.0,1,0.7636689
24198,1.0,1,0.76382315
19355,1.0,0,0.2706025
15297,0.0,0,0.23609331
12549,0.0,0,0.2075868
11059,0.0,0,0.03159103
22386,1.0,0,0.1337387
19417,1.0,0,0.1801541
17166,0.0,0,0.30966872
10902,0.0,0,0.15244389
15910,0.0,0,0.44979528
14808,0.0,0,0.47185767
28629,0.0,0,0.07486578
16831,0.0,0,0.15703343
11040,0.0,0,0.40653196
28071,0.0,0,0.04346624
8784,0.0,0,0.25497437
9542,0.0,0,0.26809597
26172,0.0,0,0.09065147
11267,1.0,1,0.78626895
3989,0.0,0,0.15352562
8005,1.0,0,0.060940217
1950,0.0,0,0.04422317
22113,0.0,0,0.111500405
13505,1.0,0,0.45060027
970,0.0,0,0.09908222
1206,1.0,0,0.10515408
10933,0.0,0,0.43227965
13626,0.0,0,0.0733643
21612,0.0,0,0.33593825
6307,0.0,0,0.018348107
4325,0.0,0,0.3907397
6835,0.0,0,0.13245383
4558,0.0,0,0.13973135
15907,0.0,0,0.054308813
17167,0.0,0,0.11020523
22334,0.0,0,0.021300802
2759,0.0,0,0.12602931
7068,0.0,1,0.79357064
23099,0.0,0,0.026644658
8676,0.0,0,0.015017716
23657,0.0,0,0.30793414
14205,1.0,0,0.34167668
21530,0.0,0,0.171711
28989,1.0,0,0.45583898
24402,0.0,0,0.12907587
21012,0.0,0,0.16352093
2455,0.0,0,0.029372055
800,0.0,0,0.032313358
10879,0.0,0,0.49866036
7401,0.0,0,0.09658194
29260,0.0,0,0.06484603
13657,0.0,0,0.1254701
23279,0.0,0,0.08009777
15883,0.0,0,0.120882064
11464,0.0,0,0.12355027
9498,0.0,0,0.010202007
2387,0.0,0,0.15558861
13172,0.0,0,0.030492518
19878,0.0,0,0.11528676
23691,0.0,0,0.18917954
2702,0.0,0,0.1891221
17682,1.0,0,0.23699825
17570,1.0,1,0.69439596
24199,0.0,0,0.36941952
29288,0.0,0,0.33999792
21709,0.0,0,0.44725323
18930,0.0,0,0.09412522
8149,1.0,0,0.4574829
3065,0.0,0,0.021099515
29177,1.0,1,0.70635825
29978,0.0,0,0.018514235
6338,0.0,1,0.6317324
26305,0.0,0,0.06958698
25589,0.0,0,0.09155767
26368,1.0,0,0.20224153
10258,0.0,0,0.11293515
3113,0.0,0,0.012131907
23146,0.0,0,0.12400883
4393,0.0,0,0.23248433
15353,0.0,0,0.36248708
8062,0.0,0,0.1706524
29986,0.0,0,0.22480294
18700,0.0,0,0.0455277
8433,0.0,0,0.108391166
5677,0.0,0,0.13308707
2431,1.0,0,0.2234919
27145,0.0,0,0.055289984
10488,1.0,0,0.07290783
21107,0.0,0,0.11670565
27331,0.0,0,0.11402384
3583,0.0,0,0.08436486
10052,0.0,0,0.1388909
27996,0.0,0,0.11515292
27980,0.0,0,0.1579235
6859,0.0,0,0.112941146
29320,0.0,0,0.081510425
26421,1.0,0,0.11103204
12717,0.0,0,0.058857497
11329,0.0,0,0.026552724
27181,0.0,0,0.08041287
9532,1.0,0,0.24691834
29843,0.0,0,0.036536604
23484,0.0,0,0.1674026
26932,0.0,0,0.13408488
3863,0.0,0,0.020933643
28591,1.0,0,0.33075747
10546,0.0,0,0.35807738
1078,0.0,0,0.006792453
6199,0.0,0,0.41645607
17621,0.0,0,0.11973807
28539,0.0,0,0.13870429
26455,1.0,1,0.84685016
28235,0.0,0,0.059584748
1236,1.0,0,0.16021961
23630,0.0,0,0.061971106
13498,1.0,0,0.23410156
18951,1.0,0,0.406018
24091,0.0,0,0.03827
250,0.0,0,0.10746215
18435,0.0,0,0.086430006
4831,0.0,0,0.13807973
1973,0.0,0,0.036973603
25864,0.0,0,0.07762611
12568,0.0,0,0.061819445
11754,0.0,0,0.036148462
27507,1.0,0,0.17067307
14402,0.0,0,0.41970572
26807,0.0,0,0.007377842
29030,0.0,0,0.048841305
20241,0.0,0,0.14979784
25182,0.0,0,0.12087025
14972,1.0,0,0.3499857
8355,0.0,0,0.12496541
6412,0.0,0,0.27006435
8119,1.0,0,0.102382176
26260,0.0,0,0.3588533
27823,0.0,0,0.13294922
16250,0.0,0,0.17290543
4814,0.0,0,0.058863115
14749,0.0,0,0.119731866
24390,0.0,0,0.08506402
17086,1.0,0,0.42361403
28692,0.0,0,0.02100189
5328,0.0,0,0.045017365
2091,0.0,0,0.35741618
25508,0.0,0,0.08858097
15181,1.0,1,0.6852311
5415,0.0,0,0.08148179
23600,0.0,0,0.14034857
17775,1.0,1,0.8095095
2244,1.0,1,0.7272069
2458,0.0,1,0.5073633
28427,0.0,1,0.6062516
2396,0.0,0,0.075694196
3947,0.0,0,0.1264887
28314,0.0,0,0.20620091
9427,0.0,0,0.23537683
17738,1.0,0,0.40300483
22635,0.0,0,0.108901516
5894,0.0,0,0.087932274
8983,0.0,0,0.058286306
25153,0.0,0,0.11291117
355,0.0,1,0.7801978
14885,1.0,0,0.21788175
6119,0.0,0,0.08491113
6426,0.0,0,0.10221735
25913,0.0,1,0.72562766
2445,0.0,0,0.3215862
2687,0.0,0,0.011874843
18320,0.0,0,0.1052529
13175,0.0,0,0.0904905
25451,0.0,0,0.17164686
24360,1.0,1,0.67365307
19815,1.0,1,0.7058733
29563,0.0,0,0.04234983
11853,0.0,0,0.26115185
10957,0.0,0,0.1653241
28238,0.0,0,0.014076227
8091,1.0,1,0.7832645
26866,1.0,1,0.52045816
3198,0.0,0,0.1491752
6244,0.0,0,0.21799292
15271,1.0,0,0.1614983
15085,1.0,0,0.12652284
17462,1.0,0,0.2799237
28711,0.0,0,0.09948288
14865,1.0,0,0.30133587
10433,1.0,0,0.19560368
13130,0.0,0,0.17678274
29652,1.0,1,0.5661472
254,0.0,0,0.070534095
6494,0.0,1,0.6669795
15703,0.0,0,0.11368319
15898,0.0,0,0.17320214
27926,0.0,1,0.6809386
16910,0.0,0,0.1243253
24163,0.0,0,0.09258111
20386,0.0,0,0.4351802
29095,0.0,0,0.3078073
2908,1.0,0,0.13041823
20487,0.0,0,0.13004176
16130,0.0,0,0.11805186
16196,1.0,0,0.043703925
26720,1.0,1,0.55001897
1676,1.0,0,0.16098192
21367,0.0,0,0.07266788
23825,0.0,0,0.115324475
27465,0.0,0,0.11976969
28797,1.0,0,0.27937904
7144,1.0,0,0.34852305
25599,0.0,0,0.18905136
8643,0.0,0,0.061642304
7543,1.0,0,0.23483267
15285,0.0,0,0.04837189
2619,0.0,0,0.051955037
18675,0.0,0,0.06418773
24722,0.0,0,0.117469475
18023,1.0,0,0.14096661
17932,1.0,1,0.8166598
7779,0.0,0,0.032510452
9642,0.0,0,0.0498684
25138,0.0,0,0.47816113
10238,0.0,0,0.38416117
4604,0.0,0,0.034671467
14585,0.0,0,0.19482702
20607,0.0,0,0.09174973
1438,0.0,0,0.12525408
15118,0.0,1,0.74228996
16251,0.0,0,0.32310987
8663,0.0,0,0.08112878
21388,0.0,0,0.3744298
6156,1.0,0,0.41139257
1933,0.0,0,0.09376169
9505,0.0,0,0.19102971
8045,0.0,0,0.052320737
21408,0.0,0,0.17071497
19278,0.0,0,0.092389554
13721,1.0,0,0.20880787
27624,1.0,1,0.7450825
193,0.0,0,0.09551255
18481,0.0,0,0.021207668
21246,0.0,0,0.087628454
26527,0.0,0,0.21889955
10440,1.0,0,0.31163943
14937,1.0,0,0.08121953
8566,0.0,0,0.055301543
28446,0.0,0,0.076726265
19120,0.0,0,0.07721508
4277,0.0,0,0.10603352
18446,0.0,0,0.044750396
19486,1.0,0,0.49806404
14126,0.0,0,0.082949
28272,0.0,0,0.051654726
12786,0.0,0,0.12591396
12628,1.0,0,0.16536309
8311,0.0,0,0.019004127
18082,0.0,0,0.3952879
22242,0.0,0,0.17712377
19547,0.0,0,0.14980213
10659,0.0,0,0.22923124
24661,0.0,0,0.20494655
24653,0.0,0,0.06451268
14692,1.0,1,0.8044951
5723,0.0,0,0.19396234
19921,0.0,0,0.08671954
14221,1.0,1,0.7661276
19298,1.0,0,0.18630762
26448,0.0,0,0.1911428
19455,0.0,0,0.05894776
6739,1.0,0,0.46677387
3853,1.0,0,0.2555081
10517,0.0,0,0.01808209
5262,0.0,0,0.14629932
28642,1.0,0,0.48865098
22081,1.0,1,0.80467266
339,1.0,0,0.14584647
17120,0.0,0,0.039126676
4800,0.0,0,0.18690878
23184,0.0,0,0.07722882
10255,1.0,0,0.14100233
1493,0.0,1,0.6545369
3488,0.0,0,0.24328718
4970,0.0,0,0.119363375
5053,0.0,0,0.0683727
7375,1.0,0,0.32870686
11972,1.0,0,0.41756022
20087,0.0,0,0.29663524
11500,0.0,0,0.15651295
16284,0.0,0,0.060321342
24224,0.0,0,0.0338753
4776,0.0,0,0.05312065
10161,0.0,0,0.062161222
11758,0.0,0,0.34931558
24504,0.0,0,0.17905514
2238,0.0,0,0.03565065
20767,0.0,0,0.083019495
18291,0.0,0,0.24381633
1088,0.0,0,0.31880423
17296,0.0,0,0.089563325
12215,0.0,0,0.36256307
5037,0.0,0,0.21269393
10095,0.0,0,0.13844727
249,0.0,0,0.0405671
9372,0.0,0,0.07289526
17928,0.0,0,0.3986337
16509,0.0,0,0.27863225
11026,0.0,0,0.039255854
21287,0.0,0,0.28343794
26894,0.0,0,0.14861527
6516,1.0,0,0.16811468
22262,0.0,0,0.41704258
7154,0.0,0,0.1572023
22758,0.0,0,0.06828593
2201,1.0,0,0.26133922
15368,0.0,1,0.5472672
7867,0.0,0,0.019451905
5957,0.0,0,0.04009805
12787,0.0,0,0.098924875
27786,0.0,0,0.0142662
29901,1.0,0,0.17723665
8296,1.0,1,0.7659417
27265,0.0,0,0.22145753
8537,0.0,0,0.024003375
15424,0.0,0,0.36349764
29317,0.0,0,0.31526732
2867,0.0,0,0.06110198
7320,1.0,1,0.5521896
4278,1.0,0,0.13097881
25482,0.0,0,0.05245941
9334,0.0,0,0.012227404
9722,1.0,0,0.08510807
27650,0.0,0,0.14052264
7421,0.0,0,0.20367667
27018,0.0,0,0.08266922
15017,0.0,1,0.50032216
11999,0.0,0,0.14177912
5787,1.0,1,0.69782805
17243,0.0,0,0.16705061
23940,1.0,0,0.41141096
13133,0.0,0,0.17569129
6316,1.0,0,0.37001994
22876,0.0,0,0.061071094
12985,0.0,0,0.14346546
19523,1.0,1,0.67826706
1487,0.0,0,0.012666739
20751,0.0,0,0.17485642
2902,0.0,0,0.35411683
3758,1.0,0,0.31824258
692,0.0,0,0.4618004
1838,1.0,0,0.10903193
14891,0.0,0,0.13958822
13035,0.0,0,0.06437085
24976,0.0,0,0.15901166
25941,0.0,0,0.052210383
11403,0.0,0,0.16712213
7841,0.0,0,0.10371376
16345,0.0,0,0.2976852
6387,1.0,1,0.80372006
10508,1.0,0,0.43932378
25299,1.0,1,0.7435097
17636,0.0,0,0.03463205
21047,1.0,0,0.33525342
15642,0.0,0,0.20702033
23496,1.0,0,0.24919756
17305,1.0,1,0.66715145
13812,0.0,0,0.16280572
4205,0.0,0,0.21645527
29533,0.0,0,0.110801384
23564,0.0,0,0.09464617
28833,0.0,0,0.061480653
19580,0.0,0,0.23661721
28815,0.0,0,0.21586767
4822,0.0,0,0.054766
4085,0.0,1,0.5672631
23160,0.0,0,0.0632706
21327,1.0,0,0.18225625
26396,0.0,0,0.09824507
22449,0.0,0,0.110043034
27954,0.0,0,0.08041649
11795,1.0,0,0.40504548
18060,0.0,0,0.06546112
2004,1.0,1,0.7026439
24547,0.0,0,0.13942537
25741,0.0,0,0.037143663
7285,0.0,0,0.39347586
25620,1.0,0,0.3826578
26146,0.0,0,0.12360234
29994,0.0,0,0.051650833
15229,0.0,0,0.4821722
2315,0.0,0,0.07459632
21916,0.0,0,0.23957026
25794,0.0,0,0.06841329
24236,0.0,0,0.16157241
26626,0.0,0,0.039912783
7256,0.0,0,0.0876646
24438,0.0,0,0.11534109
19351,1.0,1,0.71444213
7590,0.0,1,0.7352194
27450,0.0,0,0.15879568
22312,0.0,0,0.08071379
21989,0.0,0,0.14785156
16461,0.0,0,0.08135237
8215,0.0,0,0.1876555
26409,1.0,0,0.1675563
3664,1.0,1,0.75432324
12195,1.0,0,0.07472892
7419,0.0,0,0.17737886
13415,0.0,0,0.04941428
14708,1.0,1,0.5372881
25674,0.0,0,0.14287326
14138,0.0,0,0.06870311
17111,0.0,0,0.13074076
22821,0.0,0,0.044355776
25261,0.0,0,0.4461203
502,0.0,1,0.52846533
15167,0.0,0,0.1413794
12742,0.0,0,0.1390284
23608,1.0,1,0.84831667
28370,0.0,0,0.12254009
21200,0.0,0,0.13004607
25152,0.0,0,0.05581283
12493,0.0,0,0.22122207
1615,0.0,0,0.16374144
4892,0.0,0,0.27500936
22901,1.0,1,0.81789607
26736,0.0,0,0.08353198
18198,0.0,0,0.093644135
1528,0.0,0,0.050564025
2419,0.0,0,0.371322
14050,1.0,0,0.3603521
29546,1.0,0,0.13655613
25345,0.0,0,0.16602947
13957,1.0,0,0.33737832
3118,0.0,0,0.0722358
15394,0.0,0,0.09067567
14347,0.0,0,0.043919817
15086,0.0,0,0.022911623
27765,0.0,0,0.13041316
8617,1.0,0,0.21893504
15349,0.0,0,0.17171092
14691,1.0,0,0.19394091
21905,0.0,0,0.116236284
25833,0.0,0,0.12371958
19574,0.0,0,0.24348184
27676,0.0,1,0.69534725
7518,0.0,0,0.13524634
251,0.0,0,0.4311496
933,1.0,1,0.5376426
7593,0.0,0,0.17712493
24826,0.0,0,0.084172584
20612,1.0,0,0.092514
19019,0.0,0,0.17682287
23287,0.0,0,0.3870939
15765,0.0,0,0.1166997
2504,1.0,0,0.15322131
4209,0.0,1,0.7667452
28562,0.0,0,0.007902206
8639,0.0,0,0.08699028
8302,0.0,0,0.09319692
8221,0.0,0,0.045786783
29073,0.0,0,0.11067759
25414,1.0,0,0.1820849
12529,0.0,0,0.075371735
21504,0.0,0,0.11567669
179,0.0,0,0.14243048
17411,0.0,0,0.1232024
28909,1.0,0,0.11535116
28771,1.0,0,0.31717944
2255,0.0,0,0.09724509
7413,0.0,0,0.40624025
4360,0.0,0,0.21073003
7929,1.0,0,0.17177634
11938,1.0,0,0.25247905
11179,0.0,0,0.14852071
24011,0.0,0,0.14414684
707,0.0,0,0.38492325
23006,1.0,1,0.64790326
13267,1.0,0,0.13836911
17808,0.0,0,0.21533687
6583,1.0,1,0.77844864
16394,0.0,0,0.0933999
1218,0.0,0,0.01849667
15619,1.0,0,0.09244667
21024,1.0,0,0.10462019
20834,1.0,0,0.42288733
20798,1.0,1,0.6935923
21888,0.0,0,0.022939831
29945,1.0,1,0.7100718
5063,0.0,0,0.17350589
13261,0.0,0,0.17294437
28887,0.0,0,0.16674426
17455,0.0,0,0.1101536
23025,0.0,0,0.059506774
3838,0.0,0,0.14191751
4746,0.0,1,0.52134234
18137,0.0,0,0.3072333
2466,1.0,1,0.6110331
9211,1.0,0,0.10720666
27043,0.0,0,0.11064384
9635,0.0,0,0.17120653
22980,0.0,0,0.18129376
28609,0.0,0,0.13274841
6216,0.0,0,0.47578126
3254,1.0,0,0.4849831
27517,0.0,0,0.17013167
26029,0.0,0,0.07043177
630,0.0,0,0.08578451
14162,1.0,0,0.48749164
14370,0.0,0,0.11308032
19795,0.0,0,0.09658214
23462,0.0,0,0.050258078
15587,0.0,0,0.09547832
4793,0.0,0,0.1509793
13504,1.0,0,0.1710199
23170,0.0,1,0.6837846
24170,0.0,0,0.07792818
18814,0.0,0,0.16136175
11050,0.0,1,0.7505076
22548,1.0,0,0.14521286
12956,1.0,1,0.8314712
16430,0.0,0,0.15095942
24392,0.0,0,0.08055356
4058,0.0,0,0.18435438
29191,0.0,0,0.16850474
1126,0.0,0,0.14816329
11150,0.0,0,0.41603902
6277,0.0,0,0.16963543
11729,0.0,0,0.08244516
25989,0.0,0,0.062234934
4636,0.0,0,0.14044277
8501,0.0,0,0.106179655
20307,1.0,0,0.31477308
20326,0.0,0,0.11644328
20178,0.0,0,0.10994865
6228,0.0,0,0.12159179
5141,0.0,0,0.059575047
14962,0.0,0,0.32862818
7796,0.0,0,0.011617959
10908,1.0,1,0.82403564
19962,0.0,0,0.26308593
13131,0.0,0,0.18785843
22008,0.0,0,0.10658128
27324,0.0,0,0.2790356
13842,0.0,0,0.10116436
1443,1.0,0,0.24740778
18164,0.0,0,0.04206959
1889,0.0,0,0.48164174
18615,1.0,1,0.7336017
15524,0.0,0,0.018689947
10104,0.0,0,0.18313023
28726,0.0,0,0.069145836
27174,0.0,0,0.1958485
6103,0.0,0,0.11429426
22421,0.0,0,0.26365134
15618,0.0,0,0.18677145
16705,0.0,1,0.6848077
27114,0.0,0,0.12549917
26355,0.0,0,0.17645504
12049,0.0,0,0.4275389
18106,0.0,0,0.16078295
23469,1.0,1,0.54393953
9241,0.0,0,0.12679346
9570,0.0,0,0.42193317
29130,0.0,0,0.2762658
712,0.0,0,0.122996666
13081,0.0,0,0.02831029
26893,0.0,0,0.4855076
18922,0.0,0,0.060370497
14169,0.0,0,0.13439435
14823,1.0,0,0.1823564
19059,0.0,0,0.22348927
3242,1.0,1,0.8186619
17475,0.0,0,0.043475788
4061,0.0,0,0.039241713
25026,0.0,0,0.016668698
18157,0.0,0,0.112146184
28740,0.0,0,0.13171956
23422,0.0,0,0.028675087
3384,1.0,1,0.5027869
4270,1.0,0,0.17926426
11786,0.0,0,0.12770633
13639,0.0,0,0.037612043
1836,1.0,1,0.5325831
17302,0.0,0,0.12307034
25918,0.0,0,0.06999861
24267,0.0,0,0.1027872
14724,0.0,0,0.0755512
17511,1.0,0,0.41767448
13391,1.0,1,0.67351526
15791,0.0,0,0.120139405
15313,0.0,0,0.09548277
22106,0.0,0,0.10955675
20838,0.0,0,0.04052741
16517,0.0,0,0.04134591
8495,0.0,1,0.7516247
24385,0.0,0,0.033711474
15461,0.0,0,0.16877282
4678,0.0,0,0.13037024
386,0.0,0,0.0879566
10090,0.0,0,0.042490054
13798,0.0,0,0.45823452
22790,1.0,0,0.14430042
28851,0.0,0,0.04402445
21417,0.0,0,0.3400013
28082,1.0,1,0.71394676
29243,1.0,0,0.2260752
15465,0.0,0,0.112892404
3962,0.0,0,0.07956239
10219,0.0,0,0.09379602
2195,0.0,0,0.14085235
874,0.0,0,0.15671687
26201,0.0,0,0.16167752
24066,0.0,0,0.10864035
23233,1.0,0,0.19954264
21264,0.0,0,0.21877287
12644,0.0,0,0.1929617
26656,0.0,0,0.45670304
6733,0.0,0,0.028993146
29256,1.0,0,0.22017348
8081,0.0,0,0.06086396
29696,0.0,0,0.21300282
1738,0.0,0,0.26442644
27837,0.0,0,0.14269388
13965,0.0,0,0.22968096
19651,0.0,0,0.032064162
20552,0.0,0,0.15189077
9044,1.0,0,0.23069134
26384,0.0,0,0.067019634
14812,0.0,0,0.115538284
16572,0.0,1,0.68132234
10301,0.0,0,0.057453934
24197,0.0,0,0.119556144
7270,0.0,0,0.09277728
29940,0.0,0,0.14692672
2490,0.0,0,0.3984863
1814,0.0,1,0.66143143
20187,0.0,0,0.090806894
1952,0.0,0,0.09242273
5284,0.0,0,0.28179932
11932,0.0,0,0.031853538
921,0.0,0,0.25623274
3432,0.0,0,0.12316658
4244,0.0,0,0.112376824
13337,0.0,0,0.13263293
15361,0.0,0,0.21489908
12600,0.0,0,0.058715083
2545,1.0,0,0.20189485
19668,0.0,1,0.5316386
23783,0.0,0,0.3985027
16992,1.0,1,0.77543473
703,1.0,0,0.1834667
29442,0.0,0,0.12649347
10368,1.0,0,0.1287996
25623,0.0,0,0.3703151
12720,0.0,0,0.028087875
23334,0.0,0,0.029389437
16656,0.0,0,0.061818674
27143,0.0,0,0.13267939
26945,0.0,0,0.07784869
26766,1.0,0,0.14964968
16789,1.0,1,0.79568595
16101,1.0,0,0.22320609
3791,1.0,0,0.1676505
14424,0.0,0,0.2290491
3237,0.0,0,0.053226877
10522,1.0,1,0.7725479
19689,0.0,0,0.065090366
26682,0.0,0,0.07147666
25738,0.0,0,0.19753155
1735,0.0,0,0.13480256
15031,1.0,1,0.7914811
29816,0.0,0,0.19904585
22514,0.0,0,0.04774863
368,0.0,0,0.49674332
2480,0.0,0,0.10839159
15600,1.0,1,0.80056286
4043,0.0,0,0.10740892
20415,0.0,0,0.10692577
28233,0.0,0,0.12166691
2134,0.0,0,0.053231314
21867,0.0,0,0.134318
3434,0.0,0,0.08259577
19151,0.0,0,0.13199192
14059,0.0,0,0.15300713
28667,1.0,0,0.15678918
13648,1.0,0,0.4300707
19939,0.0,0,0.027071128
21664,0.0,0,0.07698675
13193,0.0,0,0.06441886
29481,0.0,0,0.39873824
9394,0.0,0,0.13457683
22365,0.0,0,0.11407895
19621,0.0,0,0.07590196
13703,0.0,0,0.24731986
3539,1.0,0,0.08656653
17924,1.0,1,0.68910235
3061,1.0,0,0.08256785
18207,0.0,0,0.19738343
28760,0.0,0,0.04892542
10240,0.0,0,0.2601525
13305,0.0,0,0.0116709815
23173,0.0,0,0.2248316
27669,1.0,0,0.3867886
29771,1.0,1,0.82816666
19469,0.0,0,0.024595013
210,0.0,0,0.13523324
17339,0.0,0,0.38618582
2371,0.0,0,0.12778936
25712,0.0,0,0.19855554
9496,0.0,0,0.18622185
6152,0.0,0,0.19028503
20220,0.0,0,0.07113006
19775,0.0,0,0.020972246
14009,0.0,0,0.09939547
23659,0.0,0,0.1990401
24632,0.0,0,0.1962896
1417,0.0,0,0.15365256
5553,0.0,0,0.1883999
16368,1.0,0,0.18904442
6168,0.0,0,0.23764037
14923,0.0,1,0.62556463
6751,1.0,1,0.79617965
21850,0.0,0,0.04086603
369,0.0,0,0.44179505
15025,0.0,0,0.4231324
11175,0.0,0,0.12190834
20302,0.0,0,0.055930663
18977,0.0,0,0.030962426
2552,0.0,0,0.12555349
27586,1.0,0,0.45775783
7581,0.0,0,0.006896783
8274,0.0,0,0.16080354
28755,0.0,0,0.11638172
16013,0.0,0,0.16469061
20770,0.0,0,0.022027554
763,0.0,0,0.047350153
12764,0.0,0,0.048597988
10078,0.0,0,0.060437005
21732,0.0,0,0.14306277
18483,0.0,0,0.04370968
25866,0.0,0,0.028047612
18298,0.0,0,0.1338021
588,1.0,0,0.07002512
14806,0.0,1,0.79227906
5565,1.0,0,0.080360495
25652,0.0,0,0.039968707
19924,0.0,0,0.12965898
12170,1.0,0,0.39201522
2886,0.0,0,0.10524612
2172,0.0,0,0.054217976
22567,0.0,1,0.7750424
27239,0.0,0,0.27431467
26354,0.0,0,0.34964994
12882,0.0,0,0.19324583
22915,0.0,0,0.19599418
26442,1.0,1,0.5105971
16396,0.0,0,0.021173973
27562,0.0,0,0.04246586
3161,0.0,0,0.11352174
13234,0.0,0,0.12998329
14543,1.0,1,0.8302289
27182,0.0,0,0.045482717
6986,0.0,0,0.16248232
12330,1.0,0,0.39802036
22379,0.0,0,0.06489337
1247,1.0,1,0.8273403
29681,0.0,0,0.48621055
18132,0.0,0,0.052866496
24962,0.0,0,0.1560389
7795,0.0,0,0.1883876
8498,0.0,0,0.14157127
21677,0.0,0,0.22525026
14981,1.0,1,0.76673424
27816,0.0,0,0.019876847
24329,0.0,0,0.07015239
15616,1.0,1,0.73718965
15762,0.0,0,0.117017604
12774,1.0,0,0.16933234
23352,0.0,0,0.13967669
14422,0.0,0,0.13690355
14674,0.0,0,0.1693292
28430,0.0,0,0.090912156
4210,0.0,0,0.15657842
3929,0.0,0,0.053831853
7777,1.0,0,0.4641631
11736,0.0,0,0.13471395
14423,0.0,0,0.041414626
23986,1.0,0,0.21881248
9510,0.0,0,0.14955921
16122,1.0,0,0.47439444
11625,0.0,0,0.01053244
932,1.0,0,0.034123722
26879,0.0,0,0.047119636
1447,1.0,0,0.18978176
1402,0.0,1,0.69908154
9390,0.0,1,0.56578976
10635,0.0,0,0.15867017
10371,0.0,0,0.17051372
4496,0.0,0,0.106320605
7852,0.0,0,0.1759265
13097,0.0,0,0.43183693
21191,0.0,0,0.00878005
12,0.0,0,0.049883947
182,0.0,0,0.07923491
1271,0.0,0,0.113514386
24149,0.0,0,0.15866616
28814,0.0,0,0.13993011
5325,0.0,0,0.2314233
26457,1.0,0,0.07291531
28243,1.0,1,0.7338866
4923,0.0,0,0.21633933
15075,0.0,0,0.14461355
17948,0.0,0,0.3064388
8726,1.0,0,0.08151044
1138,0.0,0,0.1564333
17238,0.0,0,0.040111393
23366,0.0,0,0.066702604
29145,0.0,0,0.14318201
5941,0.0,0,0.08370304
5128,0.0,0,0.1456126
3176,0.0,0,0.102999195
18135,0.0,0,0.2315885
19765,0.0,0,0.10763011
10740,1.0,1,0.67643845
19009,0.0,0,0.050485842
14874,1.0,0,0.48008484
12762,1.0,0,0.18117115
11533,0.0,0,0.1238982
3405,0.0,0,0.20351408
17692,0.0,0,0.21511196
2640,0.0,0,0.046653338
10389,1.0,0,0.2453267
22506,1.0,0,0.16991813
29971,0.0,0,0.045602325
27515,0.0,0,0.08735181
21970,0.0,0,0.013443608
12485,0.0,0,0.17114946
15721,0.0,0,0.14240833
3476,0.0,0,0.23555762
15526,0.0,0,0.13162912
17468,0.0,0,0.06372077
2229,0.0,0,0.13414916
14481,1.0,0,0.18967557
12528,0.0,0,0.17074409
15386,1.0,0,0.45150316
22130,0.0,0,0.08000847
5249,1.0,0,0.32948238
23079,0.0,0,0.032825075
20986,0.0,0,0.021217797
6355,0.0,0,0.22178492
2402,0.0,0,0.19992562
8739,0.0,0,0.10230468
4216,0.0,0,0.13363115
1841,0.0,0,0.12356173
26034,0.0,0,0.0527072
9589,0.0,0,0.038447987
6566,0.0,0,0.06718008
25604,0.0,0,0.13269475
11195,0.0,0,0.20832753
16657,0.0,0,0.24863423
6186,0.0,0,0.051977873
28130,0.0,0,0.14582609
5104,0.0,0,0.124284394
23495,0.0,0,0.09901898
21681,0.0,0,0.111839205
18385,0.0,0,0.25882125
6367,1.0,0,0.27747416
1638,0.0,1,0.56782037
7464,0.0,0,0.1049566
3173,0.0,0,0.1665881
24309,0.0,0,0.1089969
159,1.0,0,0.46849588
24449,1.0,1,0.7949126
29384,0.0,0,0.047468983
21897,0.0,0,0.17776962
7956,0.0,1,0.56819755
15417,0.0,0,0.1737628
2443,0.0,0,0.03798702
18754,0.0,0,0.022018578
12874,1.0,0,0.19769654
23330,0.0,0,0.033790182
8866,1.0,0,0.4628154
14532,0.0,0,0.16795738
18411,0.0,0,0.1984411
14787,1.0,0,0.09825601
9898,1.0,0,0.09593535
1243,0.0,0,0.15575866
2560,0.0,0,0.30864465
21596,0.0,0,0.08291857
3777,1.0,0,0.46607965
28927,1.0,0,0.25381902
19680,0.0,0,0.20213751
17392,0.0,0,0.025929773
25672,0.0,0,0.03741155
21329,0.0,0,0.12870353
3058,0.0,0,0.19655512
13083,1.0,0,0.2101011
16707,0.0,0,0.15134524
29147,0.0,0,0.1410817
18959,0.0,0,0.057040364
16527,0.0,1,0.8010166
83,1.0,0,0.14193653
6820,0.0,0,0.092029385
11240,0.0,1,0.8267298
23533,1.0,0,0.47535253
29906,1.0,0,0.46784267
16834,0.0,1,0.5312452
26401,0.0,0,0.01687536
28690,0.0,0,0.20587519
14685,0.0,0,0.24658939
19658,0.0,0,0.3922384
28957,0.0,0,0.045872178
26023,0.0,1,0.68387896
13196,1.0,0,0.38795
24078,0.0,0,0.055316996
28619,0.0,0,0.09008957
444,0.0,0,0.039779685
14235,0.0,0,0.0307891
9189,0.0,0,0.316584
7139,0.0,0,0.13513947
7605,0.0,0,0.08391285
13226,0.0,0,0.07301149
25046,0.0,0,0.12087561
1442,0.0,0,0.057038825
7915,0.0,0,0.02739204
23955,0.0,0,0.22304001
22941,0.0,0,0.05881137
16057,0.0,0,0.2969845
12795,1.0,0,0.16528584
16749,0.0,1,0.62570727
12040,1.0,1,0.6611553
26533,0.0,0,0.10474642
1568,0.0,0,0.13829438
447,0.0,0,0.04731962
25751,1.0,0,0.36699677
13486,0.0,0,0.06438817
9836,0.0,0,0.21565531
15019,0.0,0,0.37394908
23968,0.0,0,0.009444151
15640,0.0,1,0.65743977
13480,1.0,1,0.84241766
21375,0.0,0,0.4468389
24220,0.0,0,0.26478997
7403,1.0,0,0.18258496
28636,1.0,1,0.7445324
3320,0.0,0,0.281891
1660,0.0,0,0.14802015
27867,0.0,0,0.2741658
23912,0.0,0,0.040864915
1210,1.0,0,0.1379729
18487,0.0,0,0.08164467
1995,0.0,0,0.3337366
5025,0.0,0,0.21667056
12272,0.0,0,0.03634416
9094,1.0,1,0.69664353
3085,0.0,0,0.13983506
20725,1.0,1,0.7196866
19553,1.0,0,0.19948135
14331,1.0,1,0.7465638
29758,0.0,0,0.124262504
9147,1.0,1,0.7146285
2226,1.0,0,0.30643925
1023,0.0,0,0.20541106
3694,0.0,0,0.36964682
17572,0.0,0,0.048584808
23777,0.0,0,0.10609903
13806,0.0,0,0.021715995
12683,0.0,0,0.3664887
24612,0.0,0,0.114225656
18422,1.0,0,0.23136246
25364,0.0,1,0.66359156
4752,0.0,0,0.08642294
20674,1.0,0,0.42081928
12569,1.0,0,0.4012619
24797,0.0,0,0.33442312
14081,0.0,0,0.362143
1367,0.0,0,0.10774587
21803,0.0,0,0.24355921
9918,0.0,0,0.35774657
1703,1.0,0,0.37591162
10674,0.0,0,0.16280879
17006,0.0,0,0.2384986
17868,0.0,0,0.10578599
9051,0.0,0,0.31759968
7612,0.0,0,0.08548909
10871,1.0,1,0.76953775
6431,0.0,0,0.1535023
29970,0.0,0,0.054909356
4661,0.0,0,0.17133996
26968,0.0,0,0.019093161
9961,0.0,0,0.09052192
22502,0.0,0,0.022606025
12797,1.0,0,0.44518515
24890,0.0,0,0.25480554
1845,0.0,0,0.19359167
26424,0.0,0,0.043380864
105,0.0,1,0.69434416
1610,0.0,0,0.089902185
24679,0.0,0,0.035951138
29087,0.0,0,0.09372836
3874,1.0,0,0.40639296
11433,1.0,0,0.14708146
29851,0.0,0,0.14426668
26975,1.0,0,0.13711055
5178,1.0,1,0.83078736
24937,0.0,0,0.16585763
14523,0.0,0,0.20026404
2728,0.0,0,0.16868035
23736,0.0,0,0.05360807
17807,1.0,1,0.81542873
1977,0.0,0,0.13750894
7289,0.0,0,0.16006652
8184,0.0,0,0.14780948
17329,0.0,0,0.1774326
2706,0.0,0,0.04068037
3969,0.0,0,0.14254981
25561,0.0,0,0.041843593
18477,0.0,0,0.05210003
24304,1.0,1,0.6100514
316,1.0,0,0.12325655
19517,0.0,0,0.0035100533
27680,0.0,0,0.1470557
23910,0.0,1,0.51992697
13877,0.0,0,0.49703377
15636,0.0,0,0.16110541
13345,1.0,0,0.18295936
22554,0.0,0,0.2824088
23123,0.0,0,0.0121780615
5678,0.0,0,0.09033911
7537,1.0,0,0.11595265
10330,0.0,1,0.663792
28204,0.0,0,0.08816865
26407,0.0,0,0.053581245
15604,0.0,0,0.13396622
10862,1.0,1,0.7070637
3759,1.0,0,0.10601363
18358,0.0,0,0.48697641
13596,0.0,0,0.13308865
12223,1.0,1,0.6693895
29755,0.0,0,0.43202978
28748,0.0,1,0.8162038
17090,0.0,0,0.3543949
10215,0.0,0,0.09329828
19383,0.0,0,0.35561392
11208,0.0,0,0.07762129
16717,0.0,0,0.16868338
14262,1.0,0,0.1668457
2301,0.0,1,0.7197796
2461,0.0,0,0.03068213
22525,0.0,0,0.08342999
3119,0.0,0,0.12550588
24275,0.0,0,0.030980974
6398,0.0,0,0.09180744
28232,1.0,0,0.45553303
8915,0.0,0,0.017581133
2837,0.0,0,0.096789196
13064,1.0,0,0.08976029
6090,0.0,0,0.43505913
20581,0.0,0,0.054137193
20610,0.0,1,0.69020385
17267,0.0,0,0.1307174
17491,0.0,0,0.11880268
9582,0.0,0,0.14276671
18,0.0,0,0.01967833
5985,0.0,0,0.10271717
28542,0.0,0,0.15978281
10120,0.0,0,0.18712261
1010,0.0,0,0.12434388
2215,0.0,0,0.3156076
1967,0.0,0,0.3043656
6555,0.0,0,0.066495106
28551,0.0,0,0.1455323
21104,0.0,0,0.16658811
11142,0.0,0,0.048352882
3720,0.0,0,0.4592933
4735,0.0,0,0.011571465
4841,1.0,1,0.7171512
16914,0.0,0,0.13451368
9185,1.0,0,0.10954688
23780,0.0,0,0.054857627
28488,0.0,0,0.27113268
18134,1.0,0,0.11875212
16576,0.0,0,0.15410735
25131,0.0,0,0.04224143
9014,0.0,0,0.1805616
16639,0.0,0,0.13109511
26939,1.0,0,0.13397601
24437,0.0,0,0.17112398
8925,0.0,0,0.0341226
23328,0.0,0,0.056226816
23529,0.0,0,0.15314464
4253,0.0,0,0.23126072
8469,1.0,1,0.72918427
29082,1.0,0,0.43032104
21239,0.0,0,0.11468088
25820,0.0,0,0.12446883
1167,0.0,0,0.06474035
14662,0.0,0,0.15265453
21619,0.0,0,0.2653616
22189,0.0,0,0.07415957
28110,1.0,0,0.2219574
6962,0.0,1,0.5028561
27894,0.0,0,0.052914284
28227,0.0,0,0.0225551
8188,1.0,0,0.13150607
11879,0.0,0,0.054106493
9555,0.0,0,0.22241624
27690,0.0,0,0.15174504
7394,0.0,0,0.11002894
14673,0.0,0,0.12023574
23400,1.0,0,0.22879556
13158,0.0,0,0.08735236
5089,0.0,0,0.118711784
10421,0.0,0,0.1297747
26783,0.0,0,0.040435456
26433,0.0,0,0.07401432
11493,0.0,0,0.11240844
15038,0.0,0,0.15625417
74,0.0,0,0.24972415
19818,1.0,1,0.6900173
11043,0.0,0,0.076699115
18235,0.0,1,0.59382886
16631,0.0,0,0.3233254
15192,0.0,0,0.10220821
6753,1.0,1,0.7086711
8699,0.0,0,0.11394739
23823,1.0,0,0.45833638
17576,1.0,1,0.6040706
28069,0.0,0,0.09298887
8321,1.0,0,0.46934822
25743,1.0,0,0.07332768
24667,0.0,1,0.70439005
19916,0.0,0,0.0050241975
22452,0.0,0,0.06073523
2216,0.0,0,0.22756074
11968,0.0,0,0.09407313
9889,0.0,0,0.19586289
6285,0.0,0,0.037369274
6305,1.0,0,0.24720119
20932,0.0,0,0.09495554
27903,0.0,0,0.08623146
17301,0.0,0,0.07987306
22938,0.0,0,0.10999331
17075,0.0,0,0.17778915
27865,0.0,0,0.10609406
19308,0.0,0,0.13318844
6474,0.0,0,0.10080379
6237,0.0,0,0.09880956
27116,0.0,0,0.23622382
4964,0.0,0,0.029921684
19671,0.0,0,0.40691435
13780,0.0,0,0.08510203
16089,1.0,0,0.11475175
15196,0.0,0,0.116564035
28935,0.0,0,0.07684444
17536,0.0,0,0.028520936
26044,1.0,1,0.74581254
22716,0.0,0,0.25910667
2220,1.0,0,0.21348435
10556,0.0,0,0.056505527
21429,0.0,0,0.15480469
1650,0.0,0,0.12655696
6947,1.0,0,0.20925651
14819,0.0,0,0.070756815
10134,0.0,0,0.42624006
76,0.0,0,0.37352183
12771,0.0,0,0.17081754
29960,0.0,0,0.023752423
20657,1.0,0,0.18749319
19662,0.0,0,0.340265
4339,0.0,1,0.7210768
24656,1.0,0,0.05102683
2827,0.0,0,0.052249942
4398,0.0,0,0.0853341
20978,1.0,1,0.6845183
20236,0.0,0,0.2835519
23080,0.0,0,0.048080664
29599,1.0,0,0.13188878
19567,0.0,0,0.035244025
23570,0.0,0,0.29530698
10466,0.0,0,0.030351216
22265,0.0,0,0.032075197
24363,0.0,0,0.31057206
25790,0.0,0,0.14125656
13967,1.0,1,0.7519927
13718,1.0,1,0.7056802
14042,0.0,0,0.1353332
23751,0.0,0,0.059760887
15890,0.0,0,0.1614874
25372,0.0,0,0.025919888
6903,0.0,0,0.09471694
17736,1.0,0,0.057960812
5909,0.0,0,0.036293924
22267,1.0,0,0.0460607
5692,0.0,0,0.04355136
10111,0.0,0,0.37614593
3646,0.0,0,0.10541282
1400,0.0,0,0.16780318
14920,0.0,0,0.06887664
14225,0.0,0,0.068178475
20255,1.0,1,0.8430183
909,0.0,0,0.10861952
27297,0.0,0,0.26474094
15837,0.0,0,0.16292994
3284,0.0,0,0.025860278
21133,0.0,0,0.018088778
10394,0.0,0,0.07907363
16932,0.0,0,0.30387008
19157,0.0,0,0.12920988
16970,1.0,0,0.041779444
23573,0.0,0,0.059260163
5764,0.0,0,0.21745664
26597,0.0,0,0.19054961
24857,1.0,0,0.018032232
23245,0.0,0,0.13443822
19546,0.0,1,0.6016962
27420,1.0,0,0.2623611
14186,0.0,0,0.1310675
24914,1.0,0,0.47929487
9743,0.0,0,0.03743879
19963,0.0,0,0.053608675
7541,0.0,0,0.0388885
2156,1.0,1,0.7521718
24419,0.0,0,0.26206854
15770,0.0,0,0.20560975
24321,0.0,0,0.022609886
7653,0.0,0,0.22130509
17686,1.0,1,0.67924684
16008,0.0,1,0.64136404
1451,0.0,0,0.16103964
25336,0.0,0,0.110945255
23010,0.0,0,0.18491647
199,0.0,0,0.15572771
14447,1.0,1,0.8069787
16686,0.0,0,0.35077336
20902,0.0,0,0.1375028
24018,0.0,0,0.11547342
7092,1.0,0,0.23419918
18699,0.0,0,0.3875696
2370,0.0,0,0.15845779
19391,0.0,0,0.060980227
28141,0.0,0,0.093648024
8660,0.0,0,0.41298243
20191,0.0,0,0.0134704355
23828,1.0,1,0.69755644
1072,1.0,0,0.0790587
15951,1.0,0,0.46705642
20918,1.0,0,0.46779707
24188,0.0,0,0.14120395
13239,1.0,0,0.49397108
12256,1.0,0,0.39705887
13939,0.0,0,0.13306144
21262,0.0,0,0.25746155
216,0.0,0,0.35416058
17355,0.0,0,0.28993717
7122,0.0,0,0.03072975
11080,0.0,0,0.24095862
22769,1.0,0,0.12126804
6437,0.0,0,0.16573097
626,0.0,0,0.231294
22706,0.0,0,0.2171153
18240,0.0,0,0.060602468
14465,0.0,0,0.025144596
16309,0.0,0,0.12173703
15243,0.0,0,0.11797972
11227,0.0,0,0.040322855
18072,1.0,1,0.7930386
4029,0.0,0,0.11986835
5668,0.0,0,0.008924044
28662,0.0,0,0.45984045
4537,0.0,0,0.102307096
25052,0.0,0,0.035280023
12087,0.0,0,0.122362085
24333,1.0,1,0.7033207
9166,0.0,0,0.17546208
6570,1.0,1,0.6895955
9760,1.0,0,0.14189956
1822,0.0,0,0.050780583
7115,0.0,0,0.06440088
10613,0.0,0,0.12112955
23785,0.0,0,0.09591901
16082,0.0,0,0.10288572
16683,0.0,0,0.10801039
28231,0.0,0,0.17810865
10204,0.0,0,0.07585532
13019,0.0,0,0.047083735
20231,0.0,0,0.4319658
12681,0.0,0,0.20230162
14399,0.0,0,0.01931545
14769,0.0,0,0.22685309
14968,0.0,0,0.20200945
13868,0.0,0,0.06766381
14215,1.0,0,0.28579843
29896,0.0,0,0.13699985
27533,0.0,0,0.11531886
13867,0.0,0,0.26653585
13587,0.0,0,0.08440059
25209,0.0,0,0.109589465
20665,1.0,0,0.31317273
3333,1.0,0,0.19592227
14433,0.0,0,0.045131296
18854,0.0,0,0.21138544
9100,0.0,0,0.12709416
21716,1.0,0,0.4911132
27606,0.0,0,0.1743368
21772,0.0,1,0.6317696
3207,0.0,0,0.15675242
1632,0.0,0,0.043451305
5840,0.0,0,0.13033456
4434,0.0,0,0.025433542
1903,0.0,0,0.08074224
3375,0.0,0,0.06545655
17980,0.0,0,0.1365809
29598,0.0,0,0.13823517
25594,0.0,0,0.09253997
28059,0.0,0,0.13176659
21177,0.0,0,0.09466529
7089,0.0,0,0.04292549
23068,0.0,0,0.02309541
8685,0.0,0,0.14206415
27936,0.0,0,0.17894967
14319,0.0,0,0.0467535
8758,0.0,0,0.19135322
22431,0.0,0,0.3204452
3981,1.0,0,0.058589373
26206,0.0,0,0.26158285
22417,0.0,1,0.77718365
17324,1.0,1,0.7069562
4351,1.0,0,0.27890584
6107,0.0,1,0.51037973
15145,0.0,0,0.021739423
22169,1.0,1,0.7068851
24683,0.0,0,0.010646386
24211,0.0,0,0.02206474
17396,0.0,1,0.78282773
5876,1.0,0,0.110201836
9426,0.0,0,0.19228253
21311,1.0,0,0.46077734
16892,0.0,0,0.30291495
6993,0.0,0,0.058422662
396,0.0,0,0.043479804
17731,0.0,0,0.25492874
9762,0.0,0,0.3837316
22405,0.0,0,0.053808454
12972,1.0,0,0.21006866
27434,0.0,0,0.050406694
25621,0.0,0,0.06680763
16916,0.0,0,0.031261913
28764,1.0,0,0.09095544
7959,0.0,0,0.098859355
13437,0.0,0,0.37360105
13652,0.0,0,0.24124233
9032,1.0,1,0.51462454
20285,0.0,1,0.55149806
5312,0.0,0,0.2626855
10045,0.0,0,0.31595364
19704,0.0,0,0.09509995
19119,0.0,0,0.10968469
642,0.0,0,0.118887246
3676,0.0,0,0.35387695
17377,0.0,0,0.10352269
7370,0.0,0,0.23065607
17178,0.0,0,0.16439797
26850,1.0,1,0.7851755
6352,1.0,1,0.70911044
18962,0.0,1,0.544776
3954,0.0,0,0.040948153
11231,1.0,0,0.27351397
477,0.0,0,0.14157875
26358,0.0,0,0.06418476
5356,0.0,0,0.1036239
1982,1.0,1,0.80050117
27733,0.0,0,0.21260588
15492,0.0,0,0.11796345
18455,1.0,1,0.6305924
15483,0.0,0,0.077976674
16997,0.0,0,0.115857914
24606,0.0,0,0.05022245
8199,0.0,0,0.22373019
5021,0.0,0,0.028279321
1384,0.0,0,0.027595885
8530,0.0,0,0.037317336
7778,1.0,0,0.058450505
7750,1.0,0,0.0700016
26500,0.0,0,0.3345855
262,0.0,0,0.13040078
295,0.0,0,0.40305346
6655,1.0,1,0.7016919
10875,1.0,0,0.11489659
14031,1.0,0,0.23911932
18611,1.0,0,0.22559284
12301,0.0,0,0.18160133
12278,0.0,0,0.09590673
15178,0.0,0,0.24074729
18548,0.0,0,0.14129342
10288,1.0,0,0.18299434
13933,0.0,1,0.50831604
18782,0.0,0,0.2691992
3498,0.0,0,0.076974116
10784,0.0,0,0.067377895
19331,0.0,0,0.013430812
18089,0.0,0,0.2790819
17540,0.0,0,0.45556226
15965,1.0,1,0.6720917
24964,0.0,0,0.05303079
12560,0.0,0,0.12850109
17999,0.0,0,0.33511457
12990,0.0,0,0.17237224
19772,0.0,0,0.06035766
20855,1.0,1,0.73216766
19927,1.0,0,0.12583767
11263,0.0,0,0.29098362
25055,1.0,0,0.20173481
24803,0.0,0,0.07889642
8144,0.0,0,0.37453136
29028,1.0,0,0.114706784
9670,0.0,0,0.13302279
5910,0.0,0,0.038959064
14903,0.0,0,0.07819208
29222,0.0,0,0.17967215
20084,0.0,0,0.34921414
22196,0.0,0,0.066867895
18419,0.0,0,0.064329766
25813,0.0,0,0.33676833
29629,0.0,0,0.07495017
9063,1.0,1,0.80878556
7613,0.0,0,0.023794316
12270,0.0,0,0.205843
13671,0.0,0,0.16129787
22620,0.0,0,0.176941
5769,0.0,0,0.06853309
3189,0.0,0,0.11179722
7196,1.0,0,0.0966078
12280,0.0,0,0.20884165
23413,0.0,0,0.04701807
25622,0.0,0,0.039646745
13838,0.0,0,0.11399212
2485,0.0,0,0.40737447
29989,0.0,0,0.07269126
26918,0.0,0,0.0603451
8943,0.0,0,0.12866664
7499,0.0,0,0.13774005
24427,0.0,0,0.21705604
5981,0.0,0,0.0758607
1539,1.0,0,0.13499221
7658,0.0,0,0.20415166
27634,0.0,0,0.14493676
9744,0.0,0,0.1889509
12736,0.0,0,0.1742139
3538,1.0,1,0.6638658
11914,1.0,0,0.31755978
28908,0.0,0,0.12236103
16105,1.0,0,0.10125936
22633,0.0,0,0.16591671
12504,1.0,0,0.12983494
26419,0.0,0,0.23388682
2472,1.0,1,0.8195105
28485,0.0,0,0.124308296
581,1.0,0,0.44712862
6952,1.0,0,0.45728043
20605,0.0,0,0.13473211
26456,0.0,0,0.14428978
2834,0.0,0,0.14706735
15706,0.0,0,0.16793896
2566,0.0,0,0.25697783
28946,0.0,0,0.17215408
29146,1.0,0,0.08354481
9104,0.0,0,0.08950096
25677,0.0,1,0.5573541
12240,1.0,0,0.05977717
8344,0.0,0,0.1355728
26404,0.0,0,0.10977456
23545,0.0,0,0.11976995
20722,1.0,1,0.79447293
16713,0.0,0,0.20918216
7717,0.0,0,0.077486575
20763,0.0,0,0.062688835
23790,0.0,0,0.4511576
2703,0.0,0,0.17336021
17695,0.0,0,0.044396777
5287,1.0,0,0.008846577
4463,0.0,0,0.11270587
4595,1.0,0,0.28920218
857,1.0,0,0.46757615
15400,0.0,0,0.18982595
8754,0.0,0,0.04678712
23164,0.0,0,0.09739712
26254,0.0,0,0.16144001
13974,0.0,0,0.4254387
14425,0.0,0,0.0879736
24910,0.0,0,0.033207398
9277,0.0,0,0.065658554
27258,0.0,0,0.11208224
26397,0.0,0,0.0640357
12820,0.0,1,0.7068441
21053,1.0,1,0.75298655
20963,1.0,0,0.3733218
15521,0.0,0,0.06420956
24675,1.0,1,0.6287337
25511,1.0,1,0.80442667
29597,0.0,0,0.09405915
29469,0.0,0,0.1905203
26811,0.0,0,0.13310312
12005,0.0,0,0.15129866
9237,0.0,0,0.19751397
29392,1.0,0,0.28507787
22082,0.0,0,0.18461004
13003,0.0,0,0.049814112
29391,0.0,0,0.039961264
1275,0.0,0,0.15549602
23030,0.0,0,0.17248932
15887,0.0,0,0.33780503
26493,1.0,0,0.10191029
19429,0.0,0,0.33730277
18006,1.0,1,0.7745097
16587,0.0,0,0.041587308
10450,0.0,0,0.29384792
26393,0.0,0,0.08145061
12890,0.0,0,0.035253838
21415,0.0,0,0.12943244
27729,0.0,0,0.10177889
26732,0.0,0,0.086022794
10046,0.0,0,0.120020896
23274,0.0,0,0.07974484
16735,0.0,0,0.19405803
8756,1.0,0,0.43706128
17405,0.0,0,0.085221134
21411,0.0,0,0.46841228
7008,0.0,0,0.020092795
19538,0.0,0,0.17303094
27184,0.0,0,0.06414449
3310,0.0,0,0.13115352
6876,1.0,1,0.7007696
28635,0.0,0,0.16763414
10687,0.0,0,0.42364666
28495,0.0,0,0.1337525
2632,0.0,0,0.08983446
24708,0.0,0,0.07654449
22713,0.0,0,0.18853645
16241,0.0,0,0.11013556
14305,0.0,0,0.16619378
11875,0.0,1,0.66391635
17270,0.0,0,0.07502578
18542,0.0,0,0.031778157
13697,0.0,1,0.8020827
4786,0.0,0,0.0756476
20144,0.0,0,0.011808962
25560,0.0,0,0.03218919
17520,0.0,1,0.502579
25731,0.0,0,0.2412245
23890,0.0,0,0.18839866
5405,1.0,0,0.36559317
2635,1.0,0,0.17265749
17702,0.0,0,0.22081393
16946,0.0,1,0.70509344
25880,0.0,0,0.11105401
15528,0.0,0,0.1190633
4731,0.0,0,0.021326952
9996,0.0,0,0.33278376
3241,0.0,0,0.16619293
11694,0.0,0,0.16177882
21117,0.0,0,0.35616252
17418,0.0,0,0.20799842
13942,1.0,0,0.17158782
26463,0.0,0,0.20906197
23273,0.0,0,0.25832263
24861,0.0,0,0.16207182
19977,0.0,0,0.13014548
22760,1.0,1,0.84822184
2307,0.0,0,0.3013957
5574,0.0,0,0.05768482
29008,0.0,0,0.097042434
10783,0.0,0,0.33824033
2031,0.0,0,0.05059725
29364,0.0,0,0.055024173
23505,0.0,0,0.06641946
13093,1.0,1,0.7048474
2836,1.0,1,0.74930584
13235,1.0,0,0.151651
14241,0.0,0,0.06685225
13177,0.0,0,0.13260792
17122,1.0,1,0.72806853
15660,0.0,0,0.11695118
1000,0.0,1,0.7072608
29249,1.0,0,0.34258053
10290,0.0,0,0.075379886
1744,0.0,0,0.12245997
21701,0.0,0,0.03302193
29042,1.0,0,0.09456769
13810,0.0,0,0.42812064
6026,1.0,0,0.1967357
2426,0.0,0,0.4677952
14915,1.0,1,0.7812396
21882,0.0,0,0.1673752
12057,0.0,0,0.11222112
28678,0.0,0,0.009133591
13575,0.0,0,0.108556025
10187,1.0,1,0.735592
26001,0.0,0,0.10682321
12026,0.0,0,0.057913765
5627,1.0,0,0.31594157
19900,1.0,1,0.701885
26852,0.0,0,0.4168331
19102,1.0,1,0.68389875
4263,1.0,0,0.43736303
28766,0.0,0,0.039502367
19656,0.0,0,0.12226817
25265,0.0,0,0.085854374
13733,0.0,0,0.062043656
8410,0.0,0,0.091645986
10314,0.0,0,0.12923047
20177,0.0,0,0.32000515
11726,1.0,0,0.059060544
18363,1.0,0,0.18163648
21588,0.0,0,0.22380383
819,0.0,0,0.12482568
2711,0.0,0,0.016380223
8389,1.0,0,0.20921487
16867,0.0,0,0.21355122
4256,0.0,0,0.16584614
14794,1.0,1,0.77011013
14332,0.0,0,0.07347899
25940,0.0,0,0.08247784
16524,0.0,0,0.18113354
7506,1.0,0,0.38743567
14705,0.0,0,0.07735157
5360,0.0,0,0.07495304
22802,0.0,0,0.069428705
15450,0.0,0,0.021112192
17138,1.0,0,0.43863976
22091,1.0,0,0.30955917
5148,1.0,0,0.49918446
28623,0.0,0,0.1325065
15878,1.0,0,0.22377728
15542,0.0,0,0.17056666
7175,0.0,1,0.71315765
12387,1.0,0,0.3479197
21427,0.0,0,0.11394229
25094,0.0,0,0.11993013
6070,0.0,0,0.062446054
10195,1.0,1,0.5146531
16809,0.0,0,0.1145266
10927,0.0,0,0.11124268
2689,1.0,0,0.10170238
20985,0.0,0,0.04013984
1418,0.0,0,0.455908
3917,1.0,1,0.6597275
19728,1.0,0,0.063175835
7490,0.0,0,0.20260431
5739,1.0,1,0.520083
21921,1.0,0,0.13119936
14224,0.0,0,0.095379435
6809,0.0,0,0.07585729
13535,0.0,0,0.11416224
2176,0.0,0,0.10851708
18389,0.0,0,0.097694226
20004,0.0,0,0.020518534
5979,0.0,0,0.1603088
7679,0.0,0,0.103325225
25906,0.0,0,0.12045055
3348,0.0,0,0.109797716
11349,0.0,0,0.080228254
18195,0.0,0,0.014758184
24772,0.0,0,0.3376424
26753,0.0,0,0.05333627
8117,0.0,0,0.13096939
5314,0.0,0,0.38374382
29636,0.0,0,0.22228657
23443,0.0,0,0.13678731
19332,0.0,0,0.14143309
21985,0.0,0,0.11367459
4993,1.0,1,0.7657154
16565,0.0,0,0.07778168
25264,0.0,0,0.13953514
26096,0.0,0,0.13736415
10139,1.0,0,0.3386963
11030,0.0,0,0.1255512
3007,0.0,0,0.12823136
2369,0.0,0,0.019066237
19307,0.0,0,0.047667127
12823,0.0,0,0.49786383
11782,0.0,0,0.08480505
23039,0.0,0,0.019813258
29665,0.0,0,0.089553185
9320,0.0,0,0.031260367
24356,0.0,0,0.16757846
2860,0.0,0,0.36834857
4502,1.0,0,0.08259151
26428,0.0,0,0.05265884
6024,0.0,0,0.18389276
29316,0.0,0,0.090305805
5741,0.0,0,0.071653895
20993,1.0,1,0.7693802
3122,0.0,0,0.030372119
9274,0.0,0,0.013874904
26083,0.0,1,0.55864686
23695,0.0,0,0.43260598
5286,0.0,0,0.06674441
14177,1.0,1,0.7080579
25861,0.0,0,0.022959664
18586,0.0,0,0.030442165
4305,0.0,0,0.15000556
7040,0.0,0,0.1599628
7260,0.0,0,0.18603228
16447,1.0,0,0.4216677
9809,0.0,0,0.073254906
5778,0.0,0,0.084118314
12622,0.0,0,0.11096957
20279,1.0,0,0.0708417
20923,1.0,0,0.110799044
6415,0.0,0,0.3014597
12829,0.0,1,0.62512827
28705,0.0,0,0.19808272
19239,0.0,0,0.065084144
3129,0.0,0,0.32905704
19739,0.0,0,0.10615854
6752,1.0,0,0.15115362
28903,0.0,0,0.20971239
6320,0.0,0,0.17286895
26763,0.0,0,0.3124628
22440,0.0,0,0.031729
3887,0.0,0,0.124180645
18607,1.0,0,0.3316325
778,0.0,0,0.22349496
2666,0.0,0,0.21570106
3686,0.0,0,0.042319283
1351,0.0,0,0.34508792
15514,1.0,0,0.09004179
18916,0.0,0,0.16224541
7269,0.0,1,0.67699057
7155,1.0,1,0.7591702
6790,0.0,0,0.10671447
14960,0.0,0,0.26037166
29577,1.0,1,0.51995033
9325,0.0,0,0.06148629
23500,0.0,0,0.16719046
21338,0.0,0,0.064861976
20073,0.0,0,0.03335257
10283,0.0,0,0.06951128
16965,0.0,0,0.050245684
15862,1.0,1,0.695669
27059,0.0,0,0.19270566
4672,0.0,0,0.091167375
9268,0.0,0,0.10357483
23126,1.0,0,0.11225099
509,0.0,0,0.26353595
25424,0.0,0,0.07547101
4287,0.0,0,0.1434336
25980,0.0,0,0.029856866
11671,0.0,0,0.19959043
10096,0.0,0,0.3696332
11994,0.0,1,0.7776971
4766,0.0,0,0.033518724
9118,0.0,0,0.01886759
12263,0.0,0,0.4244311
13327,1.0,0,0.14030091
4563,0.0,0,0.12932293
20768,1.0,0,0.10069416
27697,1.0,0,0.48918313
24041,0.0,0,0.066793345
22383,0.0,0,0.04439551
16460,1.0,1,0.6750804
4767,0.0,0,0.120944336
26881,0.0,1,0.68903536
28208,0.0,0,0.20637494
24750,0.0,0,0.30350277
22093,0.0,0,0.03698235
14966,0.0,0,0.17533161
12378,0.0,0,0.07129344
28994,1.0,0,0.0033956664
10718,0.0,0,0.20318992
18519,1.0,1,0.8102052
24017,0.0,0,0.10479213
4266,0.0,0,0.013113628
15224,1.0,0,0.0963158
24421,0.0,0,0.12627918
24701,0.0,0,0.033438228
29839,1.0,0,0.06206937
16595,1.0,0,0.4864011
23760,1.0,0,0.3827633
29719,0.0,0,0.12466855
8903,0.0,0,0.11420453
22627,0.0,0,0.034488108
24729,0.0,0,0.054520875
28993,0.0,0,0.10643157
478,0.0,0,0.25382522
19002,0.0,0,0.15172769
4388,1.0,1,0.67689496
21125,0.0,0,0.08196725
25125,0.0,0,0.114863396
7157,0.0,0,0.15849361
12022,1.0,1,0.55990064
28454,1.0,1,0.7319771
1377,0.0,0,0.22380193
28756,0.0,0,0.029221172
5790,0.0,0,0.15502614
20598,1.0,0,0.08588932
13943,0.0,0,0.1518928
13603,0.0,0,0.05063225
24752,0.0,0,0.13474363
11907,1.0,0,0.18715373
22397,0.0,0,0.19333585
14286,0.0,0,0.016625967
24099,0.0,0,0.018542212
6970,0.0,0,0.2806081
21437,0.0,0,0.14330715
26091,0.0,0,0.16966319
9567,1.0,0,0.43547884
25197,1.0,1,0.7675357
20815,0.0,0,0.059554916
13998,1.0,0,0.49723735
23351,1.0,0,0.056513306
8176,1.0,0,0.05933374
28714,0.0,0,0.122043654
8073,0.0,0,0.052256115
13850,0.0,0,0.20631263
27869,1.0,0,0.12926155
17774,0.0,0,0.077830516
1759,0.0,0,0.10808908
29737,0.0,0,0.121086985
8465,0.0,0,0.013238989
22501,0.0,0,0.17334768
18560,0.0,0,0.1279796
7856,0.0,0,0.14769503
21303,0.0,0,0.1610254
12949,1.0,1,0.69755936
17463,0.0,0,0.045683183
12727,0.0,0,0.056195613
847,0.0,0,0.096414246
21153,0.0,0,0.13854012
25303,0.0,0,0.34865382
27663,0.0,0,0.43136907
27852,0.0,1,0.62353396
29514,0.0,0,0.4175491
16824,0.0,0,0.17005956
4319,0.0,0,0.07036977
449,0.0,0,0.03710463
20366,0.0,0,0.07069952
13484,0.0,0,0.06787806
1276,1.0,0,0.21944761
28630,0.0,0,0.066588715
25883,0.0,0,0.16869912
17893,0.0,0,0.38667738
4385,0.0,0,0.108623534
18601,0.0,0,0.21641931
12610,1.0,1,0.7498768
14604,0.0,0,0.1620817
27746,0.0,0,0.059174716
4415,0.0,0,0.25869045
17933,0.0,0,0.10958025
18472,0.0,0,0.1256972
11228,0.0,0,0.07137568
7049,1.0,1,0.8627651
29019,0.0,0,0.14118943
25194,1.0,1,0.694598
5106,0.0,0,0.16620979
2832,0.0,0,0.26614872
21443,0.0,0,0.07225922
12432,0.0,0,0.09404306
25786,0.0,0,0.09238903
28207,1.0,0,0.29131272
8267,0.0,0,0.02875964
14440,1.0,1,0.81613076
8690,1.0,0,0.15116039
23425,0.0,0,0.02905625
25492,0.0,0,0.105464496
14758,0.0,1,0.6393161
25807,0.0,0,0.05898993
11899,0.0,0,0.07328312
16495,0.0,0,0.05430345
25177,0.0,1,0.6969629
5867,0.0,0,0.10207209
6353,0.0,1,0.5095232
14197,0.0,0,0.02398829
27107,0.0,0,0.21590683
26648,1.0,1,0.8216761
15256,0.0,0,0.250186
14606,0.0,0,0.2020715
10754,1.0,0,0.06608551
27365,0.0,0,0.3437893
8550,0.0,0,0.11242707
10762,1.0,0,0.14519572
10617,0.0,0,0.049934503
6166,0.0,0,0.11662467
24509,0.0,0,0.24383748
6530,0.0,0,0.1467055
28076,0.0,0,0.10778182
627,0.0,0,0.11393122
1544,0.0,0,0.11851774
4039,0.0,0,0.21594493
23128,0.0,0,0.054639775
9206,0.0,0,0.18202816
8044,1.0,0,0.046647612
8255,0.0,0,0.1306646
5614,0.0,0,0.15929423
22823,0.0,0,0.08022723
16643,0.0,1,0.5080221
18492,0.0,0,0.06715285
18559,0.0,0,0.024959609
28259,0.0,0,0.1356512
15463,0.0,0,0.2326191
15873,0.0,0,0.07006504
17819,0.0,0,0.20968024
26651,0.0,1,0.5271023
6223,0.0,0,0.15143272
17912,1.0,0,0.25249398
16278,0.0,0,0.051094767
23989,0.0,0,0.26216632
25231,0.0,0,0.12518999
5972,1.0,0,0.18226948
25851,1.0,0,0.1375297
21058,1.0,1,0.78787047
19552,0.0,0,0.39183918
23715,0.0,0,0.16607854
3492,0.0,0,0.033543184
26362,0.0,0,0.15679412
28540,0.0,0,0.09321798
11739,1.0,1,0.61901015
8562,0.0,0,0.2180196
24854,0.0,0,0.07884316
28500,0.0,0,0.06428816
988,0.0,0,0.1466706
9031,0.0,0,0.10719285
13802,0.0,0,0.18777984
15569,0.0,0,0.13991044
11728,1.0,0,0.11833957
12741,0.0,0,0.14192358
22076,0.0,0,0.15551594
22756,1.0,0,0.0775846
4965,0.0,0,0.0710235
2569,0.0,0,0.34398028
11876,0.0,0,0.034752104
15807,0.0,0,0.07359392
27494,1.0,0,0.08627989
11222,0.0,0,0.2316194
29880,0.0,0,0.113590926
6671,0.0,0,0.061832294
26632,0.0,0,0.3073267
2885,0.0,0,0.040390447
14684,0.0,0,0.038802225
4424,0.0,0,0.20344305
6934,0.0,0,0.21065095
20250,0.0,0,0.23878783
27166,0.0,0,0.11076033
12784,0.0,0,0.09965845
13707,0.0,0,0.17101388
2375,1.0,1,0.68256795
21245,0.0,0,0.07183662
5745,0.0,0,0.069921106
25872,0.0,0,0.12738425
13629,0.0,0,0.15750213
24538,0.0,0,0.26889277
4901,1.0,0,0.10884059
26867,1.0,0,0.08193495
29676,0.0,0,0.09062234
22255,0.0,0,0.06665753
28552,0.0,0,0.1497128
1465,0.0,0,0.13286729
132,0.0,0,0.11534468
10943,1.0,0,0.13821812
18200,0.0,0,0.06389819
3521,0.0,0,0.21544155
28216,0.0,0,0.16274329
17315,0.0,0,0.36771065
1627,0.0,0,0.1260378
1475,1.0,0,0.11105463
16374,0.0,0,0.037431676
27,1.0,0,0.18905975
23309,0.0,0,0.10351208
21189,1.0,0,0.16030811
29718,1.0,0,0.144488
21993,0.0,0,0.09492995
12959,1.0,0,0.39989528
18762,0.0,0,0.041709248
666,0.0,0,0.08060844
17164,0.0,0,0.14280432
12427,0.0,0,0.17966415
20579,0.0,0,0.1791747
26707,1.0,1,0.50837576
1707,0.0,1,0.6368716
26967,0.0,0,0.19596092
3811,0.0,0,0.14587492
8072,0.0,0,0.13204183
4710,0.0,0,0.057947718
14327,0.0,0,0.084795
20377,0.0,0,0.12662122
16821,0.0,0,0.09385653
25106,0.0,0,0.11428548
1685,0.0,0,0.105576254
4306,0.0,0,0.15008049
28813,0.0,0,0.05682012
23255,0.0,0,0.09258499
15704,0.0,0,0.28981742
27054,1.0,1,0.5846824
13970,0.0,0,0.09928705
17066,0.0,0,0.13359731
6718,1.0,0,0.11693554
18734,0.0,0,0.22390416
19125,0.0,0,0.09722058
24403,0.0,0,0.0629518
27350,0.0,0,0.17336844
7799,0.0,0,0.25730434
22062,0.0,0,0.07798292
15209,0.0,0,0.1837485
12751,1.0,0,0.387793
18906,0.0,0,0.14314027
352,0.0,0,0.18104763
8837,0.0,0,0.04662285
1260,0.0,0,0.4163602
27310,0.0,0,0.04583384
29584,0.0,0,0.11581745
24400,0.0,0,0.08696148
