customer_id,actual_default,predicted_default,default_probability
6908,0.0,0,0.10928797
24576,0.0,0,0.09235012
26767,0.0,0,0.15419713
2157,1.0,0,0.10026842
3180,0.0,0,0.068961985
29383,0.0,0,0.3935704
24455,0.0,0,0.059289373
23887,0.0,0,0.04373562
5505,0.0,0,0.067467205
29721,0.0,0,0.06281961
6909,0.0,0,0.23451596
2160,0.0,0,0.18123439
20843,1.0,0,0.17796683
25129,0.0,0,0.06358971
18809,0.0,0,0.043591034
19078,0.0,1,0.6794176
24732,0.0,0,0.042164836
3055,1.0,0,0.23267344
8489,0.0,0,0.064059526
23922,0.0,0,0.19366443
8788,0.0,0,0.03856338
15140,1.0,0,0.16271128
12739,0.0,0,0.12559721
25032,0.0,0,0.15513276
20340,1.0,0,0.18721204
10309,0.0,0,0.11404723
14602,0.0,0,0.12505116
3592,0.0,0,0.08754437
3561,1.0,1,0.70192
24891,0.0,1,0.55306596
27482,1.0,0,0.19087254
10272,0.0,0,0.11039348
16626,1.0,1,0.7033214
26721,0.0,0,0.12718876
25616,0.0,0,0.074354544
8313,0.0,0,0.083187245
12180,0.0,0,0.047155842
1560,1.0,0,0.18842275
6134,0.0,0,0.078228265
24413,1.0,1,0.54699576
24096,0.0,0,0.077175066
29296,0.0,1,0.6137215
5520,0.0,0,0.2005699
6850,0.0,0,0.069356814
12314,0.0,0,0.06815853
24062,0.0,0,0.085734986
14990,0.0,0,0.1211533
28443,0.0,0,0.46246806
14702,0.0,0,0.06341291
27686,0.0,0,0.4389671
29569,0.0,0,0.31228
28885,0.0,0,0.09378879
2422,1.0,1,0.7081123
9007,1.0,1,0.6485177
20661,1.0,0,0.14165968
20334,0.0,0,0.0417327
26444,0.0,0,0.10349437
10956,0.0,0,0.03345345
18160,0.0,0,0.057678565
12067,1.0,1,0.71939397
13426,0.0,0,0.12715217
9386,1.0,0,0.29991084
27185,1.0,0,0.33240458
22388,0.0,0,0.04287391
21907,0.0,0,0.15946117
7002,0.0,0,0.050264362
6745,1.0,0,0.4950453
17779,0.0,1,0.7849651
23308,1.0,0,0.042483054
22443,1.0,0,0.11668999
21144,1.0,0,0.13185924
27797,0.0,0,0.047192305
22408,0.0,0,0.042732418
9493,1.0,1,0.6235501
29959,0.0,0,0.10999714
7439,0.0,0,0.15791158
18923,0.0,0,0.061528366
26426,0.0,0,0.04627068
1047,1.0,0,0.29210192
19774,0.0,0,0.1095745
14584,1.0,0,0.41384646
13474,0.0,0,0.055458784
24177,0.0,0,0.3896775
9037,0.0,0,0.10921244
21394,1.0,0,0.1851301
11851,1.0,0,0.2066739
1133,0.0,1,0.6849066
25283,0.0,0,0.08172306
22534,0.0,0,0.063631214
15693,0.0,0,0.17243943
17400,0.0,0,0.082885414
8352,0.0,0,0.045394756
19583,0.0,0,0.08078758
19698,1.0,1,0.7266292
11947,1.0,1,0.56456035
20514,0.0,0,0.258129
3927,0.0,0,0.15022177
23502,0.0,0,0.47072798
2657,1.0,1,0.6446244
17183,0.0,0,0.06813182
26571,0.0,0,0.25199783
11068,0.0,0,0.15259856
28080,0.0,0,0.08984218
26225,0.0,0,0.058259796
17283,1.0,0,0.1764688
4311,0.0,0,0.19553743
9719,1.0,1,0.50739044
7449,0.0,0,0.045292065
7938,0.0,0,0.13348095
28867,0.0,0,0.066013284
6348,0.0,1,0.51002556
20913,0.0,0,0.16235553
7018,0.0,0,0.12724409
1943,0.0,0,0.0820079
9819,0.0,0,0.12336406
19997,1.0,0,0.13400814
17721,0.0,0,0.23340693
15675,0.0,0,0.2663931
10312,0.0,0,0.061975345
20130,1.0,1,0.6349672
18057,0.0,0,0.045920026
14594,0.0,0,0.41419482
27749,1.0,0,0.36214018
4091,0.0,0,0.13871107
19736,0.0,0,0.039944354
26723,0.0,0,0.05179432
19295,0.0,0,0.051893376
9234,0.0,1,0.5988867
14822,0.0,0,0.27477518
23541,0.0,0,0.40458035
16730,1.0,1,0.6258349
17619,1.0,0,0.48495764
21999,0.0,0,0.045354325
23643,0.0,0,0.05227053
14974,1.0,1,0.72904885
9503,0.0,0,0.06680581
2752,0.0,0,0.39802793
25477,0.0,0,0.16798215
10325,0.0,0,0.06565108
4073,0.0,0,0.055516466
6883,0.0,0,0.049219098
7147,0.0,0,0.068604305
16126,1.0,1,0.59088755
18094,0.0,0,0.13962592
19646,0.0,0,0.086983755
3865,0.0,0,0.12838532
29016,1.0,0,0.45228717
6817,0.0,0,0.050852228
13742,1.0,0,0.09574097
14255,0.0,0,0.4196144
9012,1.0,0,0.38787803
198,0.0,0,0.09970698
7007,0.0,0,0.22269167
8332,0.0,0,0.053842854
17483,1.0,0,0.40360245
14916,0.0,0,0.056833018
6464,0.0,0,0.06651315
27677,0.0,0,0.04928602
4517,0.0,0,0.28424856
18622,0.0,0,0.20844616
19848,0.0,0,0.21828412
1497,1.0,1,0.5104598
13146,0.0,0,0.0639002
7815,0.0,0,0.1341653
15374,0.0,0,0.061205003
22791,0.0,0,0.21018265
2940,0.0,0,0.04250348
22036,0.0,0,0.06405429
10373,0.0,0,0.14328936
19931,0.0,0,0.124504544
25237,0.0,0,0.14277701
27369,0.0,0,0.387847
8108,0.0,0,0.12859033
15961,0.0,0,0.04190846
28299,0.0,0,0.11673864
17847,1.0,1,0.6593507
14304,0.0,1,0.5221574
29682,1.0,0,0.34869573
3952,0.0,0,0.09941716
23768,0.0,0,0.19478115
11084,1.0,0,0.27651882
8947,0.0,0,0.12983947
12871,1.0,0,0.15941271
10338,1.0,1,0.75067884
15113,0.0,0,0.14823045
13901,0.0,0,0.14368623
5264,0.0,0,0.057299014
28533,1.0,1,0.71421677
10652,0.0,0,0.04877842
25426,0.0,0,0.13203505
21512,1.0,0,0.3208589
14663,0.0,0,0.046669427
4431,0.0,0,0.03923231
13348,0.0,0,0.20629032
27767,1.0,0,0.27755946
1758,0.0,0,0.16566075
28362,0.0,0,0.07773823
29142,0.0,0,0.042365815
21662,0.0,0,0.15700127
21807,0.0,0,0.15785152
14514,0.0,0,0.049706355
29215,1.0,1,0.5999351
25902,0.0,0,0.05716112
24208,0.0,0,0.07750933
2471,1.0,1,0.71731
4750,0.0,0,0.18046673
6858,1.0,0,0.07994432
4656,0.0,0,0.22596113
803,0.0,0,0.14036588
27236,0.0,1,0.60972005
15034,1.0,1,0.697431
27199,1.0,0,0.3531622
15057,0.0,1,0.51428896
27653,0.0,1,0.5665749
6732,0.0,0,0.12368492
11711,0.0,0,0.35180265
19825,1.0,1,0.62380993
9131,1.0,0,0.38885897
22690,0.0,0,0.060039807
6572,0.0,0,0.14986995
22928,0.0,0,0.098200135
13981,0.0,0,0.14654356
18913,0.0,0,0.075943835
10329,0.0,1,0.51715374
9387,0.0,0,0.07923867
13137,0.0,0,0.051262792
16328,0.0,0,0.19510083
1358,1.0,1,0.5919227
20939,0.0,0,0.0913523
2009,1.0,0,0.26710606
12091,0.0,0,0.38258544
13875,0.0,0,0.045854982
21259,0.0,0,0.047959477
18956,1.0,0,0.13146369
20586,0.0,0,0.052175954
10033,1.0,0,0.080035485
16854,1.0,1,0.716015
25602,0.0,0,0.106051765
29528,0.0,0,0.07100514
12053,0.0,0,0.094026506
2074,0.0,0,0.08638664
2536,0.0,0,0.14029145
26476,1.0,0,0.46412122
14401,0.0,0,0.05138985
25784,0.0,0,0.058196995
27455,0.0,0,0.36847022
27473,0.0,0,0.10970105
12697,0.0,0,0.045103468
10572,1.0,0,0.110832185
6309,0.0,0,0.08547612
28317,0.0,0,0.08546546
5251,0.0,0,0.12644966
21422,0.0,0,0.033955045
19842,0.0,0,0.054543998
12129,1.0,0,0.13385528
28582,0.0,1,0.58197755
20737,0.0,0,0.38720718
15102,0.0,0,0.089069344
25448,0.0,0,0.13529792
21023,0.0,0,0.10040743
19604,1.0,0,0.19580998
25368,0.0,0,0.14242062
5989,0.0,0,0.4820493
7478,0.0,0,0.086341016
14542,1.0,1,0.6100036
20954,0.0,0,0.459441
22650,0.0,0,0.06862536
14815,0.0,0,0.09485656
21387,0.0,0,0.48107865
5976,0.0,0,0.10543664
14413,0.0,0,0.10555808
11693,0.0,0,0.42273203
22518,0.0,0,0.11751424
10881,0.0,0,0.13906783
28107,0.0,0,0.06984392
23301,0.0,0,0.052905217
14152,0.0,0,0.30936322
1500,0.0,0,0.30787438
593,0.0,0,0.13009764
10093,0.0,0,0.06283746
15152,1.0,1,0.6110183
2140,1.0,0,0.163473
27161,1.0,1,0.6893938
4828,0.0,0,0.09406997
21812,1.0,1,0.6165855
21400,0.0,0,0.08329658
6179,0.0,0,0.10703693
20358,1.0,0,0.14749224
19401,0.0,0,0.40109
21499,0.0,0,0.18708242
12657,0.0,0,0.11975265
12997,1.0,1,0.56465906
25227,0.0,1,0.59707075
7960,0.0,1,0.74558574
6548,0.0,0,0.08000066
18567,0.0,0,0.10145656
5590,0.0,0,0.12256161
9074,0.0,0,0.25989038
18310,0.0,0,0.15385054
5023,0.0,0,0.24148524
27291,0.0,0,0.057309862
21204,1.0,0,0.25971606
27490,0.0,0,0.08245956
15532,1.0,0,0.32325688
13795,0.0,0,0.057404406
19903,0.0,0,0.136349
12442,0.0,0,0.066862315
10761,0.0,0,0.1931773
5160,0.0,0,0.04650301
3141,1.0,1,0.5873091
23486,0.0,0,0.158356
15768,0.0,0,0.3152275
27496,1.0,0,0.15104978
27603,0.0,0,0.05342522
6062,0.0,1,0.689808
8658,1.0,0,0.07777378
3295,0.0,0,0.03543016
11157,0.0,0,0.08171922
21002,1.0,0,0.24811526
18017,0.0,0,0.46742848
22753,0.0,0,0.08018233
28033,0.0,0,0.48132935
19190,1.0,0,0.24788515
4620,0.0,0,0.06921054
29121,0.0,0,0.2659521
15337,0.0,0,0.14631696
2720,0.0,0,0.11128139
13923,1.0,0,0.2751908
18099,0.0,1,0.5646181
5500,0.0,0,0.041464828
5413,0.0,0,0.33016375
26117,0.0,0,0.08227148
21995,0.0,0,0.059441384
4019,1.0,0,0.29112583
25324,0.0,0,0.06709812
2252,0.0,1,0.64482945
27850,0.0,0,0.29797086
3464,0.0,0,0.10281276
248,0.0,0,0.084596895
26862,0.0,0,0.055816945
14764,1.0,0,0.4588727
2748,0.0,0,0.04514777
25164,0.0,0,0.07149298
2311,0.0,0,0.36352083
19510,0.0,0,0.05088653
7241,0.0,0,0.11675131
9912,0.0,0,0.08504504
11492,0.0,0,0.051815346
13170,0.0,0,0.041692987
27670,0.0,0,0.48888183
11290,0.0,0,0.15430284
2919,1.0,0,0.06553189
28417,0.0,0,0.05358467
5915,0.0,0,0.06908848
12243,0.0,0,0.052284744
15811,1.0,0,0.46069402
26009,0.0,0,0.21439098
24743,0.0,0,0.06351284
16523,0.0,0,0.39213526
17470,0.0,0,0.096518055
24342,1.0,1,0.6339373
3331,0.0,0,0.39890626
3729,1.0,1,0.51252633
20336,1.0,1,0.6435333
24388,0.0,0,0.05305757
12553,1.0,0,0.17904374
8401,0.0,1,0.5260255
8542,1.0,0,0.07053667
16006,0.0,0,0.12757637
26468,0.0,0,0.06970681
8466,0.0,0,0.10412085
9551,0.0,1,0.66293496
20920,1.0,1,0.5018673
15819,0.0,0,0.040061586
8810,0.0,0,0.1455603
16388,0.0,0,0.039865505
23134,1.0,0,0.047575403
18745,0.0,0,0.041449063
7477,1.0,0,0.12554564
23602,0.0,0,0.11123136
9714,0.0,0,0.2460233
21858,0.0,0,0.13434035
7597,0.0,0,0.040141907
15198,0.0,0,0.09899748
11076,0.0,0,0.12638041
11908,1.0,1,0.7105575
29690,0.0,0,0.13811205
12372,1.0,1,0.65618145
28451,0.0,0,0.04287432
10131,0.0,0,0.055387028
9357,1.0,0,0.16232435
8225,0.0,1,0.6574841
9135,0.0,0,0.04720177
2494,0.0,0,0.041392494
9727,1.0,0,0.16231687
11910,0.0,0,0.08118186
12154,0.0,0,0.13756382
29525,1.0,1,0.67215616
29301,1.0,1,0.6592103
18349,0.0,0,0.09623257
6921,1.0,0,0.13827197
15975,0.0,0,0.113871954
7445,0.0,0,0.110697955
16133,1.0,0,0.38720816
12760,0.0,0,0.07654668
28248,0.0,0,0.22759974
8280,0.0,0,0.118323244
28167,1.0,0,0.14000061
29088,0.0,1,0.64673096
15157,0.0,0,0.09927348
7534,0.0,0,0.13077687
2841,0.0,0,0.060655
22503,1.0,1,0.5838509
8142,0.0,0,0.1647485
15900,0.0,0,0.0921549
21166,1.0,0,0.497699
5547,0.0,0,0.15691933
2643,0.0,0,0.35135743
3199,0.0,0,0.38220158
27983,0.0,0,0.08531186
10311,0.0,0,0.10428542
17044,1.0,1,0.6404069
22322,0.0,0,0.067725785
7243,0.0,0,0.11798979
11755,0.0,0,0.19307892
27691,0.0,0,0.07359994
8775,0.0,0,0.19989729
28163,0.0,0,0.1713748
22712,1.0,0,0.049749143
25207,0.0,0,0.089718364
25909,0.0,0,0.21237533
11550,1.0,0,0.071614854
20944,1.0,0,0.28581443
26980,0.0,0,0.057245135
23627,0.0,0,0.039091837
23772,0.0,0,0.070158884
23044,1.0,0,0.09140206
23576,0.0,0,0.17847173
22105,0.0,0,0.08603961
3833,1.0,0,0.27063322
2776,0.0,0,0.05809658
2102,0.0,1,0.71922976
4095,0.0,0,0.08513731
26726,0.0,0,0.04699687
4772,0.0,0,0.13566528
24127,1.0,0,0.47563925
29995,1.0,1,0.6255477
12251,0.0,0,0.05825351
28894,0.0,1,0.54022074
16607,0.0,0,0.3031668
4536,1.0,0,0.29942954
13801,0.0,0,0.45727533
14941,0.0,0,0.12541617
12105,0.0,0,0.28318626
9062,0.0,1,0.54367316
3669,0.0,0,0.20384206
22378,0.0,0,0.04422734
15860,0.0,0,0.07247528
21307,0.0,0,0.08259239
19887,0.0,0,0.071561016
10317,1.0,1,0.58481944
13991,0.0,0,0.18516313
24998,0.0,0,0.050988514
27227,0.0,0,0.06487145
23763,0.0,0,0.12230163
20019,0.0,0,0.05289863
17760,0.0,0,0.05233758
2318,0.0,0,0.16214395
306,0.0,0,0.14788708
16555,1.0,1,0.72475636
21197,0.0,0,0.080434
26513,0.0,0,0.16982892
13717,0.0,0,0.26049095
27895,0.0,0,0.10614225
21481,1.0,1,0.6358644
25083,0.0,0,0.070775166
15530,0.0,0,0.039515518
20440,1.0,1,0.58066785
20806,1.0,0,0.16036277
28593,0.0,0,0.08969151
27705,0.0,1,0.6473341
22099,0.0,0,0.057142776
27745,0.0,0,0.13900478
25827,0.0,0,0.03960857
27596,1.0,0,0.22715773
26882,0.0,0,0.061155457
21969,0.0,0,0.19655333
29969,0.0,0,0.12068314
3977,0.0,0,0.27672672
29492,1.0,0,0.28290564
18697,0.0,0,0.06410927
392,1.0,0,0.063016094
27855,0.0,0,0.091327004
17249,1.0,1,0.73644215
18731,1.0,0,0.13595654
150,0.0,0,0.14047003
15802,0.0,0,0.07471428
24689,0.0,0,0.054796565
14883,0.0,0,0.14460069
28401,0.0,0,0.3147991
5001,0.0,0,0.2775694
18236,0.0,0,0.07382394
22044,0.0,0,0.05697207
28424,0.0,0,0.03985931
565,0.0,1,0.5925736
23412,0.0,0,0.05684122
1663,0.0,0,0.39945242
240,1.0,0,0.05826023
3670,0.0,0,0.077454746
13393,0.0,0,0.1078366
10816,1.0,1,0.6710745
23754,0.0,0,0.18036088
10429,0.0,0,0.06190014
26420,0.0,0,0.08912849
26784,0.0,0,0.07577652
12231,0.0,1,0.59512377
6471,0.0,0,0.32593888
3651,0.0,0,0.041177444
4262,0.0,0,0.2723588
17739,1.0,0,0.31115925
25974,0.0,0,0.10649882
8898,0.0,0,0.39250296
2498,0.0,0,0.11842919
25615,0.0,0,0.039509516
12819,0.0,0,0.46944055
23323,1.0,0,0.24165744
13577,0.0,0,0.09388013
10103,1.0,1,0.67021716
24289,0.0,0,0.06047236
29859,0.0,0,0.3442292
15888,0.0,0,0.033488344
13669,0.0,0,0.10459256
20235,0.0,0,0.040683407
16687,1.0,1,0.6019018
22287,1.0,0,0.48492742
2391,1.0,1,0.5145789
7283,0.0,0,0.16149205
15546,1.0,0,0.24640639
7948,0.0,0,0.19620165
10815,1.0,0,0.13252403
13240,1.0,0,0.45461002
17449,1.0,0,0.0950855
24137,0.0,0,0.05121893
4919,0.0,0,0.034764774
13882,1.0,0,0.30200908
18281,0.0,0,0.19212446
14737,0.0,0,0.07652599
20948,0.0,0,0.056319334
27636,1.0,0,0.15322864
28730,0.0,0,0.071850404
1774,1.0,1,0.57497185
4907,0.0,0,0.19465001
19891,0.0,0,0.11635821
20145,0.0,0,0.04534742
5462,0.0,0,0.14257886
24013,1.0,1,0.56617284
17622,0.0,0,0.1886477
13113,0.0,0,0.07819776
978,0.0,0,0.061470337
19373,0.0,0,0.03937306
22112,1.0,0,0.35263735
18255,0.0,0,0.098417364
24602,1.0,0,0.27533907
26931,1.0,0,0.11054439
10823,1.0,1,0.7126297
28015,0.0,0,0.08866676
14309,0.0,0,0.04772313
2817,0.0,0,0.088710286
7603,1.0,0,0.13527383
26332,0.0,0,0.06135205
22768,0.0,0,0.04841982
8841,0.0,0,0.1423425
10065,1.0,0,0.1320892
22779,0.0,0,0.03187434
690,0.0,0,0.09942402
14928,1.0,0,0.47433528
1085,0.0,0,0.092765175
8895,0.0,0,0.07700121
4008,0.0,0,0.23706838
23519,0.0,0,0.03846468
655,0.0,0,0.14514005
8981,0.0,0,0.057479583
12347,1.0,1,0.68982524
29738,1.0,0,0.46995655
6242,0.0,0,0.061913636
20390,0.0,1,0.5217779
2151,0.0,0,0.07910337
6492,0.0,0,0.48349458
21167,1.0,1,0.5832295
3594,0.0,1,0.6339964
10021,0.0,0,0.11048877
26247,1.0,1,0.6167394
14472,1.0,1,0.65766615
24867,0.0,0,0.2764581
12441,0.0,0,0.06637295
21532,0.0,0,0.12209755
28041,0.0,0,0.23411107
3344,1.0,0,0.119456664
19080,0.0,0,0.06469939
3895,0.0,0,0.08939593
5965,0.0,0,0.08139098
21102,0.0,0,0.33632484
29845,0.0,0,0.04215387
10890,0.0,0,0.07265916
11696,0.0,0,0.20032905
12072,0.0,0,0.3242912
7207,0.0,0,0.16427541
23584,0.0,0,0.052770436
14560,0.0,0,0.06243138
1403,1.0,0,0.108255215
9518,1.0,1,0.65307736
18540,1.0,1,0.64087766
898,1.0,1,0.68728995
10735,0.0,0,0.090655655
3077,1.0,0,0.1322229
9991,0.0,0,0.04132946
3398,1.0,0,0.36609396
3460,1.0,0,0.19528145
24760,1.0,1,0.6000514
29814,0.0,0,0.05560069
1635,0.0,0,0.1166481
10076,1.0,0,0.2290559
5763,0.0,0,0.38181525
12046,0.0,0,0.07617312
22698,0.0,0,0.056977216
5932,0.0,0,0.0395649
17862,0.0,0,0.14454944
18751,0.0,0,0.045972086
26152,0.0,0,0.04652503
6252,1.0,0,0.20779486
24408,1.0,0,0.121132255
16081,0.0,0,0.040280554
15822,0.0,0,0.15605998
17175,1.0,1,0.53262573
13863,0.0,0,0.11398931
19644,0.0,0,0.03952739
17486,1.0,1,0.6682164
2777,1.0,1,0.6407541
11614,0.0,0,0.17311235
25600,0.0,0,0.177615
8423,0.0,0,0.05607165
1116,0.0,0,0.13585284
7315,1.0,0,0.08996697
2990,0.0,0,0.10292794
4569,0.0,0,0.13290313
18964,1.0,0,0.27154785
9011,0.0,0,0.11044701
2608,1.0,0,0.13078694
14072,1.0,0,0.3650011
1079,0.0,0,0.1457799
6066,0.0,0,0.28987738
16326,0.0,1,0.62050617
26750,1.0,1,0.5058776
29263,0.0,0,0.13770589
397,0.0,0,0.074657224
23613,0.0,0,0.04662051
1588,0.0,0,0.041487694
26573,0.0,0,0.07572298
20420,0.0,0,0.10965701
21399,1.0,0,0.14188853
11791,0.0,0,0.13491946
11835,0.0,0,0.40054417
4973,0.0,0,0.11644224
17943,0.0,0,0.06885698
18572,0.0,0,0.1467962
27251,0.0,0,0.06853431
29014,0.0,0,0.14013891
24521,0.0,0,0.19217671
22409,0.0,0,0.07158717
757,0.0,0,0.0645026
18118,0.0,0,0.28400856
22617,0.0,0,0.0668333
21314,0.0,0,0.20302469
9763,1.0,0,0.14145781
22895,0.0,0,0.13978446
25143,0.0,0,0.15643561
23932,0.0,1,0.61790526
10790,0.0,0,0.38255954
28283,1.0,0,0.06517115
25666,0.0,0,0.117243744
17816,0.0,0,0.16953504
4105,1.0,0,0.37363976
19243,0.0,0,0.09992594
13771,0.0,0,0.109624155
1089,0.0,0,0.122244395
27744,0.0,0,0.11838564
22180,0.0,0,0.061914776
7039,0.0,0,0.19193861
26297,0.0,0,0.058166534
25943,0.0,0,0.27124932
19342,0.0,0,0.15570645
17993,0.0,0,0.060205605
727,0.0,0,0.0556167
18424,1.0,0,0.055061262
17022,0.0,0,0.329637
23757,0.0,0,0.047472708
11648,0.0,0,0.07775989
15387,0.0,0,0.12902686
17231,1.0,1,0.7747823
6240,0.0,0,0.046891917
9924,0.0,0,0.12502989
2361,0.0,0,0.31404036
26839,0.0,0,0.048002686
24988,0.0,0,0.0471484
12591,0.0,0,0.17878687
29372,0.0,0,0.19153109
20085,0.0,0,0.059123855
16525,0.0,1,0.58260024
12597,0.0,0,0.06180331
8122,0.0,0,0.078054994
9292,0.0,0,0.046336677
1990,1.0,0,0.1319004
23749,0.0,0,0.48693657
8874,0.0,0,0.054835748
15549,1.0,0,0.07739188
15317,1.0,0,0.18582614
9602,0.0,0,0.05973166
1295,0.0,0,0.15767305
8761,0.0,0,0.121697634
6524,0.0,0,0.100013785
21213,0.0,1,0.66724426
5493,0.0,0,0.22143109
24119,0.0,0,0.1137224
1724,0.0,0,0.0699867
22998,0.0,0,0.033455964
18503,0.0,0,0.05135248
706,1.0,0,0.11799485
28902,0.0,0,0.042744383
26180,0.0,0,0.1591146
27244,1.0,0,0.11627672
26057,0.0,0,0.056769658
17519,0.0,0,0.051835902
4402,0.0,0,0.2739315
2334,0.0,0,0.2148568
5044,0.0,0,0.06848842
9191,1.0,1,0.6595737
23093,1.0,0,0.16863388
8379,0.0,0,0.124616034
27874,0.0,0,0.038898986
5803,0.0,0,0.109085
983,1.0,0,0.042853113
7637,0.0,0,0.042828966
6978,0.0,0,0.047364213
15111,0.0,1,0.6335178
12935,0.0,0,0.08833363
25154,1.0,1,0.67993736
13079,0.0,0,0.119416974
20330,0.0,0,0.20707935
17565,0.0,0,0.18258876
9936,0.0,0,0.14029153
9623,0.0,0,0.2475072
10993,0.0,0,0.089420155
15171,0.0,0,0.057504673
9553,0.0,0,0.11785395
27992,0.0,0,0.21838652
27136,0.0,0,0.052653313
20051,0.0,0,0.30180022
12904,0.0,0,0.08887842
4679,0.0,0,0.14972812
15849,0.0,0,0.12740886
19852,0.0,0,0.03852725
1102,1.0,1,0.55166763
6782,0.0,0,0.04017784
13454,0.0,0,0.34613055
17548,1.0,1,0.58918154
25688,0.0,0,0.067309424
23105,0.0,0,0.113599315
9098,0.0,0,0.11452435
18903,0.0,0,0.35078338
17350,1.0,1,0.6722381
1756,0.0,0,0.09934329
29947,0.0,0,0.0855842
13696,0.0,1,0.60576326
28835,1.0,0,0.10148871
12371,0.0,0,0.07366645
2932,0.0,0,0.18583237
2142,0.0,0,0.1354946
13880,0.0,0,0.057417233
29932,0.0,0,0.11371822
13919,0.0,0,0.061165754
6424,0.0,0,0.04853669
15202,1.0,1,0.61839944
16177,0.0,0,0.108843245
17532,0.0,0,0.16995762
26591,0.0,0,0.1361852
24660,0.0,0,0.06645351
26387,0.0,0,0.3064458
20564,0.0,0,0.19616033
21676,0.0,0,0.4026419
28280,0.0,0,0.13846062
11145,0.0,0,0.07712847
18881,0.0,0,0.062269393
22883,0.0,0,0.054813042
25269,0.0,0,0.08912732
13740,1.0,1,0.6965861
21684,0.0,0,0.13139674
10739,0.0,0,0.15562704
14889,0.0,0,0.28218502
13621,0.0,0,0.12892668
5009,0.0,0,0.0882962
13084,1.0,1,0.6673688
4905,0.0,0,0.30246726
15201,1.0,0,0.4312157
14108,0.0,0,0.05486603
16703,0.0,0,0.19154917
18578,0.0,0,0.065289274
16052,0.0,0,0.053167775
2724,0.0,0,0.05299547
14435,1.0,0,0.39572942
2117,1.0,0,0.07753921
16520,1.0,0,0.4425288
6335,1.0,1,0.6422401
19400,0.0,0,0.04517421
7488,0.0,0,0.12910956
3913,0.0,0,0.13020526
3524,0.0,0,0.16867727
26060,0.0,0,0.071845174
8451,0.0,0,0.050461948
2661,1.0,0,0.114730105
1831,1.0,0,0.19663936
24624,0.0,0,0.06350554
10079,0.0,0,0.16007245
29973,0.0,0,0.0508595
4597,1.0,0,0.18124253
215,0.0,1,0.580257
1094,1.0,0,0.30780882
22852,1.0,0,0.22753319
13014,0.0,0,0.35912097
7594,0.0,0,0.15160765
20968,1.0,1,0.7043934
5440,0.0,1,0.7208379
12321,0.0,0,0.48109803
14500,0.0,1,0.65628123
20082,0.0,0,0.071071036
25117,1.0,0,0.1732885
13668,0.0,0,0.17985284
10088,0.0,0,0.07022108
1861,0.0,0,0.27014998
23448,0.0,0,0.1549827
14193,0.0,0,0.06860974
28070,0.0,0,0.04483629
27096,0.0,0,0.069863155
27684,1.0,0,0.29978257
19269,0.0,0,0.14931653
9183,0.0,0,0.113465235
19560,0.0,0,0.05822037
3116,0.0,0,0.29677597
14912,0.0,0,0.052220408
3120,0.0,0,0.04551472
13048,0.0,0,0.06398331
8657,0.0,1,0.63213784
21941,0.0,0,0.09139999
22324,0.0,0,0.041193746
3690,0.0,0,0.33084276
26993,0.0,0,0.060034085
14006,0.0,0,0.20745504
27290,0.0,0,0.10371806
5823,0.0,0,0.04949234
28055,1.0,1,0.72605103
6854,1.0,0,0.053500723
22090,0.0,0,0.30669183
20723,0.0,1,0.5499167
25545,0.0,0,0.06655756
3792,1.0,0,0.05908011
6538,0.0,0,0.047259543
20746,0.0,0,0.1644695
7046,0.0,0,0.115590066
12706,1.0,0,0.32080832
1795,1.0,0,0.13501541
29435,0.0,0,0.07348821
5122,1.0,0,0.32496804
6700,0.0,0,0.33121037
28991,0.0,0,0.14663146
23241,0.0,0,0.1345488
29547,0.0,0,0.12901054
6487,1.0,0,0.2775792
19565,1.0,0,0.19090587
13221,0.0,0,0.13573071
5121,0.0,0,0.06219427
10859,0.0,0,0.12248171
29671,0.0,1,0.5362298
12598,1.0,0,0.2996473
2071,0.0,0,0.059365988
18747,0.0,0,0.14826962
25990,0.0,0,0.058313273
12686,0.0,0,0.4942
8130,0.0,1,0.5487693
26540,0.0,0,0.26221195
5173,0.0,0,0.14425041
16843,0.0,0,0.09652052
18257,1.0,1,0.7090352
5114,1.0,1,0.64425284
27169,0.0,0,0.32137352
25080,0.0,0,0.17616871
9679,0.0,0,0.10658743
4383,1.0,0,0.15177418
23206,1.0,0,0.4692599
13283,0.0,0,0.4702842
20642,0.0,0,0.16298918
15589,0.0,0,0.049222056
8789,1.0,0,0.34591618
10715,0.0,0,0.31553432
2184,0.0,0,0.1631349
16891,0.0,0,0.050788697
4367,1.0,1,0.6334993
23464,1.0,0,0.17041945
16124,0.0,0,0.1704835
6634,0.0,0,0.07666481
24140,1.0,0,0.13845024
21250,0.0,0,0.057742584
1291,0.0,0,0.12418213
19905,0.0,0,0.18731794
8471,1.0,1,0.67991424
16757,0.0,0,0.13313691
911,0.0,1,0.60616267
8076,0.0,0,0.3412877
6899,0.0,0,0.39539638
10963,1.0,0,0.13808002
4887,0.0,0,0.06371511
13333,0.0,0,0.12911938
28164,0.0,1,0.5260171
20300,0.0,0,0.032869272
8888,0.0,0,0.16320871
20094,0.0,0,0.1282239
23271,0.0,0,0.0795539
25060,1.0,0,0.33680537
17406,0.0,0,0.21012405
11775,0.0,0,0.13551873
10141,1.0,0,0.3474492
19990,0.0,0,0.056751806
1298,0.0,0,0.106429555
11823,0.0,0,0.101520374
10164,0.0,0,0.08506721
15591,0.0,0,0.11616716
2016,1.0,0,0.14944534
13996,0.0,0,0.12825575
22945,0.0,0,0.048425242
2055,0.0,0,0.17429207
11845,0.0,1,0.728189
13367,0.0,0,0.14775477
8574,1.0,1,0.6953232
27940,0.0,0,0.23811801
20405,0.0,0,0.13652319
11427,0.0,0,0.21463422
7195,0.0,0,0.04779243
15507,0.0,0,0.08069698
29204,0.0,0,0.10649944
17648,1.0,0,0.17221546
3814,0.0,0,0.100815035
23664,1.0,0,0.119855255
23045,0.0,0,0.044080112
22451,0.0,0,0.08539393
12970,0.0,0,0.29883313
26559,1.0,0,0.07719645
17436,0.0,0,0.050467774
18689,1.0,0,0.22889754
5604,0.0,0,0.044602796
2910,0.0,0,0.20061536
3794,0.0,0,0.06965893
16612,0.0,0,0.489012
1174,0.0,0,0.13773717
1962,0.0,0,0.05866144
1655,0.0,0,0.13933398
21568,0.0,0,0.10708744
7697,1.0,0,0.07783334
13601,0.0,0,0.08206718
16543,1.0,1,0.7015003
20747,0.0,0,0.09989605
11946,0.0,0,0.13157195
29451,0.0,0,0.20340165
12977,0.0,0,0.32556346
21487,0.0,0,0.23726815
6990,0.0,1,0.63468295
24489,0.0,0,0.19602376
19635,0.0,0,0.0542153
3556,0.0,0,0.08614563
23728,0.0,0,0.12569614
20935,0.0,0,0.047668234
7932,0.0,0,0.061027948
14441,0.0,0,0.14573006
10671,1.0,0,0.040043227
20473,1.0,1,0.651278
27617,0.0,0,0.1153637
19072,0.0,0,0.051399384
18712,0.0,0,0.07572135
5321,0.0,0,0.11328538
29192,0.0,0,0.06378024
7720,0.0,0,0.060127135
8724,0.0,1,0.6518338
14090,0.0,0,0.07202757
15901,0.0,0,0.17583017
27917,0.0,0,0.051015746
6822,0.0,0,0.14269009
4250,0.0,0,0.20418891
23598,0.0,0,0.06301429
24745,0.0,0,0.07458564
6073,1.0,1,0.5470088
10758,0.0,0,0.18687648
18902,0.0,0,0.11413328
15458,0.0,0,0.30277818
19992,0.0,0,0.37333104
15422,1.0,0,0.40478456
8289,1.0,0,0.09858591
6086,1.0,1,0.6986864
21161,0.0,0,0.13695402
20166,0.0,0,0.07441287
1895,1.0,1,0.62360567
17770,0.0,0,0.04458825
18172,0.0,0,0.06429391
750,1.0,1,0.703249
7391,0.0,0,0.047223125
27961,0.0,0,0.12984583
14753,0.0,0,0.03942648
5149,1.0,0,0.33066186
23071,1.0,0,0.11221466
1376,0.0,0,0.36818758
5101,0.0,0,0.1649088
18511,0.0,0,0.13347091
6760,0.0,0,0.3797843
9287,1.0,1,0.7875231
13390,0.0,0,0.15276241
2950,0.0,0,0.13806884
17810,1.0,0,0.087226465
15732,0.0,0,0.057137843
17295,0.0,1,0.6036992
26622,0.0,0,0.12590367
23290,0.0,0,0.08727372
20352,0.0,0,0.10816783
27777,0.0,0,0.049277686
24789,0.0,0,0.1461505
15266,0.0,0,0.04890564
13826,0.0,0,0.16080756
21230,0.0,0,0.20525014
29997,0.0,0,0.08721917
28285,0.0,0,0.048474815
13402,1.0,0,0.042951785
19894,0.0,0,0.061907522
19711,0.0,0,0.082322486
16922,0.0,0,0.080175474
7290,0.0,0,0.15987162
26450,0.0,0,0.056436863
18409,0.0,0,0.10193425
17796,0.0,0,0.22332446
16586,0.0,0,0.051118456
412,0.0,0,0.17192529
13662,0.0,0,0.031623233
29841,1.0,1,0.7086998
20449,0.0,0,0.07191053
6273,0.0,0,0.111259684
1789,0.0,0,0.15898544
679,0.0,0,0.07819405
14593,0.0,0,0.09328774
29332,0.0,0,0.089242086
22931,0.0,0,0.11431843
28105,0.0,0,0.30183232
2155,0.0,0,0.11126746
18070,0.0,0,0.4414161
15731,0.0,0,0.16518418
6229,1.0,0,0.21916562
13681,0.0,1,0.57257974
15661,0.0,0,0.26643115
2326,0.0,0,0.078456976
25200,0.0,0,0.24477383
17158,0.0,0,0.16514514
4254,0.0,0,0.14694303
15794,0.0,0,0.10826355
1679,0.0,0,0.40650788
24310,0.0,0,0.094336726
20096,0.0,0,0.16661456
22453,0.0,0,0.093044646
1097,0.0,0,0.06656898
2247,0.0,0,0.059600558
6590,0.0,0,0.05578028
21972,0.0,1,0.6066543
18600,0.0,0,0.034532666
6162,0.0,0,0.053332433
11172,1.0,1,0.5916781
11785,0.0,1,0.6707394
1182,0.0,0,0.32848716
29484,1.0,0,0.05350699
28057,0.0,0,0.30124402
16129,1.0,0,0.04230263
24393,1.0,0,0.19008926
23277,0.0,0,0.042931445
8991,0.0,0,0.057532072
11406,0.0,0,0.058397237
8521,1.0,1,0.6949364
29117,0.0,0,0.09711218
8575,1.0,0,0.26838344
27884,0.0,1,0.5448507
256,0.0,0,0.15639511
16811,0.0,0,0.09672791
23017,0.0,0,0.087960206
17858,0.0,0,0.06394685
13091,0.0,0,0.034541517
23949,0.0,0,0.11444382
7333,0.0,0,0.048797164
27608,0.0,0,0.05749956
25664,0.0,0,0.077119865
4690,0.0,1,0.573718
21228,0.0,0,0.07383502
17394,1.0,1,0.7149688
7714,0.0,0,0.0469412
24027,0.0,0,0.3074302
20845,0.0,0,0.19785343
11813,0.0,0,0.18122031
10736,0.0,0,0.06572431
26084,1.0,0,0.1759364
13343,0.0,0,0.16732207
13829,0.0,0,0.05054401
5947,1.0,0,0.08557728
16504,0.0,0,0.14921254
26452,0.0,0,0.14719504
17542,1.0,0,0.48414135
1464,0.0,0,0.04069227
5423,1.0,0,0.103970304
21029,0.0,0,0.14297494
15597,0.0,0,0.15128529
29292,0.0,0,0.12819093
3442,0.0,1,0.6500975
20097,0.0,0,0.051184326
23636,1.0,0,0.09459492
3804,0.0,0,0.35663643
25221,0.0,1,0.60259163
25107,0.0,0,0.15204778
3046,0.0,0,0.15568258
29977,1.0,1,0.6561624
8822,1.0,1,0.62806445
19045,0.0,0,0.057007767
21820,0.0,0,0.3675578
8999,1.0,0,0.45632213
29290,0.0,0,0.08620219
1234,0.0,0,0.18353075
10636,0.0,0,0.13298826
22562,0.0,0,0.14465232
18873,0.0,0,0.19649051
18176,0.0,0,0.1875592
23356,1.0,1,0.68643177
7760,0.0,0,0.38649848
22190,0.0,0,0.13466024
28721,0.0,0,0.14695396
17210,0.0,0,0.12396289
27901,0.0,0,0.066830106
10551,0.0,0,0.052730523
16100,1.0,0,0.19715525
3503,0.0,0,0.040317856
27186,0.0,0,0.3247732
3426,0.0,0,0.06845805
12506,0.0,0,0.06001884
10566,0.0,0,0.09434447
16363,0.0,0,0.29865545
20624,0.0,0,0.12231829
8447,1.0,0,0.42819145
4608,0.0,0,0.1769932
27564,0.0,0,0.069115475
14166,0.0,0,0.116667084
10115,0.0,0,0.11382983
18189,1.0,0,0.3145423
27614,1.0,1,0.5483391
13051,1.0,0,0.42824128
6565,0.0,0,0.338508
15869,0.0,0,0.06899765
4456,0.0,0,0.31728935
9826,0.0,0,0.15007809
1989,0.0,1,0.6747942
20520,0.0,0,0.11208035
28568,0.0,0,0.11640798
27722,1.0,0,0.14592534
500,0.0,1,0.54468596
20648,0.0,0,0.0556397
20693,0.0,0,0.13606262
8404,0.0,0,0.06270721
14320,0.0,0,0.063736185
6404,1.0,0,0.25750402
18839,0.0,0,0.23684925
2114,1.0,0,0.117319025
14562,0.0,0,0.16645877
20772,0.0,0,0.13924114
15655,0.0,0,0.098605305
15049,0.0,0,0.1325425
4230,1.0,0,0.31581202
22403,0.0,0,0.26483372
15848,0.0,0,0.05278152
872,0.0,0,0.08469242
26954,0.0,0,0.056230824
28560,1.0,0,0.09054855
18591,0.0,0,0.06824671
7786,1.0,0,0.2523174
12836,1.0,0,0.2814814
25252,0.0,0,0.045792468
997,0.0,0,0.4928773
13178,1.0,0,0.4660027
25421,1.0,0,0.42574826
4956,1.0,0,0.117980525
3303,1.0,1,0.60381436
442,0.0,1,0.506273
991,0.0,0,0.33778918
4566,1.0,0,0.18267569
18961,1.0,0,0.06174427
27487,1.0,0,0.1337606
9780,0.0,0,0.08023943
3697,0.0,0,0.12265372
10621,0.0,0,0.19942577
11336,0.0,0,0.12943822
4396,0.0,0,0.16199982
12211,0.0,0,0.100214064
9402,0.0,0,0.058967836
25693,0.0,0,0.04444143
6600,0.0,0,0.0735624
22454,0.0,0,0.19776511
26270,0.0,0,0.060594097
18345,0.0,0,0.14006189
23951,0.0,0,0.41816127
9192,0.0,0,0.16724071
16941,1.0,0,0.33184075
9090,1.0,1,0.5855862
5367,0.0,0,0.42026588
177,0.0,0,0.13218164
5959,0.0,0,0.07471435
27349,0.0,0,0.086195335
4242,0.0,0,0.11081477
19247,0.0,1,0.66589373
20788,0.0,0,0.03697369
2805,0.0,0,0.16500425
25610,0.0,0,0.14044526
15778,1.0,1,0.55662036
4433,0.0,1,0.67742825
5049,1.0,1,0.5929634
11289,0.0,0,0.12556076
23458,0.0,0,0.10440944
22889,0.0,0,0.038602028
20190,0.0,0,0.04906585
26121,0.0,0,0.107887425
17112,0.0,0,0.42389786
28739,0.0,0,0.100214235
29467,0.0,1,0.68822217
12273,0.0,0,0.038918044
4079,0.0,0,0.1443207
22874,0.0,0,0.051865555
26271,1.0,0,0.13660151
12213,0.0,0,0.15328263
26813,0.0,0,0.057803873
2672,1.0,0,0.27976096
12702,0.0,0,0.042703345
17559,0.0,1,0.7239193
12801,1.0,0,0.33955526
29188,0.0,0,0.0805617
961,1.0,0,0.39765388
18253,1.0,1,0.52654374
28624,0.0,0,0.36485264
27731,1.0,1,0.6664547
9310,0.0,0,0.04728803
3726,0.0,0,0.36833328
3721,1.0,0,0.32917494
28044,0.0,0,0.21462694
12811,1.0,1,0.7012282
29304,0.0,0,0.36244196
5379,0.0,0,0.075889766
25929,1.0,0,0.18807127
5852,0.0,0,0.07206894
11095,0.0,0,0.05144879
8814,0.0,0,0.07986351
15084,0.0,0,0.050920006
27573,0.0,0,0.07326232
1035,0.0,0,0.29154906
15723,0.0,0,0.1611341
1760,0.0,0,0.31358588
15889,0.0,1,0.66008955
22308,0.0,0,0.12024226
4111,0.0,0,0.11223273
6657,0.0,0,0.13443072
4171,0.0,0,0.07425225
26676,0.0,0,0.15191394
10727,0.0,0,0.14530846
14861,0.0,1,0.6626234
12579,0.0,0,0.043247953
12775,1.0,1,0.6177806
15310,0.0,0,0.11407865
6748,0.0,0,0.12688437
25297,0.0,0,0.092287906
3622,0.0,0,0.04761035
536,0.0,0,0.1515734
17424,1.0,0,0.3204993
10733,1.0,0,0.050367713
19267,0.0,0,0.16500787
27089,1.0,0,0.21194409
7232,0.0,0,0.071993954
9798,0.0,0,0.038768526
7191,0.0,0,0.057739194
2404,1.0,0,0.33061114
6141,0.0,0,0.16109473
25631,0.0,0,0.03986093
18878,0.0,0,0.039996557
4762,0.0,0,0.12594496
21901,1.0,1,0.5737859
20793,0.0,0,0.057457764
25714,1.0,0,0.059792727
24460,0.0,1,0.5468658
21902,0.0,0,0.054470982
29964,0.0,0,0.27133924
6497,0.0,0,0.13153645
21220,0.0,0,0.10279395
3170,0.0,0,0.15690713
10494,0.0,0,0.21595939
22251,1.0,0,0.10927972
12670,0.0,0,0.21617429
990,0.0,1,0.5502433
15301,0.0,0,0.15444595
15498,1.0,1,0.68123525
10658,0.0,0,0.12606135
3280,0.0,0,0.057211123
5762,0.0,0,0.17528625
875,0.0,0,0.20457141
19595,0.0,0,0.11847792
9527,0.0,0,0.09706057
17506,0.0,0,0.03772868
7093,1.0,0,0.044390697
14563,1.0,1,0.7094449
29067,0.0,0,0.13061489
12596,0.0,0,0.12198709
17421,0.0,1,0.51775634
21325,0.0,0,0.23296942
2382,0.0,0,0.04236306
22425,0.0,0,0.17478704
6746,0.0,0,0.04267684
26691,0.0,0,0.065599576
26325,1.0,0,0.041699085
2093,0.0,0,0.14548467
2262,1.0,0,0.08563372
14168,1.0,0,0.16034994
728,0.0,0,0.14485589
15097,0.0,0,0.14505415
4195,0.0,0,0.15374894
23897,0.0,0,0.0737372
16995,1.0,0,0.29881144
5362,0.0,0,0.07059129
18234,0.0,0,0.048806403
221,1.0,0,0.41359833
26460,1.0,0,0.13106003
1057,0.0,0,0.23765858
15670,0.0,0,0.13263385
10136,1.0,0,0.31474784
17012,0.0,0,0.3288274
24623,0.0,0,0.045698915
29617,0.0,0,0.08189937
1936,0.0,0,0.05608772
13904,0.0,0,0.32923156
2336,0.0,0,0.108064935
13706,0.0,0,0.15214542
19709,0.0,0,0.04405895
4554,0.0,0,0.051358327
11246,1.0,1,0.5632105
29582,0.0,0,0.062167782
4529,0.0,0,0.47984466
24796,0.0,0,0.0831214
24129,0.0,0,0.08675071
11343,1.0,1,0.7181807
9599,0.0,0,0.04450742
23384,0.0,0,0.14842911
314,1.0,0,0.3783366
5714,0.0,1,0.58450496
7091,0.0,0,0.06255308
14723,1.0,1,0.66523594
12833,0.0,0,0.14951254
9106,1.0,0,0.10176418
18249,0.0,0,0.10599503
19718,0.0,0,0.03995529
14801,1.0,0,0.16517936
24938,1.0,0,0.2676204
1552,0.0,0,0.053345848
28425,0.0,0,0.037078004
17729,0.0,1,0.64103574
3719,0.0,0,0.14674352
22863,1.0,1,0.6356603
1706,1.0,1,0.533751
6061,0.0,0,0.27922568
4198,0.0,0,0.07213827
16769,0.0,1,0.58029854
25995,0.0,0,0.11441545
29916,0.0,0,0.35256627
26204,0.0,0,0.16699865
6110,0.0,0,0.04778054
22361,0.0,0,0.07137121
17030,0.0,0,0.12929319
18758,0.0,1,0.64117414
9626,1.0,0,0.47801268
1160,0.0,1,0.57978
25847,0.0,0,0.13678057
11589,0.0,0,0.1314431
23285,0.0,0,0.04708774
11334,1.0,1,0.5808077
22446,0.0,0,0.045683153
2582,0.0,0,0.44930372
28769,0.0,0,0.031609338
17586,1.0,1,0.7038828
26142,0.0,0,0.04342655
11593,0.0,0,0.11934022
5987,1.0,0,0.17407498
27476,0.0,0,0.10776887
13738,0.0,0,0.084765546
11510,0.0,0,0.06710365
12132,1.0,0,0.47954863
20225,0.0,0,0.48971885
16280,0.0,0,0.053939916
6679,1.0,0,0.13609841
16418,0.0,0,0.09215406
26505,0.0,0,0.12919189
7705,0.0,1,0.6038026
23809,0.0,0,0.21324712
24266,0.0,0,0.0361741
12447,0.0,0,0.15645804
2977,1.0,0,0.16030927
4581,0.0,0,0.08926048
10863,0.0,0,0.32834288
25047,0.0,0,0.03915222
20238,0.0,0,0.11080697
8120,0.0,0,0.07231619
29781,0.0,0,0.13713759
6456,0.0,1,0.69409895
27398,0.0,0,0.25355217
4805,0.0,0,0.13882068
7055,0.0,0,0.09266785
2024,0.0,0,0.07152591
24768,1.0,0,0.35304913
22898,1.0,1,0.6551271
17892,1.0,0,0.4590304
19285,1.0,0,0.24897638
12712,0.0,0,0.037266053
8780,0.0,0,0.063244276
10580,0.0,0,0.06137078
22129,0.0,0,0.20619026
14141,0.0,0,0.14336513
28643,0.0,0,0.057789978
21825,0.0,0,0.04370662
21019,0.0,0,0.14934357
23867,0.0,0,0.32168555
20121,1.0,0,0.09810771
12979,0.0,0,0.32368222
4420,0.0,0,0.079996906
13063,0.0,0,0.08187488
19502,0.0,0,0.07138197
25300,0.0,0,0.12595901
11612,0.0,0,0.0538069
13768,0.0,0,0.1680746
22997,0.0,0,0.09685906
1173,0.0,0,0.058075313
1349,0.0,0,0.059810914
22339,0.0,0,0.07506325
21597,0.0,0,0.15320267
1005,1.0,0,0.11376682
9891,0.0,0,0.08754454
29823,0.0,0,0.172069
14497,1.0,0,0.12123763
10653,0.0,0,0.15795088
19917,0.0,0,0.21960656
15694,0.0,0,0.055880424
22028,0.0,0,0.045245007
7946,1.0,0,0.387865
16457,1.0,0,0.10637616
2256,0.0,0,0.45726717
15089,0.0,1,0.5416108
20176,0.0,0,0.07160286
1491,0.0,0,0.058697652
26090,0.0,0,0.07551883
15758,1.0,1,0.620612
26728,0.0,0,0.06671411
972,0.0,0,0.1531133
23319,1.0,0,0.112482704
8254,0.0,0,0.12963435
524,1.0,0,0.051950656
9080,0.0,1,0.6331695
1580,0.0,0,0.14559679
20239,0.0,0,0.42984414
14635,0.0,0,0.049569808
25497,0.0,0,0.03921762
3015,0.0,0,0.050722256
24401,1.0,1,0.7114845
24726,0.0,0,0.15244189
28949,0.0,0,0.15168938
7864,0.0,0,0.073350556
27353,0.0,0,0.17200977
29151,1.0,0,0.2055611
12627,0.0,0,0.16866778
15021,0.0,1,0.6521294
24614,0.0,0,0.055198286
26917,0.0,1,0.5069841
24616,0.0,0,0.10585061
4878,0.0,0,0.08851531
3392,0.0,0,0.069842145
1579,0.0,0,0.16049755
8600,1.0,1,0.57486415
28521,0.0,1,0.62113607
27315,1.0,0,0.16399387
9096,1.0,0,0.29487446
247,0.0,0,0.10312352
8004,0.0,0,0.11594116
6836,0.0,0,0.24770439
22353,0.0,0,0.22707367
21529,0.0,0,0.11881204
27444,0.0,0,0.17572398
21229,0.0,0,0.15250628
4921,0.0,0,0.29626012
18528,0.0,0,0.34353286
6989,1.0,0,0.39118943
9004,0.0,0,0.42931142
16267,0.0,0,0.047499407
28686,1.0,0,0.13048667
5035,1.0,0,0.10022523
7127,0.0,0,0.22156131
13679,0.0,0,0.19839986
913,0.0,0,0.053966083
2152,0.0,0,0.103850804
9421,0.0,0,0.09733986
22754,1.0,0,0.27750328
9967,0.0,0,0.10876883
9448,0.0,0,0.1422892
3873,0.0,1,0.6473614
25172,0.0,0,0.112915084
29143,0.0,0,0.09561352
26861,0.0,0,0.16082337
15936,1.0,1,0.6274195
28803,0.0,0,0.11581044
11354,0.0,0,0.03914014
28225,0.0,0,0.16777122
18183,0.0,0,0.08585147
13320,0.0,0,0.04890247
23137,0.0,0,0.062331684
18278,1.0,1,0.69253474
2046,1.0,1,0.6635305
24422,0.0,0,0.17593859
6095,1.0,0,0.15354462
21562,0.0,0,0.33009827
29119,1.0,0,0.31365046
12459,0.0,0,0.16379383
28096,0.0,0,0.13630213
16939,0.0,0,0.09182334
16272,0.0,0,0.07547448
15425,1.0,1,0.5615119
26032,0.0,0,0.055832352
18710,1.0,0,0.12443061
9001,0.0,0,0.15414144
16471,0.0,0,0.07800738
22059,0.0,0,0.17903814
2544,0.0,0,0.14047767
1212,0.0,0,0.13465391
22764,0.0,0,0.04985434
13040,0.0,0,0.04297675
23896,1.0,1,0.64932436
2330,0.0,0,0.08182849
1592,0.0,0,0.49529913
19648,0.0,0,0.075539604
13356,0.0,0,0.14427158
6658,0.0,0,0.45974255
27567,0.0,1,0.71995836
18041,0.0,0,0.115758024
14647,0.0,1,0.5440967
13523,0.0,0,0.08471272
29838,0.0,0,0.06902059
9672,0.0,1,0.7728848
26157,0.0,0,0.045070644
1449,0.0,0,0.15268694
10825,0.0,0,0.12204094
24493,0.0,0,0.05231126
14900,0.0,0,0.03813163
20824,1.0,0,0.09137078
17435,0.0,0,0.17945132
1675,0.0,0,0.06465137
3423,0.0,0,0.080067724
15184,0.0,0,0.09367952
27704,1.0,0,0.4975185
8325,0.0,0,0.07388473
8609,0.0,1,0.59794635
1054,0.0,0,0.13164479
6792,0.0,0,0.29431003
8990,0.0,0,0.046422046
22057,0.0,0,0.38234413
18899,1.0,0,0.095130116
20273,1.0,1,0.6703174
10820,0.0,0,0.18387255
20846,0.0,0,0.05669808
4503,1.0,0,0.4297819
22102,1.0,0,0.12396388
28907,0.0,0,0.23809715
2110,0.0,0,0.09084971
11603,0.0,0,0.15393174
15713,0.0,0,0.19012608
10427,0.0,0,0.17422907
7528,0.0,1,0.58350044
21221,0.0,1,0.6987706
12783,0.0,0,0.1480502
16948,0.0,0,0.14784127
15363,0.0,0,0.045964617
29456,0.0,0,0.30838254
22683,0.0,0,0.12800953
24842,0.0,0,0.1526831
11010,0.0,0,0.06450903
11826,1.0,0,0.2678175
23477,0.0,0,0.04508265
28505,0.0,0,0.15926251
25178,0.0,1,0.61512494
27957,0.0,0,0.072392784
12337,0.0,0,0.14212267
14308,0.0,0,0.050666988
6537,0.0,0,0.15858829
1421,0.0,0,0.043419458
26774,1.0,1,0.5671817
7236,0.0,0,0.11843457
28441,0.0,0,0.06832107
26490,0.0,0,0.04616126
670,1.0,1,0.6258499
13746,0.0,0,0.2771275
6996,1.0,0,0.4925166
1303,0.0,0,0.3607588
29075,1.0,0,0.37024203
16804,0.0,0,0.041935332
11749,0.0,1,0.75066245
8260,1.0,0,0.12408807
25564,0.0,0,0.04709159
23550,0.0,0,0.09973374
9336,0.0,0,0.06177867
22469,1.0,0,0.121532716
3848,0.0,0,0.18500765
24693,0.0,0,0.39142853
15162,0.0,0,0.11160271
13720,0.0,1,0.64852375
18367,0.0,0,0.18701887
23110,0.0,1,0.68183094
27276,0.0,0,0.07051349
19407,0.0,0,0.054656222
4223,0.0,0,0.37967226
17057,0.0,0,0.1460468
671,0.0,1,0.5362053
21579,0.0,0,0.17426544
4036,0.0,0,0.043638673
8768,0.0,0,0.35182336
266,0.0,0,0.17843296
24582,0.0,0,0.108090445
17509,1.0,0,0.10222317
4345,0.0,0,0.061188016
13282,1.0,0,0.12167264
9838,0.0,0,0.05979204
14357,0.0,0,0.0665494
21912,0.0,0,0.21898451
15289,0.0,0,0.05317596
6666,0.0,0,0.29187495
29246,0.0,0,0.35858434
27363,0.0,0,0.16091268
798,0.0,0,0.13694306
19504,0.0,0,0.15320162
12275,1.0,1,0.55562145
9178,0.0,0,0.16275415
12286,0.0,0,0.1369503
24767,0.0,0,0.05306289
25114,0.0,0,0.11814477
7322,0.0,0,0.044624563
8464,0.0,0,0.10299865
4861,1.0,1,0.7104883
17409,0.0,0,0.117838286
17680,0.0,0,0.07178936
9016,0.0,0,0.09570345
10523,0.0,0,0.13008666
7461,0.0,0,0.061686724
8300,0.0,0,0.074038684
4830,0.0,0,0.11594867
3467,0.0,0,0.1369102
20832,0.0,0,0.19826597
14252,1.0,0,0.30394557
21114,0.0,0,0.11222087
29100,0.0,0,0.09731305
8514,1.0,0,0.061338708
29968,0.0,0,0.37758964
16666,0.0,0,0.05550779
12666,0.0,0,0.17430086
4035,0.0,0,0.3580029
3663,0.0,0,0.070266925
21810,1.0,0,0.39775923
27702,1.0,1,0.671859
24526,1.0,0,0.17574443
25643,0.0,0,0.22152211
29791,0.0,0,0.05581412
20812,0.0,0,0.0639057
3152,0.0,0,0.47038725
7885,0.0,0,0.08331879
20757,1.0,1,0.72906077
25746,0.0,0,0.18285118
3265,1.0,0,0.35908785
5685,0.0,0,0.19835354
2639,0.0,0,0.10863515
3414,1.0,1,0.6286197
29868,0.0,0,0.06519078
14946,1.0,0,0.36054683
3257,1.0,1,0.6212568
6998,0.0,0,0.3301392
29757,0.0,0,0.4971257
13462,0.0,0,0.109737426
13554,0.0,0,0.04906509
16659,0.0,0,0.11072643
22032,0.0,0,0.041363582
26216,0.0,0,0.16099724
3470,0.0,0,0.041016664
26106,0.0,0,0.09106163
5353,0.0,1,0.59007335
15479,0.0,0,0.06608844
18924,0.0,0,0.071042284
327,1.0,0,0.39913464
4158,0.0,0,0.045469243
28747,0.0,0,0.15636544
18140,0.0,0,0.040641088
23894,0.0,0,0.0795012
29496,0.0,0,0.049985617
1216,0.0,0,0.050580487
5626,0.0,0,0.047468413
13292,1.0,1,0.7089176
4998,1.0,0,0.04450494
14642,0.0,0,0.2959206
20946,0.0,0,0.08317338
8580,0.0,0,0.15187079
15924,0.0,0,0.040312763
15926,0.0,0,0.22023353
15469,1.0,0,0.15976664
23948,0.0,0,0.07458289
24631,0.0,0,0.08815573
25089,0.0,0,0.050856303
23693,0.0,0,0.11478235
23214,1.0,0,0.09915356
8716,0.0,0,0.036536593
5688,0.0,0,0.0418813
3469,0.0,0,0.30578926
7669,0.0,0,0.15593392
7133,1.0,0,0.16683087
919,0.0,0,0.15613693
28267,0.0,0,0.18814702
6587,0.0,0,0.052328214
6371,0.0,1,0.6341547
20958,0.0,1,0.58709556
1769,0.0,0,0.068871364
23325,0.0,0,0.07750678
5557,0.0,0,0.12295753
26733,0.0,0,0.071087174
1143,0.0,0,0.05893937
29773,0.0,0,0.08393514
15470,1.0,1,0.63442075
4202,0.0,0,0.21881287
27986,0.0,0,0.060186364
853,0.0,0,0.2130347
22197,0.0,0,0.036652565
22473,1.0,1,0.689759
13582,0.0,0,0.15781093
22413,0.0,0,0.11980464
28722,0.0,0,0.03903913
12359,0.0,0,0.07428178
19345,1.0,1,0.718055
24398,1.0,1,0.6834128
8432,0.0,0,0.06999355
9247,1.0,0,0.33377403
6525,0.0,0,0.1581342
8682,0.0,0,0.15010466
21063,0.0,0,0.2870406
12344,0.0,0,0.04264249
731,0.0,0,0.1133693
9282,0.0,0,0.08883633
11236,0.0,0,0.042708334
6929,0.0,0,0.04587866
15280,1.0,1,0.6190768
25626,0.0,0,0.047046226
14027,0.0,0,0.034528
2204,0.0,0,0.47426093
3702,0.0,0,0.12876683
5842,0.0,0,0.04454815
19788,0.0,0,0.17757413
7467,0.0,0,0.035530798
17413,0.0,0,0.10251418
26436,0.0,0,0.23294121
3286,0.0,0,0.21729465
4560,0.0,0,0.24081795
17061,1.0,0,0.16050978
4943,0.0,0,0.11326714
2285,1.0,0,0.108455345
24306,0.0,0,0.048201308
1818,0.0,0,0.14282359
29157,0.0,0,0.0913286
27005,0.0,0,0.13606945
20640,1.0,1,0.61002976
13279,0.0,0,0.04895417
29789,0.0,0,0.1306538
17896,0.0,0,0.48898146
2292,0.0,1,0.57893217
17763,0.0,0,0.41701686
14374,1.0,0,0.12134579
13312,0.0,0,0.29341552
26680,0.0,0,0.268246
9784,0.0,0,0.15296797
2322,0.0,1,0.60752165
24532,1.0,0,0.14024667
267,0.0,0,0.3542144
20599,0.0,0,0.050903805
5828,1.0,0,0.03938226
20291,0.0,0,0.2989523
19570,1.0,0,0.115367204
14683,0.0,1,0.65680426
7442,0.0,0,0.13315219
1090,0.0,0,0.046991944
6391,0.0,0,0.047965594
23202,0.0,0,0.045511197
24549,0.0,1,0.55273515
13921,0.0,0,0.06514897
11419,0.0,0,0.2553787
13209,0.0,0,0.12579527
14882,0.0,1,0.54557264
4155,0.0,0,0.16062717
20246,0.0,0,0.2619119
640,0.0,0,0.05659778
8540,0.0,0,0.10109016
11110,0.0,0,0.075300135
11880,0.0,0,0.12486116
5316,0.0,0,0.0435085
2275,0.0,0,0.1501655
25887,1.0,1,0.6324733
2083,0.0,0,0.3376323
9911,0.0,0,0.13939929
3215,0.0,0,0.21268341
24366,0.0,0,0.12032708
9251,0.0,0,0.33268198
14884,1.0,1,0.62994725
10644,0.0,0,0.18055387
10746,0.0,0,0.054118156
884,0.0,0,0.092817724
142,0.0,0,0.14015597
14439,0.0,0,0.1538856
25176,0.0,1,0.6138617
13118,0.0,0,0.07276349
10650,1.0,0,0.0547742
7373,0.0,0,0.16243222
5329,0.0,0,0.12105873
14282,0.0,0,0.44102937
19572,0.0,0,0.2093966
17129,0.0,0,0.3514775
6723,0.0,0,0.043465152
20413,0.0,0,0.059551507
2591,0.0,0,0.058652524
4416,0.0,0,0.16584688
20010,0.0,0,0.07777296
10417,0.0,0,0.095409736
14032,0.0,0,0.15946089
8129,0.0,0,0.1414796
18353,0.0,0,0.1614822
27321,1.0,1,0.71946996
16436,0.0,0,0.18891504
13201,0.0,0,0.16215858
24633,0.0,0,0.099886544
29101,0.0,0,0.14473835
23416,1.0,1,0.7393374
5175,0.0,0,0.08566894
21315,1.0,0,0.20352657
7712,0.0,0,0.37717816
27091,0.0,0,0.39097518
305,0.0,0,0.075589254
24712,0.0,0,0.40481988
2699,0.0,0,0.23199251
27093,0.0,0,0.17892376
17383,0.0,0,0.045219988
20761,0.0,0,0.06035844
2873,0.0,0,0.14834811
4575,1.0,0,0.23641
28196,0.0,0,0.057821423
4227,1.0,0,0.045862816
27928,0.0,0,0.09957777
17887,0.0,0,0.049924925
14568,0.0,0,0.05281964
9761,0.0,0,0.044216882
27597,0.0,0,0.071313776
11890,0.0,0,0.22046837
18888,0.0,0,0.102383316
28117,0.0,0,0.037410885
24434,0.0,0,0.10009367
24908,1.0,0,0.1465659
23497,0.0,0,0.106753856
15406,0.0,0,0.17766306
21964,0.0,0,0.0962262
4574,0.0,0,0.036078088
55,0.0,0,0.18615378
13479,1.0,1,0.6821183
29619,0.0,0,0.04385441
15264,0.0,0,0.07823587
21958,0.0,0,0.16259493
20430,1.0,1,0.51110333
14365,0.0,0,0.20626013
3533,0.0,0,0.13141173
11480,0.0,0,0.04701043
22937,0.0,0,0.14634857
16935,0.0,0,0.15449125
25386,0.0,0,0.07504473
16378,0.0,0,0.044920757
22103,0.0,0,0.084017776
1665,0.0,0,0.059897263
23251,0.0,0,0.09922287
23040,1.0,1,0.74365515
12621,0.0,0,0.08590369
10350,1.0,0,0.14124139
202,0.0,0,0.34561116
19339,0.0,0,0.10830908
28933,1.0,0,0.3393966
9354,0.0,0,0.10625065
28364,0.0,0,0.26791075
4872,0.0,0,0.10396573
669,0.0,1,0.60055995
20278,0.0,0,0.11964566
9828,0.0,0,0.1413602
20041,0.0,0,0.1192176
20491,0.0,0,0.29545876
17876,0.0,0,0.042348552
17213,0.0,0,0.3113432
18803,0.0,0,0.054538462
22358,0.0,0,0.09800254
22448,0.0,0,0.08467455
5414,0.0,0,0.12114121
8812,1.0,0,0.47341633
26282,0.0,0,0.04808811
1440,0.0,0,0.103932194
28458,0.0,0,0.14411856
5634,0.0,0,0.07675186
7003,0.0,1,0.68995667
3843,0.0,0,0.14248008
14762,0.0,0,0.24967682
3184,0.0,0,0.066619664
20738,0.0,1,0.6083187
5466,0.0,0,0.25083894
19687,1.0,1,0.5234907
2616,0.0,0,0.052294575
25437,0.0,0,0.047823746
1061,1.0,0,0.305167
25570,1.0,1,0.7137249
15398,0.0,0,0.07883992
22140,0.0,0,0.09658256
19454,1.0,0,0.26737133
26709,0.0,0,0.09158357
15120,1.0,1,0.65297353
29527,0.0,0,0.13727252
19163,0.0,0,0.052530758
8291,0.0,0,0.049544644
16140,0.0,0,0.04947222
7010,0.0,0,0.15871851
16762,0.0,0,0.11229366
14226,1.0,1,0.6541989
10386,0.0,0,0.13314316
4559,1.0,0,0.33198056
16885,1.0,0,0.14036116
19259,1.0,1,0.66164607
8373,0.0,0,0.043545526
10719,0.0,0,0.18920168
20991,0.0,1,0.6444107
12044,0.0,0,0.30866027
6354,0.0,0,0.2870294
24492,0.0,0,0.04591302
28579,0.0,0,0.035155576
9845,0.0,0,0.08111519
19702,0.0,0,0.04677308
7454,0.0,0,0.22493787
25806,0.0,0,0.17338686
15029,0.0,0,0.044894945
944,1.0,1,0.6837991
9021,0.0,0,0.054174796
27448,0.0,0,0.116671056
6452,0.0,0,0.09506919
4784,0.0,0,0.16288644
14214,0.0,0,0.13119917
7666,0.0,0,0.08795144
17837,1.0,1,0.6652218
27718,0.0,0,0.057887077
23847,0.0,0,0.307604
3349,0.0,1,0.55409724
10168,1.0,0,0.213321
28988,0.0,0,0.20740788
19456,0.0,0,0.056422412
24644,1.0,0,0.1208226
11872,0.0,0,0.106243916
9610,1.0,0,0.41641468
5171,0.0,0,0.28039962
18292,1.0,0,0.32974347
25638,0.0,0,0.033516653
17177,0.0,0,0.048139937
6136,0.0,0,0.062145304
12777,0.0,0,0.04017021
14525,0.0,0,0.038378324
2713,0.0,0,0.2678632
7531,1.0,1,0.7161146
4373,1.0,0,0.07031482
26417,0.0,0,0.09333529
9285,0.0,0,0.116917424
2207,0.0,0,0.122668676
21543,0.0,0,0.10918318
12853,0.0,0,0.050090834
16464,1.0,1,0.633206
22043,0.0,0,0.20697907
27162,0.0,0,0.047365163
22263,1.0,0,0.04698444
4555,1.0,0,0.48338717
11513,0.0,0,0.08192452
1404,0.0,0,0.05371632
2585,0.0,0,0.15682273
26787,0.0,0,0.089394376
23554,0.0,0,0.11503379
22777,1.0,0,0.092736326
19075,0.0,0,0.04197449
870,0.0,0,0.12370456
23023,0.0,0,0.06515714
23852,0.0,0,0.199094
21223,0.0,0,0.15287043
10358,0.0,0,0.053766303
2710,0.0,0,0.15578133
20453,1.0,0,0.07656688
4708,1.0,0,0.2790389
8038,0.0,0,0.06593781
5930,0.0,0,0.10805303
19463,1.0,0,0.11436225
14199,0.0,0,0.09962426
29670,0.0,0,0.13160011
8528,0.0,0,0.0718724
22914,0.0,0,0.11777211
13955,0.0,0,0.22282296
7729,0.0,0,0.04381997
11516,0.0,0,0.04989533
10320,0.0,0,0.04519244
13622,0.0,0,0.0763194
9137,0.0,0,0.12043881
10747,0.0,0,0.18149218
19926,1.0,0,0.31675428
25983,0.0,0,0.3897109
14188,0.0,0,0.08608839
22497,1.0,0,0.11957541
11710,0.0,0,0.09787846
27741,0.0,0,0.10234443
12464,0.0,0,0.116533086
6594,0.0,0,0.10023696
23774,0.0,0,0.1368033
18780,0.0,0,0.08360546
8818,1.0,0,0.15078521
16630,0.0,0,0.16324584
21363,0.0,1,0.7029807
2781,1.0,0,0.17783523
4826,0.0,0,0.13868874
14549,0.0,0,0.09058661
14633,0.0,0,0.1538762
28532,1.0,1,0.7681477
22894,1.0,0,0.03817414
3767,1.0,1,0.74087465
10885,0.0,0,0.06254467
25098,1.0,0,0.21461776
22882,1.0,0,0.104927495
21577,0.0,0,0.11012011
245,0.0,1,0.65037215
9973,1.0,0,0.15727669
1979,0.0,0,0.12716003
11365,0.0,0,0.14123182
15622,0.0,0,0.033386454
24899,0.0,0,0.112425454
4666,0.0,0,0.056598015
25867,0.0,0,0.19818191
20573,1.0,0,0.48990917
14239,0.0,0,0.040756345
4154,0.0,0,0.052132722
25779,0.0,0,0.13985021
3558,0.0,0,0.06743796
213,0.0,0,0.10355267
3806,0.0,1,0.5282772
9490,0.0,0,0.08215116
12217,1.0,1,0.6198778
3147,0.0,0,0.13481677
15775,1.0,1,0.64404374
3781,0.0,0,0.0893136
23388,1.0,0,0.062128317
27641,0.0,0,0.11523516
7247,0.0,0,0.16552992
29247,0.0,0,0.3247577
13961,0.0,1,0.71027845
22662,0.0,0,0.16368891
28202,1.0,0,0.28772518
3748,0.0,0,0.06876851
18124,0.0,0,0.32942092
29767,0.0,0,0.48539892
17800,0.0,0,0.11453153
7785,1.0,0,0.21039714
11345,0.0,0,0.20190604
13120,0.0,0,0.056840528
22257,1.0,0,0.07171246
27706,0.0,0,0.090472445
5183,0.0,0,0.070904136
23113,0.0,0,0.20672782
29490,0.0,0,0.12255658
17134,1.0,1,0.5134265
12840,0.0,0,0.052662306
11814,1.0,1,0.63986266
29900,1.0,0,0.15960029
26408,0.0,0,0.1348931
15891,1.0,0,0.4574675
28915,0.0,0,0.15194601
21109,1.0,0,0.14331073
2675,0.0,0,0.08344891
7751,0.0,0,0.11212215
29449,0.0,0,0.4229051
25180,0.0,0,0.08889934
20784,0.0,0,0.04420159
20000,0.0,0,0.20216565
15226,1.0,1,0.63149166
6609,0.0,0,0.35349002
11962,0.0,0,0.04571139
19867,0.0,0,0.08463099
17558,0.0,0,0.08336575
18486,0.0,1,0.54697746
9529,0.0,0,0.12910937
28474,0.0,0,0.13727982
17258,1.0,0,0.123339824
785,1.0,0,0.18343377
571,0.0,0,0.095119625
22042,0.0,0,0.10996314
19246,0.0,0,0.16993187
3425,0.0,0,0.1300077
21248,0.0,0,0.23473935
15,0.0,0,0.03991209
6939,0.0,0,0.25372687
14264,0.0,0,0.095114596
1050,0.0,0,0.32824707
19809,0.0,0,0.12053335
26320,0.0,0,0.16866925
7168,0.0,0,0.123152785
15259,0.0,0,0.25076643
16088,1.0,0,0.16081457
27529,0.0,0,0.049750574
9003,1.0,0,0.36563906
7858,0.0,0,0.25574303
10623,1.0,0,0.16487725
8664,0.0,0,0.089381374
28352,0.0,1,0.6499483
29378,0.0,0,0.07990208
28490,0.0,0,0.09066518
7163,0.0,0,0.39683405
21148,1.0,0,0.32798028
7682,1.0,0,0.2610732
8147,0.0,0,0.16728413
2953,0.0,0,0.43839195
24376,0.0,0,0.089908965
18708,0.0,0,0.38603508
10664,1.0,1,0.70577437
8908,0.0,0,0.09867853
6725,0.0,0,0.062150132
23305,0.0,0,0.14165917
6604,0.0,0,0.061833706
27532,0.0,0,0.045105398
17223,0.0,0,0.052656155
16074,0.0,0,0.047961976
21738,0.0,0,0.10105647
20732,0.0,0,0.12432748
7255,0.0,0,0.15330777
3367,0.0,0,0.4442737
2495,1.0,0,0.4521843
15785,1.0,1,0.61002886
25141,0.0,0,0.08100668
25730,0.0,0,0.03586127
21723,0.0,0,0.11456912
17740,0.0,0,0.43317056
10020,1.0,0,0.32531527
22940,0.0,0,0.05425829
462,0.0,0,0.13510565
20699,1.0,0,0.09677069
9476,1.0,0,0.26713035
28654,0.0,0,0.035555825
21212,0.0,0,0.05322029
26478,0.0,0,0.14977087
24277,0.0,0,0.09510343
10545,0.0,0,0.068139814
25685,0.0,0,0.039067045
14341,0.0,1,0.659091
534,1.0,1,0.6581615
3531,0.0,0,0.17686068
11035,1.0,1,0.6304437
20571,0.0,0,0.070830695
22029,0.0,0,0.04172407
9239,0.0,0,0.050316762
21010,0.0,0,0.13141616
9210,0.0,0,0.0647535
17824,1.0,0,0.49329734
24454,0.0,0,0.08829335
12526,1.0,0,0.15039794
22586,0.0,0,0.36234793
8959,1.0,0,0.042112127
27946,0.0,0,0.12172839
5167,0.0,0,0.15285148
11839,0.0,0,0.04488685
21381,1.0,1,0.73406893
18746,0.0,0,0.048366502
10743,0.0,0,0.10628629
10296,0.0,0,0.054152086
8187,0.0,0,0.04135417
3834,0.0,0,0.0691807
7548,0.0,0,0.10279505
17043,0.0,0,0.060228374
17601,0.0,0,0.42650858
25525,0.0,0,0.1925676
5344,0.0,0,0.39444226
6573,0.0,0,0.07734917
19884,0.0,0,0.0977437
21312,1.0,0,0.43152633
46,1.0,0,0.15577172
14957,0.0,0,0.11782711
13156,0.0,0,0.07879223
9970,0.0,0,0.04877623
13518,0.0,0,0.066752724
4419,0.0,0,0.10104968
1527,1.0,0,0.09185152
17414,1.0,1,0.70700055
27709,1.0,0,0.1226037
22637,0.0,0,0.049297873
15401,0.0,0,0.3310899
5936,0.0,0,0.124628134
23008,0.0,0,0.10544729
25812,0.0,0,0.08724681
8974,0.0,1,0.5391767
12364,0.0,0,0.065366894
8439,0.0,0,0.06464838
12629,0.0,0,0.4069197
24074,0.0,0,0.11504088
6163,0.0,0,0.13530199
12917,0.0,0,0.057131212
18817,0.0,0,0.037575237
16453,0.0,0,0.06882077
11234,0.0,0,0.37041572
7434,1.0,0,0.116556205
2808,0.0,0,0.2081895
11105,0.0,1,0.68215364
23389,0.0,0,0.031822775
6238,1.0,0,0.06631332
27425,1.0,0,0.18365057
1039,0.0,0,0.10335556
15654,0.0,0,0.17900522
14824,0.0,0,0.07559248
16783,1.0,0,0.48185945
974,0.0,0,0.13719864
28734,0.0,0,0.18975551
26583,1.0,0,0.087445766
25279,1.0,0,0.09088723
14078,0.0,0,0.05898842
4659,0.0,0,0.08252523
13488,0.0,0,0.044191074
1095,0.0,1,0.5106532
21607,0.0,0,0.12860516
22282,0.0,0,0.17698275
5730,0.0,0,0.21265861
5750,0.0,0,0.28009313
13731,1.0,0,0.2727128
26594,0.0,0,0.12842828
29185,1.0,0,0.34789643
17663,0.0,0,0.04513895
24047,0.0,0,0.089011
20093,0.0,0,0.09692072
4898,0.0,0,0.09115371
23302,0.0,1,0.5899786
26491,0.0,0,0.3468759
8890,0.0,0,0.077117436
11849,0.0,0,0.15043704
16673,0.0,0,0.44567809
24415,0.0,0,0.12334247
6560,1.0,0,0.05185358
4944,0.0,0,0.105578795
8148,1.0,0,0.12980591
27279,1.0,0,0.13125892
2104,0.0,0,0.04903912
10677,0.0,0,0.046231244
18883,0.0,0,0.095557414
18309,0.0,0,0.11594935
18366,0.0,0,0.14527197
25721,1.0,0,0.15964057
2,1.0,0,0.37847227
4437,0.0,0,0.33378315
6161,1.0,0,0.2944643
13618,0.0,0,0.14702964
28242,0.0,0,0.40866622
21341,0.0,0,0.41209114
846,0.0,0,0.062716074
646,0.0,0,0.31637955
22199,0.0,0,0.052177534
22528,0.0,0,0.11183146
22781,0.0,0,0.096037135
10880,0.0,0,0.070956394
380,1.0,0,0.116357416
24618,1.0,1,0.6998135
11311,0.0,0,0.14758538
432,1.0,0,0.047017287
27734,0.0,0,0.2858449
17320,1.0,1,0.6923279
362,0.0,0,0.03712902
13186,1.0,0,0.092824765
17017,0.0,0,0.0694111
18331,0.0,0,0.058273517
16623,1.0,1,0.5792022
5676,0.0,0,0.19277519
747,0.0,0,0.12377778
20971,0.0,0,0.14530818
3611,0.0,0,0.045083728
84,0.0,0,0.16747637
10344,0.0,0,0.09588051
9508,0.0,0,0.36682248
18691,0.0,0,0.16804847
3035,0.0,0,0.07390947
4632,0.0,0,0.12688418
16761,0.0,0,0.07417525
28572,0.0,0,0.07136192
12637,0.0,0,0.17793867
14767,1.0,0,0.14421995
20436,0.0,0,0.18943714
1671,0.0,0,0.10988294
7317,1.0,0,0.04919512
3537,0.0,0,0.30346236
14154,0.0,0,0.19617163
12355,0.0,0,0.09889829
28420,1.0,0,0.24992819
2574,0.0,0,0.14989455
6375,0.0,0,0.16179457
7576,0.0,0,0.042728107
6592,0.0,0,0.24152774
26220,0.0,0,0.05968654
9522,0.0,1,0.53362024
67,1.0,1,0.6125403
14880,0.0,0,0.051860116
16193,0.0,0,0.036378905
13916,0.0,0,0.05655485
28627,0.0,0,0.0952115
19932,1.0,0,0.35199523
6396,1.0,0,0.46479225
1049,0.0,0,0.13884453
11976,0.0,0,0.47274882
8861,0.0,0,0.2506074
13794,0.0,0,0.05966039
6515,1.0,0,0.3953828
9201,0.0,0,0.24624735
7563,0.0,0,0.22197595
27673,0.0,0,0.10361105
10143,0.0,1,0.70686233
24097,0.0,0,0.18691915
27642,0.0,0,0.11054065
11723,0.0,0,0.05129928
13980,1.0,0,0.12050883
24193,1.0,1,0.6777198
17759,1.0,0,0.33054876
26790,0.0,0,0.22942655
27371,0.0,0,0.06785952
19344,0.0,0,0.32386082
19758,0.0,1,0.5022551
2092,0.0,1,0.5634015
91,1.0,1,0.7585395
15090,0.0,0,0.06542463
17496,0.0,0,0.13957149
21813,0.0,0,0.27527028
1025,0.0,0,0.09938549
2594,0.0,0,0.12352306
1385,0.0,0,0.1314748
5532,0.0,0,0.13532147
5969,0.0,0,0.078028664
18192,0.0,0,0.112248175
23506,1.0,1,0.64604384
5012,1.0,0,0.05431923
8633,0.0,1,0.5726838
2171,0.0,0,0.054260693
310,0.0,0,0.10116449
10165,1.0,0,0.10282997
15143,0.0,0,0.12250083
22881,0.0,1,0.6833337
14355,1.0,0,0.44409308
21601,1.0,0,0.20290972
7939,0.0,0,0.065351516
27190,1.0,0,0.23656417
17062,0.0,0,0.3499296
25996,1.0,0,0.41770253
29515,0.0,0,0.1352074
13363,0.0,0,0.10668073
17121,0.0,0,0.24134459
17589,0.0,0,0.14551763
4915,0.0,0,0.31012398
6342,0.0,0,0.27682477
11645,0.0,0,0.11798654
24478,0.0,0,0.053808488
15144,0.0,0,0.058318503
27949,0.0,0,0.039273303
20011,1.0,0,0.3682755
8150,0.0,0,0.043195568
3299,1.0,0,0.47288066
4720,0.0,1,0.56572443
11659,1.0,1,0.5203437
11167,0.0,1,0.6388011
18975,0.0,0,0.034763623
8584,0.0,0,0.36876705
8948,1.0,0,0.16529071
22435,0.0,0,0.08678267
29135,0.0,0,0.13480978
9874,0.0,0,0.08900481
6130,1.0,0,0.39142707
10491,0.0,0,0.35426337
20502,0.0,0,0.072239354
22373,0.0,0,0.03949759
27303,0.0,0,0.072796695
18212,0.0,0,0.061931532
4338,0.0,0,0.05713979
27343,0.0,0,0.04025391
9000,0.0,0,0.21893069
12595,0.0,0,0.12079882
7095,1.0,0,0.1560775
9013,0.0,1,0.71790814
21751,0.0,0,0.12612462
15977,1.0,0,0.34675866
25915,0.0,0,0.17726366
674,1.0,1,0.6913667
5517,0.0,0,0.23503435
23452,0.0,0,0.30272382
29085,1.0,0,0.17102538
25593,0.0,0,0.03691049
4511,0.0,0,0.21377169
8207,0.0,0,0.12653217
11077,0.0,0,0.03717818
8056,1.0,0,0.14873116
13026,0.0,0,0.06387582
799,0.0,1,0.721179
18269,0.0,0,0.10658023
388,1.0,1,0.5593718
17647,0.0,0,0.048370827
21,0.0,0,0.054569326
22003,0.0,0,0.074504204
15426,0.0,0,0.065573886
18306,0.0,0,0.11925312
15684,0.0,1,0.5048346
18270,0.0,0,0.056306336
22071,0.0,0,0.07560818
12247,0.0,0,0.117306046
17193,0.0,0,0.04992274
239,1.0,0,0.058457363
27935,0.0,0,0.059691608
1169,0.0,0,0.12183657
23403,0.0,0,0.1009571
8067,0.0,0,0.049352948
28575,0.0,0,0.106925115
13139,0.0,0,0.055772204
25076,0.0,0,0.049546488
20060,0.0,0,0.077114895
28358,0.0,0,0.15971568
25108,0.0,0,0.11971839
10576,1.0,1,0.70418036
28407,0.0,0,0.2695876
10837,0.0,0,0.11274424
8684,0.0,0,0.043695163
20329,0.0,0,0.24110518
21059,0.0,0,0.18971154
2053,0.0,0,0.13997036
227,0.0,0,0.11851353
21440,1.0,0,0.11498529
14600,0.0,0,0.14342637
14970,1.0,0,0.106733136
29632,0.0,0,0.12726079
6811,0.0,0,0.13568248
14052,0.0,0,0.10707366
27357,0.0,0,0.1184731
12488,0.0,0,0.16908261
21722,0.0,0,0.08385602
8809,1.0,1,0.59191865
12403,1.0,0,0.054664068
23872,0.0,0,0.15218984
4187,0.0,0,0.04636612
29310,1.0,1,0.5503561
8165,0.0,0,0.13277714
16583,1.0,0,0.14808287
5914,0.0,0,0.05246797
15973,1.0,1,0.61575526
2747,1.0,1,0.5730795
2271,0.0,0,0.0975545
9045,0.0,0,0.04582937
5288,0.0,0,0.037181217
23070,0.0,0,0.4355395
1226,1.0,0,0.1953349
17665,0.0,0,0.056678522
14836,0.0,0,0.06767217
3049,0.0,0,0.05013112
8668,1.0,0,0.17431071
6013,1.0,0,0.114601165
66,1.0,1,0.50265616
19484,0.0,0,0.055546284
2525,0.0,0,0.14604813
11520,1.0,0,0.124092124
19596,1.0,1,0.5296551
21840,0.0,0,0.079467684
3436,0.0,0,0.29445964
25899,0.0,0,0.07023383
5361,0.0,0,0.12751521
9811,0.0,0,0.23837782
25646,1.0,1,0.6479694
29254,0.0,0,0.14929363
25396,0.0,0,0.1033892
8958,0.0,0,0.08253838
14741,0.0,0,0.29981917
19254,0.0,0,0.09601307
8933,1.0,0,0.45620802
21963,0.0,0,0.05987307
6176,0.0,1,0.6517099
24658,0.0,0,0.097316846
11712,0.0,0,0.07314581
13306,1.0,0,0.12320462
20593,0.0,0,0.13302973
3755,0.0,0,0.046805903
7618,1.0,0,0.2875929
23687,0.0,0,0.03283997
13034,0.0,0,0.082475185
4902,0.0,0,0.29826343
2553,1.0,0,0.14341836
9857,1.0,0,0.20196585
19782,0.0,0,0.15701841
24146,0.0,0,0.080378294
25039,0.0,0,0.049524087
6060,0.0,0,0.11980418
12276,0.0,0,0.106147684
24148,1.0,0,0.32477126
3912,0.0,0,0.26544046
27514,0.0,0,0.14744148
19286,1.0,0,0.06853422
20716,0.0,0,0.06542323
23514,0.0,0,0.12165358
16786,1.0,1,0.6179802
24894,0.0,0,0.05642517
7071,1.0,1,0.70198673
29171,1.0,0,0.4600777
7025,0.0,0,0.04862676
14471,1.0,1,0.5457867
11708,0.0,0,0.38330102
16072,0.0,0,0.11108355
26775,0.0,1,0.6136313
15989,1.0,0,0.07134103
613,0.0,0,0.12890036
2539,0.0,0,0.16600916
6262,0.0,0,0.046256877
26504,0.0,0,0.16546842
7299,0.0,0,0.07361955
15614,0.0,0,0.1656081
27626,0.0,0,0.12327504
29086,0.0,0,0.26204097
18919,1.0,1,0.6850109
27024,0.0,0,0.11840269
23510,0.0,1,0.73050284
20718,0.0,0,0.096417785
2214,0.0,0,0.053049367
19714,0.0,0,0.10590059
26222,0.0,0,0.12902421
16857,0.0,1,0.6353049
10876,1.0,0,0.1279956
17402,0.0,0,0.102172874
3658,0.0,0,0.06275555
6288,0.0,0,0.04181343
12199,0.0,0,0.06340143
13190,0.0,0,0.06480562
27344,0.0,0,0.11423594
25873,0.0,0,0.06918656
12255,0.0,0,0.27619597
26395,0.0,1,0.5593296
27944,0.0,0,0.13780558
5707,0.0,0,0.036639974
28254,0.0,0,0.1546295
6654,1.0,0,0.08390136
21553,0.0,0,0.16656612
15718,0.0,0,0.071675226
7354,0.0,0,0.103116825
20706,0.0,0,0.10420836
19027,1.0,0,0.10134999
9359,0.0,0,0.047260318
18884,0.0,0,0.26257712
21151,0.0,0,0.0775017
211,0.0,0,0.045435563
2248,1.0,1,0.5138182
23304,0.0,0,0.1079959
2086,0.0,0,0.26601735
19541,0.0,0,0.04497293
16393,0.0,0,0.08470435
22033,0.0,0,0.08600514
10137,0.0,0,0.11497993
11028,0.0,0,0.070311405
12961,0.0,0,0.11988817
1389,0.0,0,0.060903355
28368,0.0,0,0.09418152
24687,0.0,0,0.07096625
805,0.0,0,0.13100007
10593,0.0,0,0.18792106
27134,0.0,0,0.0720452
10755,0.0,0,0.09521151
6738,0.0,0,0.25468588
8179,1.0,1,0.6651574
3251,0.0,0,0.047355708
21042,0.0,0,0.10159296
16581,0.0,0,0.043933492
18018,0.0,0,0.09628641
4832,1.0,0,0.0531545
14533,0.0,0,0.0947962
26467,1.0,0,0.04437041
23108,0.0,0,0.045897335
19937,0.0,0,0.38240868
2656,1.0,0,0.2600806
17949,0.0,0,0.11183712
2082,0.0,0,0.101451136
23252,0.0,0,0.117720604
14189,0.0,0,0.12311228
3552,0.0,0,0.04804037
20394,0.0,0,0.18591906
26378,0.0,0,0.0381129
18390,0.0,0,0.040343624
11631,0.0,0,0.053603582
10973,0.0,0,0.12159547
26488,0.0,0,0.1892832
6315,0.0,0,0.073049255
3060,0.0,0,0.08321935
11287,0.0,0,0.17685722
12916,0.0,0,0.08327724
27599,0.0,0,0.18140551
1484,0.0,0,0.07595738
13878,0.0,0,0.16435353
9597,0.0,0,0.49149093
17169,0.0,0,0.105706625
9883,0.0,0,0.22803523
2268,0.0,0,0.12068081
7983,0.0,1,0.6429327
18246,0.0,0,0.14459589
7918,0.0,0,0.107977316
5254,0.0,0,0.15848407
4276,1.0,0,0.39223158
15423,0.0,0,0.04144374
23603,1.0,0,0.33114532
3584,1.0,1,0.64104486
26249,0.0,0,0.10713658
27612,0.0,0,0.12686788
3424,1.0,0,0.1460724
18093,1.0,0,0.3672267
11330,0.0,0,0.28940782
789,0.0,0,0.118492775
619,0.0,0,0.09558507
27632,1.0,1,0.51349074
26549,0.0,0,0.17697626
27987,0.0,0,0.04155727
3031,0.0,0,0.083317555
17244,0.0,0,0.067998506
3672,0.0,0,0.10100918
27021,1.0,0,0.2713157
10722,0.0,0,0.111849576
506,0.0,0,0.14324284
5717,0.0,0,0.03499659
18580,0.0,0,0.4873941
25491,0.0,0,0.3922117
14194,0.0,0,0.10683479
27994,0.0,0,0.2592472
14139,0.0,0,0.115095824
28188,1.0,0,0.14422373
16381,1.0,1,0.56048834
25568,0.0,0,0.042841166
25245,0.0,0,0.097787894
22905,0.0,0,0.31631267
27121,0.0,0,0.056527734
4528,1.0,1,0.5765286
27499,1.0,0,0.34012264
16144,0.0,0,0.042062405
14008,1.0,0,0.17224891
27098,0.0,0,0.099836096
17473,0.0,0,0.09250744
6272,1.0,1,0.7312471
20183,0.0,0,0.05901118
15931,0.0,0,0.118038885
9187,0.0,0,0.19965869
7132,0.0,0,0.043390453
3590,1.0,1,0.6701152
825,1.0,0,0.113397695
9451,0.0,0,0.043776352
508,0.0,0,0.19810799
28185,0.0,0,0.056873936
17523,0.0,0,0.07048381
17708,0.0,0,0.37428784
8023,0.0,0,0.14529267
17185,0.0,0,0.041512303
18085,0.0,0,0.2735468
3585,0.0,0,0.06971675
20076,0.0,0,0.039655693
6443,0.0,0,0.10985025
2767,0.0,0,0.047302287
28205,1.0,0,0.18583195
2367,0.0,0,0.039984986
9111,1.0,1,0.7360062
2645,1.0,0,0.31791884
21575,0.0,0,0.070117526
865,0.0,0,0.044844065
2734,0.0,0,0.19860855
19488,0.0,0,0.25284258
28279,0.0,0,0.12263638
14278,0.0,0,0.48604378
13727,0.0,0,0.058335386
13705,0.0,0,0.040253926
525,0.0,0,0.035880316
16019,0.0,0,0.03804995
1957,1.0,1,0.7516733
1108,0.0,0,0.16173032
4357,0.0,0,0.052724976
10323,0.0,0,0.39926082
24178,0.0,0,0.14391023
15388,0.0,0,0.094170965
20381,1.0,0,0.13013305
1355,0.0,0,0.13421278
3627,0.0,0,0.15390165
10773,0.0,0,0.33313486
4352,1.0,0,0.3242763
1566,0.0,0,0.12078621
18460,0.0,0,0.33614582
6712,0.0,0,0.1279933
12168,0.0,0,0.13530836
6564,0.0,0,0.085536726
13351,0.0,0,0.053844143
13650,0.0,0,0.04694231
11524,0.0,0,0.12098991
24756,0.0,0,0.08061118
5460,0.0,0,0.05049369
28065,0.0,0,0.13286074
1096,0.0,0,0.059671737
12974,0.0,0,0.10192652
23818,1.0,0,0.073989175
6695,0.0,0,0.1429232
22553,0.0,0,0.0909939
1826,0.0,0,0.05386968
1567,0.0,0,0.044569198
17241,0.0,0,0.4037917
11878,0.0,0,0.05015515
18096,0.0,0,0.042989124
307,0.0,0,0.07237024
22058,0.0,0,0.03793831
12282,1.0,1,0.53270835
12735,1.0,0,0.29938203
16407,1.0,0,0.13333124
8284,0.0,0,0.122249
19800,0.0,0,0.1579925
5595,0.0,0,0.2875617
8856,1.0,0,0.083381854
26251,0.0,0,0.049039755
23052,0.0,0,0.21295889
24430,1.0,0,0.098033376
8171,0.0,0,0.13395707
19735,0.0,0,0.12087486
4808,0.0,0,0.08822511
29653,0.0,0,0.046030782
25795,0.0,0,0.104650006
10583,0.0,0,0.08625884
18490,1.0,0,0.28346997
7359,0.0,0,0.05549226
19575,0.0,0,0.04890932
21696,0.0,0,0.052610584
7512,0.0,0,0.13186619
8570,0.0,0,0.049936436
28322,1.0,0,0.12957378
6329,0.0,0,0.04844099
11370,0.0,0,0.17067945
21445,0.0,0,0.05960844
3069,0.0,0,0.057944994
2821,0.0,0,0.42136246
5680,0.0,0,0.21630765
2080,0.0,1,0.7479659
19505,0.0,0,0.17994402
20749,0.0,0,0.049073722
23880,0.0,0,0.116978765
27231,1.0,1,0.5993665
23539,0.0,0,0.049071297
21827,0.0,0,0.040003598
656,1.0,0,0.09069526
17599,1.0,0,0.3284237
12083,0.0,0,0.107759856
20339,0.0,1,0.71940815
22515,0.0,0,0.10710709
26548,0.0,0,0.1255317
25855,0.0,0,0.10312794
9343,0.0,0,0.101427935
23705,1.0,1,0.7216664
14160,1.0,0,0.07022152
29913,0.0,0,0.10531126
11369,1.0,0,0.1731768
22253,0.0,0,0.059574474
14856,0.0,0,0.11837116
2698,0.0,0,0.110759065
24587,0.0,0,0.1346039
8118,1.0,0,0.3025678
25572,0.0,0,0.040178318
17673,0.0,0,0.038566157
8731,0.0,0,0.3178558
29581,0.0,0,0.054686423
13862,1.0,0,0.060186405
14726,0.0,0,0.10007463
5593,0.0,1,0.73114824
18510,0.0,0,0.16308694
16883,0.0,0,0.14653936
5450,0.0,0,0.0727668
2035,0.0,0,0.1562848
17380,0.0,0,0.48160172
13665,0.0,0,0.19085138
12039,0.0,0,0.04211694
14419,0.0,1,0.64610016
14718,0.0,0,0.48512977
13954,0.0,0,0.048088662
21589,0.0,0,0.11895332
7033,0.0,0,0.14341684
18867,0.0,0,0.06478623
14055,0.0,0,0.1327346
1603,0.0,0,0.07867832
6873,0.0,0,0.09286039
3931,0.0,0,0.19902895
8172,1.0,0,0.2615627
22827,0.0,0,0.1365323
29061,0.0,0,0.058356475
14863,0.0,0,0.077075966
28970,0.0,0,0.09128558
26873,0.0,0,0.0677481
26596,0.0,0,0.17217484
11170,0.0,0,0.057752278
23396,0.0,0,0.13109764
9858,1.0,1,0.6925141
22739,0.0,0,0.04431222
22320,0.0,0,0.1401431
7660,0.0,0,0.4062526
11163,0.0,0,0.0682177
10186,1.0,0,0.053533785
7567,0.0,0,0.29720008
6499,0.0,0,0.14072977
3125,0.0,0,0.085221
23644,0.0,0,0.094250076
9113,0.0,0,0.21303168
28237,0.0,0,0.04677576
3032,0.0,0,0.33103475
2778,0.0,0,0.04485444
29124,0.0,0,0.10414893
13493,0.0,0,0.11444984
4260,1.0,0,0.37326834
4896,0.0,0,0.069375455
23708,0.0,0,0.122281745
826,0.0,0,0.19969535
6960,0.0,0,0.067792535
189,0.0,0,0.13553469
9143,1.0,1,0.6999334
3137,0.0,0,0.11042823
5065,1.0,1,0.6261778
26668,0.0,0,0.15521471
4890,0.0,0,0.08681852
4864,1.0,0,0.11303588
18672,0.0,0,0.21680138
17754,0.0,0,0.040982738
16255,1.0,0,0.41742185
22550,0.0,0,0.27247545
25931,0.0,0,0.1215543
23974,0.0,0,0.11211602
26058,1.0,0,0.422422
6895,1.0,1,0.78690714
28761,0.0,0,0.06439659
24369,0.0,0,0.14820774
15956,0.0,0,0.048662353
13435,0.0,0,0.11080787
17976,0.0,0,0.10171176
7974,0.0,0,0.4559959
3259,0.0,0,0.04278767
4194,0.0,1,0.6984481
16446,0.0,0,0.06479576
20721,0.0,0,0.047925346
25532,0.0,0,0.17320168
16847,0.0,0,0.07951081
21393,1.0,1,0.7712134
3673,1.0,0,0.17392428
781,0.0,1,0.5286291
2474,0.0,0,0.095269345
5409,0.0,0,0.07779505
14467,0.0,0,0.053640947
4624,0.0,0,0.14931376
15455,1.0,1,0.56691426
17094,0.0,0,0.16074282
2967,0.0,0,0.114929944
7258,1.0,0,0.113536686
17143,1.0,1,0.66247433
12322,0.0,0,0.36821353
5955,0.0,0,0.061283745
21052,0.0,0,0.14502564
28520,0.0,0,0.107116826
7892,0.0,0,0.10239149
436,1.0,1,0.5736774
8490,0.0,0,0.15563752
7123,1.0,0,0.41208133
18301,0.0,0,0.10960647
28039,1.0,0,0.10069042
13531,0.0,0,0.19290613
17620,1.0,1,0.68875074
13750,0.0,0,0.21123964
15304,1.0,0,0.061921146
15558,0.0,0,0.042419534
13424,1.0,0,0.30206692
21244,0.0,0,0.075293675
25095,0.0,0,0.06233465
22657,1.0,1,0.659932
25852,1.0,0,0.48910838
24734,0.0,0,0.16604054
18512,1.0,0,0.088759296
24621,0.0,0,0.15809116
17005,0.0,1,0.66879493
24941,0.0,0,0.45604596
29261,0.0,0,0.1503967
10831,1.0,0,0.36584565
20465,1.0,1,0.6437831
13251,0.0,0,0.2185879
20632,0.0,0,0.06080057
3332,0.0,0,0.16943009
10888,0.0,0,0.09801033
26568,0.0,0,0.14085451
19744,0.0,0,0.040714037
29319,0.0,0,0.14130211
6047,0.0,0,0.033281136
12319,1.0,1,0.6622422
11402,0.0,0,0.049248274
12297,1.0,0,0.04867063
3304,0.0,0,0.04497103
28938,0.0,0,0.08185918
7024,0.0,0,0.1100654
5478,0.0,0,0.08028381
18679,0.0,0,0.16751839
20576,0.0,0,0.042154226
23165,1.0,0,0.16295041
2937,0.0,0,0.1679764
27916,1.0,1,0.7311199
20025,0.0,0,0.10380073
18042,0.0,0,0.42941612
28669,0.0,0,0.067756474
15305,0.0,0,0.14526656
7005,0.0,0,0.2492515
18774,1.0,1,0.6008861
5922,0.0,0,0.1337473
24989,1.0,1,0.5988988
8442,0.0,0,0.14763868
27278,0.0,1,0.58819693
26473,1.0,0,0.08456917
1092,0.0,0,0.061822098
25706,0.0,0,0.0339297
488,0.0,0,0.04891205
14416,0.0,0,0.051812075
26345,0.0,0,0.1405575
6038,0.0,0,0.079045385
4997,0.0,0,0.07467206
19225,0.0,0,0.03991474
20391,0.0,0,0.12924676
21936,0.0,0,0.12032723
4763,1.0,0,0.3421324
4863,1.0,1,0.6704456
4241,0.0,0,0.10763088
8227,0.0,0,0.47307613
23244,0.0,0,0.066870935
11101,0.0,0,0.08168596
1426,0.0,0,0.10073555
27628,1.0,1,0.5858406
16132,0.0,0,0.3022794
15168,0.0,0,0.109995306
15403,0.0,0,0.13271248
5765,0.0,0,0.11912918
25514,0.0,0,0.08585725
23260,0.0,0,0.15796804
2909,1.0,0,0.4270485
10531,0.0,0,0.18335417
29081,1.0,0,0.3065994
9854,0.0,0,0.135786
6014,0.0,0,0.12262383
22,1.0,0,0.18701477
13873,0.0,0,0.29319468
20427,0.0,0,0.14797162
4591,1.0,0,0.30560675
8034,0.0,0,0.13196029
11956,0.0,0,0.0471464
13824,0.0,0,0.17695573
25061,0.0,0,0.081310496
1535,0.0,0,0.123796746
28781,0.0,0,0.05783986
10835,0.0,0,0.18712513
2509,0.0,0,0.10538657
13725,0.0,0,0.12941779
7266,1.0,0,0.16565809
29160,0.0,0,0.058777083
19972,0.0,0,0.086064704
6245,0.0,0,0.07983062
27761,0.0,0,0.11371668
10390,1.0,1,0.7121997
19287,0.0,0,0.05952823
29277,0.0,0,0.11670317
16056,0.0,0,0.052695613
22291,1.0,1,0.5890939
16955,0.0,0,0.13425736
29438,0.0,0,0.12047748
12025,1.0,0,0.4245825
6762,0.0,0,0.31706086
10324,0.0,0,0.49489063
28566,0.0,0,0.117334925
8478,0.0,0,0.037104283
28817,0.0,0,0.10643087
3070,0.0,0,0.42040893
7162,1.0,0,0.104930095
29455,1.0,0,0.23513277
7402,0.0,0,0.1407378
15225,0.0,0,0.0911895
5644,0.0,0,0.18593365
165,0.0,0,0.10393257
17894,0.0,0,0.04887719
15788,0.0,0,0.14284222
13870,0.0,0,0.10586719
10058,0.0,0,0.15648912
10611,0.0,0,0.2641836
11760,0.0,0,0.06562543
18031,0.0,0,0.1058818
4893,0.0,0,0.115071915
5293,0.0,0,0.16248137
9038,0.0,0,0.41206688
28868,0.0,0,0.037132487
4104,0.0,0,0.078368515
18256,0.0,0,0.14722237
7170,1.0,0,0.25200438
4958,1.0,0,0.27936316
110,0.0,0,0.28341925
2946,0.0,0,0.15234424
21346,0.0,0,0.06824249
29919,0.0,0,0.057323795
16343,0.0,0,0.044268932
24588,0.0,0,0.039463427
23435,0.0,0,0.070703484
5002,1.0,0,0.046785142
24134,0.0,0,0.06394348
2241,0.0,0,0.062336553
16665,0.0,0,0.048338495
25361,0.0,0,0.12148293
28644,0.0,0,0.075779594
14434,0.0,0,0.10007684
6212,0.0,0,0.12366426
18840,0.0,0,0.08540871
3595,1.0,0,0.113188416
21895,0.0,0,0.39527038
10256,0.0,0,0.16615012
6991,0.0,1,0.5568001
28113,0.0,0,0.04295694
6120,1.0,1,0.60057527
21673,1.0,0,0.2689102
13204,0.0,0,0.039885458
7655,0.0,0,0.117288284
23737,1.0,0,0.18244
17879,0.0,0,0.33403224
27429,1.0,0,0.14794274
23696,0.0,0,0.04754637
10796,0.0,0,0.067409895
6383,0.0,0,0.4457133
3351,1.0,1,0.71483374
93,0.0,0,0.15201966
5350,1.0,1,0.58610475
26518,1.0,0,0.17608479
8219,0.0,0,0.12877797
27233,0.0,0,0.15531157
24718,0.0,0,0.47393352
22009,0.0,0,0.04050288
3966,0.0,0,0.04843731
26912,0.0,0,0.07000595
22628,1.0,0,0.24731949
2857,0.0,0,0.14518373
22780,0.0,0,0.06655538
29174,0.0,0,0.13258487
6868,0.0,0,0.12206957
7327,0.0,0,0.10000133
28529,0.0,0,0.08740837
26221,0.0,0,0.1498536
23432,1.0,0,0.1640964
27270,0.0,0,0.07773842
5988,1.0,0,0.26520514
6178,1.0,0,0.12929474
18087,1.0,0,0.13460791
4933,0.0,0,0.15871868
28904,0.0,0,0.044682924
20179,0.0,0,0.14267655
206,0.0,0,0.17895655
4706,0.0,0,0.24249819
20383,0.0,0,0.20833154
23237,0.0,0,0.3276805
9767,0.0,0,0.16213058
24595,1.0,0,0.32405335
8021,1.0,0,0.15821558
280,0.0,0,0.044194303
3132,0.0,0,0.057702594
25993,0.0,0,0.14689043
14945,0.0,0,0.07949761
10024,0.0,1,0.547986
28502,0.0,1,0.5382066
21707,0.0,0,0.066472314
8963,0.0,0,0.078398265
19251,1.0,0,0.09425701
11398,1.0,0,0.15075102
8727,0.0,0,0.17099218
1444,0.0,0,0.07963964
6077,1.0,1,0.547102
27651,0.0,1,0.6082824
28409,0.0,0,0.035078216
8987,0.0,0,0.06823686
15160,0.0,1,0.61120015
8481,0.0,0,0.07057241
5285,1.0,1,0.7131505
12009,0.0,0,0.11550097
12360,0.0,0,0.11032848
27555,1.0,0,0.36878178
6428,0.0,0,0.094501734
10919,0.0,0,0.043012388
11563,0.0,0,0.058354747
5814,0.0,0,0.13030072
25735,0.0,0,0.066651836
18825,0.0,0,0.06132227
18264,1.0,0,0.107691355
23000,0.0,0,0.053086586
119,0.0,0,0.061519083
13944,1.0,0,0.35329726
21178,0.0,0,0.04833113
13906,0.0,0,0.06440046
3342,0.0,0,0.08059591
22748,0.0,0,0.10696717
8720,0.0,0,0.07231781
8560,0.0,0,0.081137106
23342,1.0,0,0.2929871
4049,1.0,1,0.58186924
14445,0.0,0,0.06783715
5873,0.0,0,0.07253723
16437,0.0,0,0.2850315
3502,0.0,0,0.0395697
24575,0.0,0,0.07962004
2081,0.0,0,0.094938785
3633,0.0,0,0.10110167
4014,1.0,1,0.6298511
4820,0.0,0,0.09700468
24556,0.0,0,0.08841322
12770,0.0,0,0.07568725
7314,1.0,0,0.15326566
7922,1.0,0,0.17878897
9230,0.0,0,0.07008994
23908,1.0,0,0.15024976
2479,0.0,0,0.31551978
2418,1.0,1,0.5355427
4410,0.0,0,0.20834823
4327,0.0,0,0.109827146
2188,1.0,1,0.673371
15076,0.0,0,0.053649608
28634,1.0,1,0.65682966
9682,0.0,0,0.036439832
2794,0.0,0,0.06503452
17504,0.0,0,0.03827929
22177,1.0,0,0.22768842
338,0.0,0,0.18056858
7417,0.0,0,0.47967663
11379,0.0,0,0.062719405
10265,0.0,1,0.5336096
1395,0.0,0,0.11001992
14075,1.0,1,0.64985645
13853,0.0,0,0.055426672
13834,0.0,0,0.114236735
9002,0.0,0,0.061825305
25901,0.0,0,0.04426857
28484,0.0,0,0.15849483
5767,0.0,0,0.09079469
1140,0.0,0,0.041113995
17584,1.0,0,0.058898415
14996,0.0,0,0.21592827
28004,0.0,0,0.08074736
25223,0.0,0,0.14465019
29705,0.0,0,0.12920566
25789,0.0,0,0.11859594
24926,0.0,0,0.17827195
13999,0.0,0,0.052929364
5261,1.0,1,0.57808733
9033,0.0,0,0.1387199
13592,0.0,0,0.061703328
9480,1.0,0,0.2590055
29727,1.0,1,0.7232087
23116,0.0,0,0.10834557
11895,0.0,0,0.12670575
12436,1.0,0,0.0665659
10247,0.0,0,0.06589015
26552,1.0,0,0.10320653
28554,0.0,0,0.18138848
20559,0.0,0,0.11590913
22089,0.0,0,0.16283567
21635,1.0,0,0.4392822
3340,1.0,0,0.05850442
17901,0.0,0,0.49948484
8228,1.0,0,0.12259597
21913,0.0,0,0.15029226
7305,0.0,0,0.047712967
19203,0.0,0,0.043281537
19416,1.0,0,0.14431296
18579,0.0,0,0.051851865
25705,1.0,0,0.29221442
18910,0.0,0,0.14216106
1469,0.0,0,0.13363197
5099,0.0,0,0.06600791
4676,0.0,0,0.10765802
22307,1.0,0,0.4019483
19996,0.0,0,0.12596776
22689,1.0,1,0.74993646
7838,0.0,0,0.043614756
7104,0.0,0,0.041966345
19136,0.0,0,0.15423065
11761,0.0,0,0.28421444
24155,1.0,1,0.6160981
26817,0.0,0,0.09317907
10002,0.0,0,0.19212468
18214,1.0,0,0.12397133
11621,0.0,0,0.10977905
25006,0.0,0,0.33724216
11935,0.0,0,0.19307004
7011,0.0,0,0.080760665
15283,0.0,0,0.04510514
29842,0.0,0,0.050669182
28414,0.0,0,0.10533516
11630,0.0,0,0.13495381
29521,1.0,0,0.17328751
27461,0.0,0,0.1665439
10484,0.0,0,0.08125427
28174,1.0,0,0.16347113
28750,0.0,0,0.16400906
7916,0.0,0,0.050425258
22691,0.0,1,0.5719545
5589,0.0,0,0.10915881
15105,0.0,0,0.16620044
18543,0.0,0,0.07880476
26440,0.0,0,0.19580534
22369,0.0,0,0.07878469
3513,1.0,1,0.7075672
19047,0.0,0,0.03527094
27540,1.0,0,0.12020342
21703,0.0,0,0.2991122
16263,0.0,0,0.060576286
22544,1.0,0,0.30921894
28921,1.0,0,0.26663393
10724,0.0,0,0.039986834
11958,0.0,0,0.064393066
20614,0.0,0,0.13407461
5315,0.0,0,0.10720858
22482,0.0,0,0.13714619
16220,1.0,0,0.19425572
12055,1.0,0,0.26684526
5694,0.0,0,0.10360597
2683,0.0,0,0.1576233
1690,1.0,0,0.4830375
20448,0.0,0,0.13535537
27982,0.0,0,0.09220956
27191,0.0,0,0.4404082
8951,0.0,0,0.050894454
20625,0.0,0,0.16475773
14337,0.0,0,0.037830796
19922,0.0,0,0.105727546
7517,0.0,0,0.32194206
16907,0.0,0,0.08802515
16613,1.0,1,0.6032425
600,1.0,0,0.11986005
13132,0.0,0,0.115157686
10834,1.0,0,0.21207474
28219,0.0,0,0.16151549
15250,0.0,0,0.05171682
4142,0.0,1,0.60213214
278,0.0,0,0.18169206
9934,1.0,0,0.07292425
21649,0.0,0,0.16494413
16051,0.0,0,0.08005706
1284,0.0,0,0.12110266
22092,0.0,0,0.056884594
1217,0.0,0,0.054597203
24033,1.0,1,0.62017906
29093,0.0,0,0.1612584
9246,0.0,0,0.09833235
2077,0.0,0,0.21278071
11197,0.0,0,0.11802661
19506,0.0,0,0.052447688
10533,0.0,0,0.09676962
4399,0.0,0,0.045265455
29104,0.0,0,0.08171057
28078,0.0,0,0.1354683
28631,0.0,0,0.046094794
20636,0.0,0,0.16913079
14927,0.0,0,0.05629638
7377,0.0,0,0.47012818
17684,0.0,0,0.09916151
27923,1.0,1,0.6556957
18116,0.0,0,0.04452253
16534,0.0,0,0.0721732
761,1.0,0,0.47466293
1277,0.0,0,0.13852815
25155,1.0,1,0.5502029
18613,0.0,0,0.033682283
12926,0.0,0,0.15160151
17276,0.0,0,0.08812442
28268,0.0,0,0.05336099
29060,0.0,0,0.10766714
18296,1.0,0,0.16343476
9092,0.0,0,0.053811394
9716,0.0,0,0.43916306
527,0.0,1,0.5230011
8857,1.0,1,0.7329989
13574,0.0,0,0.058004186
971,1.0,0,0.041800734
6356,0.0,0,0.22966146
17173,0.0,0,0.061194237
11509,0.0,0,0.069598936
10519,0.0,0,0.0693858
15408,0.0,0,0.03675858
16661,0.0,0,0.11582912
12661,0.0,0,0.31796104
541,0.0,0,0.16498443
2855,1.0,1,0.6563214
20482,0.0,0,0.3099686
2670,1.0,0,0.20357686
475,0.0,0,0.13221867
24685,1.0,0,0.30994463
5143,0.0,0,0.118529476
6264,0.0,0,0.12829837
4290,0.0,0,0.085713096
15682,1.0,0,0.4833005
25257,0.0,0,0.278368
1193,1.0,0,0.090162516
8729,0.0,0,0.08527991
27025,0.0,0,0.3431955
23895,0.0,0,0.14999059
14622,0.0,0,0.048623804
26011,0.0,0,0.064145446
24668,0.0,0,0.13659649
18574,1.0,0,0.0739096
1190,0.0,0,0.04978239
15161,1.0,0,0.35311696
15667,0.0,0,0.42952916
8804,0.0,0,0.35459188
16104,0.0,1,0.7067555
23338,0.0,0,0.10109941
8350,0.0,0,0.44582132
3010,1.0,1,0.6005535
6498,0.0,0,0.39849928
20108,0.0,0,0.078420505
8569,0.0,0,0.08155047
2423,0.0,0,0.15738645
5297,0.0,0,0.118894175
35,0.0,0,0.059799775
6218,0.0,0,0.34035563
26909,0.0,0,0.11549868
6174,0.0,0,0.31641692
13969,1.0,0,0.30113512
24541,0.0,0,0.053895064
29430,0.0,0,0.1295041
11807,0.0,0,0.049806003
11314,0.0,0,0.16808778
27172,0.0,0,0.072815046
22820,0.0,0,0.03256039
11315,1.0,0,0.39618927
28097,1.0,1,0.6296195
28650,0.0,0,0.09513155
3263,0.0,0,0.12535007
25183,1.0,0,0.3066234
155,0.0,0,0.11658194
18297,1.0,0,0.39166173
27222,1.0,1,0.64917547
28800,0.0,0,0.12800121
26319,1.0,0,0.21721669
9133,0.0,0,0.07070593
8771,0.0,0,0.2611462
11212,1.0,0,0.47081643
29600,0.0,0,0.10572194
20864,0.0,0,0.12089031
21044,0.0,0,0.12898767
3745,0.0,0,0.056813426
28973,0.0,0,0.14308712
25520,0.0,0,0.15030926
3824,0.0,0,0.09084265
839,0.0,0,0.050758295
12164,0.0,1,0.72111326
27794,0.0,0,0.34781852
15052,0.0,0,0.04472524
842,0.0,0,0.043681495
17556,0.0,0,0.15524638
10304,0.0,0,0.18892711
21192,0.0,0,0.037215117
654,1.0,0,0.109995954
24380,0.0,0,0.11469717
21232,0.0,0,0.10024896
16274,0.0,0,0.13980485
26432,0.0,0,0.0910017
23830,0.0,0,0.12649053
25698,0.0,0,0.16098858
28628,0.0,0,0.1367909
20327,0.0,0,0.15373433
5442,0.0,0,0.07589111
13927,0.0,0,0.09657726
22711,1.0,0,0.15334548
20867,0.0,1,0.65053463
27202,0.0,0,0.14957127
9275,0.0,0,0.20075075
2828,0.0,0,0.070761435
28275,0.0,0,0.036978524
26544,0.0,0,0.13186157
7437,1.0,1,0.5755744
27871,0.0,0,0.15585436
24145,0.0,0,0.10930309
10376,0.0,0,0.06967244
26074,0.0,0,0.30984443
29365,0.0,0,0.20278604
21130,0.0,0,0.3345629
14956,0.0,0,0.119535506
13247,0.0,0,0.037959646
23466,1.0,1,0.51335245
23654,0.0,0,0.102542184
29513,1.0,0,0.22065055
17362,0.0,0,0.46673504
17214,1.0,1,0.5923247
10891,1.0,0,0.31825414
13095,0.0,0,0.45117235
15268,0.0,1,0.52310616
11226,0.0,1,0.60697347
3647,0.0,0,0.05973836
4704,1.0,0,0.3286222
19528,1.0,0,0.15576549
29212,0.0,0,0.15215039
4935,0.0,1,0.51849854
24619,0.0,0,0.15154286
29642,0.0,0,0.05861463
1844,1.0,0,0.094129324
15997,1.0,0,0.053812034
7411,0.0,0,0.14691654
25975,0.0,1,0.61520493
29904,0.0,0,0.06982679
28453,0.0,0,0.2759371
16598,0.0,0,0.051328275
16148,0.0,0,0.07135892
20896,0.0,0,0.12261609
23668,0.0,0,0.14837925
23468,0.0,0,0.0527481
21105,0.0,0,0.15054618
1148,0.0,0,0.129011
17768,0.0,0,0.05404989
9723,0.0,0,0.048789106
15753,0.0,1,0.542225
27451,0.0,0,0.065349765
29152,1.0,1,0.7522641
9796,1.0,0,0.048880715
3102,0.0,0,0.13720065
18582,0.0,0,0.13356127
8086,0.0,0,0.065856345
9729,0.0,0,0.104604624
16546,0.0,0,0.32952607
28886,0.0,0,0.18310362
470,0.0,0,0.1451512
5704,0.0,0,0.1588486
2037,0.0,0,0.03874708
28951,1.0,0,0.37661484
29187,0.0,0,0.41245708
24319,0.0,0,0.14071709
27144,0.0,0,0.24928679
19422,1.0,0,0.102481335
24928,0.0,0,0.28107944
28203,0.0,0,0.1017355
27229,1.0,1,0.7130921
4488,0.0,0,0.12980953
8454,1.0,0,0.045660935
9315,1.0,0,0.07766134
18683,1.0,0,0.08367009
29172,0.0,0,0.15479085
28963,0.0,0,0.14970528
1293,0.0,0,0.10821335
12351,0.0,0,0.21192713
11013,0.0,0,0.16600366
22117,0.0,0,0.06813443
12139,1.0,0,0.082945615
12721,0.0,0,0.16776836
15331,0.0,0,0.10908849
5193,0.0,0,0.1748639
6374,1.0,1,0.7146189
15691,0.0,0,0.34649798
22593,0.0,0,0.25963676
11241,0.0,1,0.56571746
29946,0.0,0,0.14728327
29328,0.0,0,0.0933151
14380,0.0,0,0.059800353
20127,0.0,0,0.23757468
19365,0.0,0,0.17847791
16469,0.0,0,0.13709831
24063,0.0,0,0.4207308
24824,0.0,0,0.14564039
4967,0.0,0,0.12155251
26713,0.0,1,0.63679963
19838,0.0,0,0.13283236
22047,0.0,0,0.037822682
28012,0.0,0,0.047935214
4369,1.0,0,0.21531714
18771,1.0,0,0.3260055
1912,0.0,0,0.077513695
16336,0.0,0,0.27735323
9942,0.0,0,0.36880082
23109,0.0,0,0.30594832
28698,0.0,0,0.05673773
27388,0.0,0,0.15668185
5844,0.0,0,0.14124212
29936,1.0,0,0.09323305
19748,0.0,0,0.10671732
5671,0.0,0,0.18713883
1785,0.0,0,0.16654249
18166,0.0,0,0.10787548
2454,0.0,0,0.34827942
13861,0.0,0,0.35530397
1708,0.0,0,0.043379184
8317,0.0,0,0.04960948
13350,0.0,0,0.04068979
16402,0.0,0,0.31614396
27403,0.0,0,0.14610986
2952,0.0,0,0.18643786
114,0.0,0,0.061515644
15729,0.0,0,0.09311412
16819,0.0,0,0.1173958
11005,0.0,0,0.06631946
24076,0.0,1,0.6258718
6794,0.0,0,0.044737507
13934,0.0,0,0.057789937
19952,0.0,0,0.16780041
10615,0.0,0,0.21194197
8205,0.0,0,0.06194364
2732,1.0,0,0.099974416
19091,0.0,0,0.095453165
13620,1.0,1,0.5384763
22096,0.0,0,0.13498166
16010,0.0,0,0.27853975
23353,1.0,0,0.15177213
25844,0.0,0,0.061355397
18587,0.0,0,0.20654202
4885,1.0,1,0.61502486
19221,1.0,1,0.5842864
17077,1.0,1,0.6658659
29207,0.0,0,0.1315402
13273,0.0,0,0.29373577
17176,0.0,0,0.082390174
7607,1.0,0,0.073499754
19899,1.0,0,0.43169755
7198,0.0,0,0.07683441
8121,0.0,0,0.11270086
4770,1.0,1,0.6144439
19305,0.0,0,0.16315463
20717,0.0,0,0.054928698
2246,0.0,0,0.11173214
19014,1.0,0,0.15582876
28768,0.0,0,0.073657766
6202,1.0,0,0.08390028
18004,0.0,1,0.67225856
9138,0.0,0,0.061948296
5949,0.0,0,0.04232783
5616,0.0,0,0.04423736
8170,0.0,0,0.09464448
24626,0.0,0,0.056223564
5438,0.0,0,0.04043757
25754,0.0,0,0.25799254
3362,0.0,0,0.17779012
16322,0.0,0,0.21253341
13604,1.0,0,0.15597978
14508,0.0,0,0.053858876
12540,1.0,0,0.15986328
22793,0.0,0,0.10297119
14395,0.0,0,0.03657323
20870,0.0,0,0.0871344
21702,1.0,1,0.54004693
11152,1.0,1,0.64852345
2427,0.0,0,0.4195337
26380,0.0,0,0.2812646
18109,0.0,0,0.056998663
29691,0.0,0,0.07892408
1961,1.0,1,0.562501
24920,0.0,0,0.32420614
5554,0.0,0,0.22673717
7298,0.0,0,0.045200747
25425,0.0,0,0.15923998
27352,0.0,0,0.13265337
24552,1.0,0,0.058867186
21505,0.0,0,0.22584632
8523,0.0,0,0.16810668
729,0.0,0,0.03874921
16313,0.0,0,0.10241891
18652,0.0,0,0.16870095
886,0.0,0,0.0854474
14354,0.0,0,0.13376084
7716,0.0,0,0.23935063
18864,0.0,0,0.03941525
18660,0.0,0,0.33125392
18577,0.0,0,0.32174346
11649,0.0,0,0.28995433
6068,0.0,0,0.11337977
26551,1.0,0,0.080281876
6386,0.0,0,0.06318657
28444,0.0,0,0.068249926
19616,0.0,0,0.09863041
1261,0.0,0,0.050797872
7904,0.0,0,0.16511005
21241,0.0,0,0.36887133
9417,0.0,0,0.06548213
29934,0.0,0,0.3496214
14697,0.0,0,0.15794712
11756,0.0,0,0.11360858
15700,0.0,1,0.5968621
24349,0.0,0,0.06635693
11537,0.0,0,0.12759987
9664,0.0,0,0.068709575
7233,0.0,0,0.18479744
17208,1.0,1,0.7164852
986,1.0,0,0.17721167
13413,1.0,0,0.18372095
578,0.0,0,0.25600445
852,0.0,1,0.51825017
18485,0.0,0,0.18649076
11382,1.0,0,0.062318325
28413,0.0,0,0.0421475
4358,0.0,0,0.47724783
28602,0.0,0,0.054281432
7347,0.0,0,0.15105951
1292,0.0,0,0.11739028
9593,0.0,0,0.04001088
21418,0.0,0,0.068798974
7061,0.0,0,0.264771
22867,0.0,0,0.2024124
6622,1.0,1,0.6075183
7405,1.0,0,0.14222366
12728,0.0,0,0.03440535
9216,1.0,0,0.26437005
15744,0.0,0,0.13458654
5761,0.0,0,0.14117281
22215,0.0,0,0.1485282
22073,0.0,0,0.13132182
24598,0.0,0,0.054711506
8873,0.0,0,0.03594647
1353,0.0,0,0.086154595
28172,0.0,0,0.12695672
8357,0.0,0,0.21628918
6735,0.0,0,0.049055036
11046,0.0,0,0.068645604
3203,0.0,0,0.0945238
23434,0.0,0,0.047626276
14623,0.0,0,0.043378912
18095,1.0,1,0.7362077
715,0.0,0,0.14228912
26119,0.0,0,0.04448881
5824,0.0,0,0.110605
15312,0.0,0,0.17889273
14835,0.0,0,0.056155186
22329,0.0,0,0.06355948
26830,1.0,0,0.1252614
27835,0.0,0,0.0378674
18463,0.0,0,0.34937072
23563,1.0,0,0.36921
29616,1.0,0,0.39325514
18394,1.0,1,0.6235589
22286,1.0,1,0.6007653
25529,0.0,0,0.1614313
10468,0.0,1,0.66787654
29227,0.0,0,0.15667844
22989,0.0,0,0.041421812
27963,0.0,0,0.410267
2605,0.0,0,0.110781826
23042,0.0,0,0.13433859
25817,0.0,0,0.17968768
18392,0.0,0,0.05733328
16425,0.0,0,0.05148637
24924,0.0,0,0.03596599
17849,0.0,0,0.30796075
572,0.0,0,0.12291829
6737,0.0,0,0.116778955
20517,0.0,0,0.06351118
20645,1.0,0,0.32609177
8567,0.0,0,0.061341867
17253,0.0,1,0.565114
25699,0.0,0,0.07873157
28220,0.0,0,0.13067374
4332,0.0,0,0.11152346
5946,0.0,0,0.07430565
2707,1.0,1,0.601465
2254,0.0,0,0.12929793
28269,0.0,0,0.291558
21150,0.0,0,0.14058283
10985,0.0,0,0.14167911
16491,1.0,1,0.5665802
29571,1.0,1,0.7143616
15213,1.0,0,0.25926244
19241,0.0,0,0.051056
13210,1.0,0,0.409983
11818,0.0,1,0.6307464
10591,0.0,0,0.120438434
24923,0.0,0,0.0402986
12155,0.0,1,0.6627228
164,0.0,0,0.19132236
244,0.0,0,0.3117416
28090,0.0,0,0.0595331
28590,0.0,0,0.04862167
23239,0.0,0,0.13488315
18165,1.0,0,0.06362478
10476,0.0,0,0.14755964
10696,1.0,1,0.57348794
12635,0.0,0,0.04914059
7334,0.0,0,0.079217605
24886,0.0,0,0.085762426
1459,1.0,0,0.13118806
264,0.0,0,0.06398265
2523,0.0,0,0.11148683
29578,1.0,0,0.30381286
23187,1.0,0,0.14035788
29140,0.0,0,0.11787164
5888,0.0,0,0.033797104
20709,0.0,0,0.11341795
7935,1.0,0,0.18521681
16295,1.0,1,0.74058443
28084,0.0,0,0.13870285
27203,0.0,0,0.090083584
27785,0.0,0,0.041166455
12564,0.0,0,0.08123121
7891,0.0,0,0.057829846
9837,0.0,0,0.06583074
19210,0.0,0,0.16489708
14802,0.0,0,0.25574717
15574,0.0,0,0.39351124
19281,0.0,0,0.1790695
29650,0.0,0,0.065771356
1796,0.0,0,0.27993274
6069,0.0,0,0.05594128
3819,0.0,0,0.18029985
24682,0.0,0,0.03671554
18684,0.0,0,0.21690093
15309,0.0,1,0.65560466
2998,0.0,0,0.19502807
11205,0.0,1,0.68952674
6336,0.0,0,0.035869926
10356,0.0,0,0.060625978
1038,1.0,0,0.07605249
2564,0.0,0,0.1472653
29531,0.0,0,0.17019816
24642,0.0,0,0.102304526
3406,0.0,0,0.03732339
8293,1.0,0,0.16239665
17024,1.0,0,0.09879994
14976,1.0,0,0.21492851
17376,0.0,0,0.28070244
7774,0.0,0,0.17732494
8101,0.0,0,0.0882914
7803,1.0,1,0.66018677
5577,1.0,0,0.17734537
27844,0.0,0,0.3503493
15453,0.0,0,0.30868712
26610,1.0,1,0.6295186
8181,1.0,0,0.09698209
17650,1.0,1,0.6767732
20854,0.0,0,0.16136876
34,0.0,0,0.05547704
22558,0.0,0,0.17340161
10306,0.0,0,0.11410755
12998,1.0,1,0.6428664
11060,0.0,1,0.6331546
27783,0.0,0,0.08625236
13787,0.0,0,0.03654463
10936,0.0,0,0.34310395
8497,0.0,0,0.2931487
15594,1.0,0,0.46836346
26660,0.0,0,0.36523768
18364,0.0,0,0.053827513
23938,0.0,0,0.11211151
3634,1.0,0,0.1510598
12951,0.0,0,0.17744972
15795,0.0,0,0.14406557
25745,0.0,0,0.15188298
4816,0.0,0,0.11160067
29550,0.0,0,0.10556006
7172,0.0,0,0.13148026
20249,1.0,0,0.26999748
544,0.0,0,0.06485012
24122,0.0,0,0.11112986
10415,0.0,0,0.29667798
9155,0.0,0,0.041458253
10047,1.0,0,0.08568178
3004,1.0,0,0.3467972
29468,0.0,0,0.051042795
14925,0.0,0,0.054464158
21631,0.0,0,0.15982069
29983,1.0,0,0.12413567
21476,0.0,0,0.06510766
23859,0.0,0,0.083037525
15800,0.0,0,0.30594146
21274,1.0,1,0.69792527
27886,1.0,0,0.093435735
13030,1.0,0,0.23790766
7342,0.0,0,0.1416489
26875,0.0,0,0.046384912
2611,0.0,0,0.03448957
4166,1.0,1,0.5910822
19434,1.0,0,0.29374892
18804,0.0,0,0.034383636
19742,0.0,0,0.08709707
21494,1.0,0,0.055374093
20995,0.0,0,0.10282225
16796,0.0,0,0.047575425
4478,0.0,0,0.07995077
29429,0.0,0,0.1187699
24774,0.0,0,0.15149963
9307,0.0,0,0.22707213
9450,1.0,0,0.18639779
25072,0.0,0,0.33110228
14728,1.0,0,0.1611943
29400,0.0,0,0.13487734
12634,0.0,0,0.13659528
27528,1.0,0,0.070872076
6451,0.0,0,0.12243444
14538,1.0,0,0.12268397
12991,1.0,1,0.5677463
22939,0.0,0,0.080584235
1522,0.0,1,0.70556945
6490,1.0,0,0.14285322
8318,0.0,0,0.10926458
15254,0.0,0,0.037289344
16277,1.0,0,0.038376927
10828,0.0,0,0.2545889
17627,0.0,0,0.25444576
7188,0.0,1,0.59531015
17694,0.0,1,0.6311318
27644,1.0,1,0.60879755
22227,0.0,0,0.13661398
26857,1.0,0,0.16167383
29917,0.0,0,0.04318476
5805,0.0,0,0.0703334
20468,0.0,0,0.16832155
23994,0.0,0,0.20776676
19991,0.0,0,0.19587444
1110,0.0,0,0.38078687
10343,0.0,0,0.16444287
23340,1.0,0,0.4316784
23684,0.0,0,0.10922677
14089,0.0,0,0.3447407
8435,0.0,0,0.11069127
11099,0.0,1,0.5778526
9465,0.0,0,0.08798411
22834,0.0,0,0.050868914
2482,0.0,0,0.11118121
24709,0.0,0,0.34815314
15946,0.0,0,0.04165769
13100,0.0,0,0.13498911
19061,1.0,0,0.18373822
26163,0.0,0,0.059779707
9158,0.0,0,0.04092495
20345,0.0,0,0.06015024
12872,0.0,0,0.10082685
2563,1.0,1,0.6570947
6496,0.0,0,0.12646632
8065,0.0,0,0.24177197
1934,0.0,0,0.2062999
24849,0.0,0,0.047320858
5016,0.0,0,0.15931456
15520,0.0,0,0.19425981
24093,0.0,0,0.41473195
17988,0.0,0,0.054102156
9802,1.0,0,0.045582883
28124,1.0,0,0.30260712
23472,0.0,0,0.4972051
22590,0.0,0,0.066366926
18634,0.0,0,0.069238335
24003,0.0,0,0.048343547
20090,0.0,0,0.22159919
9447,0.0,0,0.10048814
64,1.0,0,0.2169927
9252,0.0,0,0.45953643
15067,0.0,0,0.06780228
19605,0.0,0,0.26300654
29347,0.0,0,0.044758927
25994,0.0,0,0.08332182
2433,1.0,1,0.59935975
14280,1.0,0,0.120416135
25537,0.0,0,0.2970314
29414,1.0,1,0.6852152
10622,0.0,0,0.12258725
13400,1.0,0,0.26132065
26330,0.0,0,0.13623375
6943,1.0,0,0.3221832
13412,0.0,0,0.062063925
13539,0.0,0,0.07829513
22530,0.0,1,0.53983885
29635,0.0,0,0.04531656
18820,0.0,0,0.21664932
263,0.0,0,0.1743695
1397,1.0,1,0.63090676
15981,0.0,1,0.60168266
21632,0.0,0,0.044742726
25837,0.0,0,0.056417614
27581,1.0,1,0.6954863
3577,0.0,0,0.03980682
17103,0.0,0,0.28702062
26812,0.0,0,0.17802724
5796,0.0,0,0.052227043
28115,0.0,0,0.14022529
16842,0.0,0,0.15468751
4683,0.0,0,0.044955578
22367,0.0,0,0.17368825
5057,1.0,1,0.7063741
19356,0.0,0,0.043145657
8834,0.0,0,0.37853882
7472,0.0,0,0.080074295
5625,0.0,0,0.05405755
15123,0.0,0,0.11781625
697,0.0,0,0.11398098
22730,0.0,0,0.3625926
12179,0.0,0,0.03719164
12844,0.0,0,0.12365166
12773,1.0,1,0.6265732
4660,1.0,1,0.7576292
261,0.0,0,0.03502633
27637,0.0,0,0.30513668
13126,0.0,0,0.15656689
17604,0.0,0,0.041378647
17319,0.0,1,0.66329473
27537,1.0,1,0.7817453
8273,0.0,0,0.13170712
15698,0.0,0,0.09781784
29541,1.0,0,0.15998471
25432,0.0,0,0.11293435
1036,1.0,1,0.58688617
12028,0.0,0,0.101653285
15103,0.0,0,0.35846674
7661,1.0,0,0.33564687
18284,0.0,0,0.17675129
9219,1.0,0,0.15865263
28618,0.0,0,0.05624001
20171,1.0,0,0.12450267
28691,0.0,0,0.10246723
17427,0.0,0,0.3509734
18316,0.0,0,0.117730595
2712,0.0,0,0.39519835
1754,0.0,0,0.09449422
8092,0.0,0,0.26641524
13434,0.0,0,0.13251576
25156,0.0,1,0.62319475
18410,1.0,0,0.35555977
7975,0.0,0,0.12097938
2444,0.0,0,0.43922734
25241,0.0,0,0.062126543
13534,0.0,0,0.11151142
16690,1.0,1,0.69945425
4557,0.0,0,0.28691468
3371,1.0,0,0.15862238
24450,0.0,0,0.44771296
5392,0.0,0,0.1591866
21146,0.0,0,0.15906273
18026,0.0,0,0.14416413
15042,0.0,0,0.10727174
8047,0.0,1,0.69232553
13007,0.0,0,0.16419782
8049,1.0,1,0.6897948
15376,0.0,0,0.056162164
16070,0.0,0,0.12298261
18966,0.0,0,0.05021229
22400,0.0,0,0.14942847
14418,0.0,0,0.057806555
13114,0.0,0,0.1556778
20466,0.0,0,0.2342077
10286,0.0,0,0.04005425
8649,0.0,0,0.06887684
2354,0.0,0,0.056069717
4349,0.0,0,0.16291262
17598,0.0,0,0.14283504
3074,1.0,0,0.04978653
9036,0.0,0,0.15593015
18950,0.0,0,0.041360967
18275,0.0,0,0.055855494
22804,0.0,0,0.042921532
6804,0.0,0,0.1987101
9937,0.0,0,0.12962689
21884,0.0,0,0.06077412
4658,0.0,0,0.09450191
9564,0.0,0,0.10820919
7059,0.0,0,0.061703853
26539,0.0,0,0.11192774
28807,1.0,0,0.1814729
9136,0.0,0,0.38179737
7073,0.0,0,0.16011772
29009,0.0,0,0.049030617
24695,0.0,0,0.11340146
5592,0.0,0,0.35115123
16257,0.0,0,0.11530441
19030,1.0,0,0.282234
3808,0.0,0,0.05606612
6526,0.0,0,0.04355727
5751,1.0,1,0.6732031
27423,0.0,0,0.1357841
6656,0.0,0,0.06156944
23996,0.0,1,0.55131066
6730,1.0,0,0.3216879
22842,0.0,0,0.08026115
20132,0.0,0,0.12231464
2269,1.0,1,0.68429124
24198,1.0,1,0.6683839
19355,1.0,0,0.30340126
15297,0.0,0,0.08984326
12549,0.0,0,0.1402321
11059,0.0,0,0.080397636
22386,1.0,0,0.120193884
19417,1.0,0,0.18485464
17166,0.0,0,0.16515836
10902,0.0,0,0.09516654
15910,0.0,1,0.6321187
14808,0.0,1,0.53385377
28629,0.0,0,0.059995163
16831,0.0,0,0.11192473
11040,0.0,0,0.33010188
28071,0.0,0,0.050982695
8784,0.0,0,0.28171757
9542,0.0,0,0.14395157
26172,0.0,0,0.07508826
11267,1.0,1,0.70051754
3989,0.0,0,0.10422001
8005,1.0,0,0.06649145
1950,0.0,0,0.049439475
22113,0.0,0,0.11210482
13505,1.0,0,0.35250187
970,0.0,0,0.059087653
1206,1.0,0,0.0494942
10933,0.0,1,0.50383574
13626,0.0,0,0.07405548
21612,0.0,0,0.30787143
6307,0.0,0,0.04424346
4325,0.0,1,0.5755299
6835,0.0,0,0.19188683
4558,0.0,0,0.18047398
15907,0.0,0,0.050137173
17167,0.0,0,0.11298412
22334,0.0,0,0.043126605
2759,0.0,0,0.14862843
7068,0.0,1,0.7134512
23099,0.0,0,0.03780129
8676,0.0,0,0.03824962
23657,0.0,0,0.2941476
14205,1.0,0,0.29279792
21530,0.0,0,0.07249509
28989,1.0,0,0.3892655
24402,0.0,0,0.12139618
21012,0.0,0,0.13277133
2455,0.0,0,0.035591554
800,0.0,0,0.054283902
10879,0.0,1,0.5806395
7401,0.0,0,0.10254717
29260,0.0,0,0.09104431
13657,0.0,0,0.28372204
23279,0.0,0,0.086992994
15883,0.0,0,0.123077504
11464,0.0,0,0.12731524
9498,0.0,0,0.039946776
2387,0.0,0,0.21038446
13172,0.0,0,0.04280206
19878,0.0,0,0.14223805
23691,0.0,0,0.11794923
2702,0.0,0,0.25895163
17682,1.0,0,0.14412178
17570,1.0,0,0.37315533
24199,0.0,0,0.40082887
29288,0.0,1,0.5129459
21709,0.0,0,0.45357326
18930,0.0,0,0.09874366
8149,1.0,1,0.50387794
3065,0.0,0,0.036984973
29177,1.0,0,0.43989068
29978,0.0,0,0.047802825
6338,0.0,1,0.52936685
26305,0.0,0,0.06159031
25589,0.0,0,0.08456382
26368,1.0,0,0.1636839
10258,0.0,0,0.071652345
3113,0.0,0,0.034768652
23146,0.0,0,0.15374918
4393,0.0,0,0.14730603
15353,0.0,0,0.3149992
8062,0.0,0,0.13405026
29986,0.0,0,0.15383463
18700,0.0,0,0.04454953
8433,0.0,0,0.2319346
5677,0.0,0,0.17760064
2431,1.0,0,0.16087303
27145,0.0,0,0.07809763
10488,1.0,0,0.1327277
21107,0.0,0,0.097573005
27331,0.0,0,0.06327292
3583,0.0,0,0.07545264
10052,0.0,0,0.07706183
27996,0.0,0,0.10721658
27980,0.0,0,0.16477571
6859,0.0,0,0.12880588
29320,0.0,0,0.087157235
26421,1.0,0,0.07118107
12717,0.0,0,0.09722853
11329,0.0,0,0.04128274
27181,0.0,0,0.07976538
9532,1.0,0,0.16314296
29843,0.0,0,0.04648516
23484,0.0,0,0.15092522
26932,0.0,0,0.13173038
3863,0.0,0,0.0708343
28591,1.0,1,0.5558175
10546,0.0,0,0.33586332
1078,0.0,0,0.03852393
6199,0.0,1,0.5002114
17621,0.0,0,0.081685066
28539,0.0,0,0.07974872
26455,1.0,1,0.6053489
28235,0.0,0,0.05913706
1236,1.0,0,0.11385351
23630,0.0,0,0.11765881
13498,1.0,0,0.20852123
18951,1.0,0,0.4019885
24091,0.0,0,0.10901572
250,0.0,0,0.122896165
18435,0.0,0,0.06851218
4831,0.0,0,0.06730016
1973,0.0,0,0.060879197
25864,0.0,0,0.06548404
12568,0.0,0,0.08200922
11754,0.0,0,0.052227933
27507,1.0,0,0.15792832
14402,0.0,0,0.425557
26807,0.0,0,0.039836112
29030,0.0,0,0.055935998
20241,0.0,0,0.19443467
25182,0.0,0,0.15237254
14972,1.0,0,0.37657908
8355,0.0,0,0.080256835
6412,0.0,0,0.083022945
8119,1.0,0,0.27298573
26260,0.0,0,0.30632755
27823,0.0,0,0.17695643
16250,0.0,0,0.17057316
4814,0.0,0,0.06508018
14749,0.0,0,0.102949895
24390,0.0,0,0.14398442
17086,1.0,1,0.54356277
28692,0.0,0,0.0405145
5328,0.0,0,0.05486545
2091,0.0,0,0.2629336
25508,0.0,0,0.052725878
15181,1.0,0,0.28074515
5415,0.0,0,0.04448183
23600,0.0,0,0.06551787
17775,1.0,1,0.7126405
2244,1.0,0,0.42274684
2458,0.0,1,0.7068284
28427,0.0,1,0.69309527
2396,0.0,0,0.08349906
3947,0.0,0,0.16489011
28314,0.0,0,0.16096023
9427,0.0,0,0.42590725
17738,1.0,0,0.46431124
22635,0.0,0,0.116976544
5894,0.0,0,0.07058371
8983,0.0,0,0.042474672
25153,0.0,0,0.123119846
355,0.0,1,0.643195
14885,1.0,0,0.17063752
6119,0.0,0,0.08434459
6426,0.0,0,0.09335653
25913,0.0,1,0.65377533
2445,0.0,0,0.42975852
2687,0.0,0,0.038124222
18320,0.0,0,0.11866979
13175,0.0,0,0.051961802
25451,0.0,0,0.13866688
24360,1.0,0,0.3456017
19815,1.0,1,0.6528136
29563,0.0,0,0.053620424
11853,0.0,0,0.18847172
10957,0.0,0,0.10826539
28238,0.0,0,0.055373374
8091,1.0,0,0.48113135
26866,1.0,1,0.7176719
3198,0.0,0,0.13704142
6244,0.0,0,0.4106894
15271,1.0,0,0.17952846
15085,1.0,0,0.09782186
17462,1.0,0,0.17857435
28711,0.0,0,0.10988237
14865,1.0,0,0.28830746
10433,1.0,0,0.08043474
13130,0.0,0,0.17503914
29652,1.0,1,0.5976355
254,0.0,0,0.043821502
6494,0.0,0,0.4895557
15703,0.0,0,0.08199335
15898,0.0,0,0.15967722
27926,0.0,0,0.40626994
16910,0.0,0,0.170565
24163,0.0,0,0.10318166
20386,0.0,0,0.43267402
29095,0.0,0,0.14400086
2908,1.0,0,0.12839186
20487,0.0,0,0.118057705
16130,0.0,0,0.12697703
16196,1.0,0,0.05870682
26720,1.0,1,0.58872414
1676,1.0,0,0.1889755
21367,0.0,0,0.053922098
23825,0.0,0,0.09373815
27465,0.0,0,0.15225537
28797,1.0,0,0.19463813
7144,1.0,0,0.36553556
25599,0.0,0,0.09075789
8643,0.0,0,0.040720787
7543,1.0,0,0.25369665
15285,0.0,0,0.036791705
2619,0.0,0,0.074887596
18675,0.0,0,0.10346442
24722,0.0,0,0.17063044
18023,1.0,0,0.10641749
17932,1.0,1,0.54994315
7779,0.0,0,0.044247545
9642,0.0,0,0.049476866
25138,0.0,0,0.2809558
10238,0.0,1,0.65680337
4604,0.0,0,0.052956056
14585,0.0,0,0.21644653
20607,0.0,0,0.12762941
1438,0.0,0,0.0788309
15118,0.0,1,0.67034805
16251,0.0,1,0.51033384
8663,0.0,0,0.06338938
21388,0.0,0,0.4617274
6156,1.0,0,0.41611066
1933,0.0,0,0.11498573
9505,0.0,0,0.16724889
8045,0.0,0,0.048102804
21408,0.0,0,0.16509898
19278,0.0,0,0.099365264
13721,1.0,0,0.3656708
27624,1.0,1,0.56848866
193,0.0,0,0.08230499
18481,0.0,0,0.044928208
21246,0.0,0,0.09169419
26527,0.0,0,0.39243942
10440,1.0,0,0.26382965
14937,1.0,0,0.07584879
8566,0.0,0,0.047523875
28446,0.0,0,0.0716456
19120,0.0,0,0.07631933
4277,0.0,0,0.100554295
18446,0.0,0,0.05719514
19486,1.0,1,0.5096086
14126,0.0,0,0.041895825
28272,0.0,0,0.062031325
12786,0.0,0,0.08145613
12628,1.0,0,0.15106173
8311,0.0,0,0.04308156
18082,0.0,0,0.4015887
22242,0.0,0,0.16026196
19547,0.0,0,0.11075275
10659,0.0,0,0.19519663
24661,0.0,0,0.16433579
24653,0.0,0,0.07892716
14692,1.0,1,0.6645896
5723,0.0,0,0.07534786
19921,0.0,0,0.07469089
14221,1.0,1,0.7093435
19298,1.0,0,0.15916742
26448,0.0,0,0.047545485
19455,0.0,0,0.054577053
6739,1.0,0,0.26491952
3853,1.0,0,0.1955506
10517,0.0,0,0.051465046
5262,0.0,0,0.13073382
28642,1.0,1,0.65782374
22081,1.0,1,0.5805164
339,1.0,0,0.12119389
17120,0.0,0,0.043979157
4800,0.0,0,0.19193496
23184,0.0,0,0.09173813
10255,1.0,0,0.1917881
1493,0.0,0,0.25824332
3488,0.0,0,0.17481945
4970,0.0,0,0.07937829
5053,0.0,0,0.073829666
7375,1.0,0,0.2611563
11972,1.0,0,0.4205674
20087,0.0,0,0.20404005
11500,0.0,0,0.14963056
16284,0.0,0,0.04962234
24224,0.0,0,0.037942417
4776,0.0,0,0.13190031
10161,0.0,0,0.068886295
11758,0.0,0,0.32769868
24504,0.0,0,0.13964297
2238,0.0,0,0.04487051
20767,0.0,0,0.13936628
18291,0.0,0,0.32713568
1088,0.0,0,0.27906018
17296,0.0,0,0.048835535
12215,0.0,0,0.1941336
5037,0.0,0,0.14306858
10095,0.0,0,0.35336465
249,0.0,0,0.17356884
9372,0.0,0,0.053979553
17928,0.0,0,0.3680779
16509,0.0,0,0.16440055
11026,0.0,0,0.04984858
21287,0.0,0,0.17224926
26894,0.0,0,0.13973294
6516,1.0,0,0.12301238
22262,0.0,0,0.26233318
7154,0.0,0,0.0692578
22758,0.0,0,0.054746814
2201,1.0,0,0.22478397
15368,0.0,1,0.5332455
7867,0.0,0,0.03663478
5957,0.0,0,0.05061102
12787,0.0,0,0.03829851
27786,0.0,0,0.03859718
29901,1.0,0,0.22149524
8296,1.0,1,0.7048683
27265,0.0,0,0.13562888
8537,0.0,0,0.0366419
15424,0.0,0,0.33258855
29317,0.0,0,0.28169253
2867,0.0,0,0.06598087
7320,1.0,0,0.30613455
4278,1.0,0,0.14819036
25482,0.0,0,0.044038177
9334,0.0,0,0.041289993
9722,1.0,0,0.13745835
27650,0.0,0,0.12029443
7421,0.0,0,0.19746335
27018,0.0,0,0.09831951
15017,0.0,1,0.6059904
11999,0.0,0,0.11050944
5787,1.0,1,0.54432255
17243,0.0,0,0.19368044
23940,1.0,0,0.38572538
13133,0.0,0,0.17655557
6316,1.0,0,0.3776122
22876,0.0,0,0.0752203
12985,0.0,0,0.07140717
19523,1.0,0,0.44996303
1487,0.0,0,0.039371863
20751,0.0,0,0.15056391
2902,0.0,1,0.5300587
3758,1.0,0,0.25249392
692,0.0,0,0.42850226
1838,1.0,0,0.046486314
14891,0.0,0,0.13463047
13035,0.0,0,0.06375603
24976,0.0,0,0.11342529
25941,0.0,0,0.05556026
11403,0.0,0,0.17531797
7841,0.0,0,0.05529189
16345,0.0,0,0.31451842
6387,1.0,1,0.620998
10508,1.0,0,0.26980233
25299,1.0,0,0.35951293
17636,0.0,0,0.04551403
21047,1.0,0,0.38285393
15642,0.0,0,0.106050864
23496,1.0,1,0.54184127
17305,1.0,0,0.21538296
13812,0.0,0,0.14430308
4205,0.0,0,0.16518505
29533,0.0,0,0.09028062
23564,0.0,0,0.14140767
28833,0.0,0,0.048577696
19580,0.0,0,0.1204645
28815,0.0,0,0.14860469
4822,0.0,0,0.059077155
4085,0.0,1,0.6008107
23160,0.0,0,0.04918001
21327,1.0,0,0.16849314
26396,0.0,0,0.058261435
22449,0.0,0,0.12187569
27954,0.0,0,0.08776602
11795,1.0,0,0.42499107
18060,0.0,0,0.051294293
2004,1.0,0,0.28301126
24547,0.0,0,0.12573978
25741,0.0,0,0.044201642
7285,0.0,0,0.32007757
25620,1.0,0,0.34255308
26146,0.0,0,0.13739896
29994,0.0,0,0.09300568
15229,0.0,1,0.67318934
2315,0.0,0,0.068823405
21916,0.0,0,0.36776158
25794,0.0,0,0.047009844
24236,0.0,0,0.47560742
26626,0.0,0,0.057339918
7256,0.0,0,0.055263404
24438,0.0,0,0.06583344
19351,1.0,0,0.34387663
7590,0.0,0,0.33439618
27450,0.0,0,0.17965157
22312,0.0,0,0.06412158
21989,0.0,0,0.11024736
16461,0.0,0,0.054190304
8215,0.0,0,0.1757537
26409,1.0,0,0.15533876
3664,1.0,1,0.6750503
12195,1.0,0,0.11261995
7419,0.0,0,0.24517532
13415,0.0,0,0.17684548
14708,1.0,1,0.6200836
25674,0.0,0,0.11621791
14138,0.0,0,0.18379578
17111,0.0,0,0.13631701
22821,0.0,0,0.035965297
25261,0.0,0,0.49966443
502,0.0,1,0.68504024
15167,0.0,0,0.11357328
12742,0.0,0,0.21776497
23608,1.0,1,0.6927169
28370,0.0,0,0.07552411
21200,0.0,0,0.12142306
25152,0.0,0,0.064832546
12493,0.0,0,0.14573054
1615,0.0,0,0.27915177
4892,0.0,0,0.055416286
22901,1.0,1,0.70686984
26736,0.0,0,0.06502989
18198,0.0,0,0.09508212
1528,0.0,0,0.08073494
2419,0.0,0,0.34893832
14050,1.0,0,0.28399786
29546,1.0,0,0.13798556
25345,0.0,0,0.08685159
13957,1.0,1,0.5696479
3118,0.0,0,0.1172719
15394,0.0,0,0.105935045
14347,0.0,0,0.0544398
15086,0.0,0,0.049867723
27765,0.0,0,0.15439707
8617,1.0,0,0.13910149
15349,0.0,0,0.122191474
14691,1.0,0,0.17217143
21905,0.0,0,0.10543014
25833,0.0,0,0.082998596
19574,0.0,0,0.38985348
27676,0.0,0,0.37109563
7518,0.0,0,0.15161689
251,0.0,0,0.4973202
933,1.0,0,0.33747512
7593,0.0,0,0.13408804
24826,0.0,0,0.08401002
20612,1.0,0,0.06425086
19019,0.0,0,0.1126746
23287,0.0,0,0.32346955
15765,0.0,0,0.102575175
2504,1.0,0,0.12928803
4209,0.0,1,0.5891642
28562,0.0,0,0.035911355
8639,0.0,0,0.10627482
8302,0.0,0,0.08021198
8221,0.0,0,0.05410795
29073,0.0,0,0.045064088
25414,1.0,0,0.14581041
12529,0.0,0,0.0565406
21504,0.0,0,0.07199781
179,0.0,0,0.13520703
17411,0.0,0,0.11696822
28909,1.0,0,0.1729512
28771,1.0,0,0.27791944
2255,0.0,0,0.071343765
7413,0.0,0,0.29551154
4360,0.0,0,0.17401642
7929,1.0,0,0.13468902
11938,1.0,0,0.2604595
11179,0.0,0,0.061656408
24011,0.0,0,0.14857681
707,0.0,0,0.47705707
23006,1.0,0,0.46163583
13267,1.0,0,0.27109313
17808,0.0,0,0.18016088
6583,1.0,1,0.6500762
16394,0.0,0,0.09030357
1218,0.0,0,0.095601685
15619,1.0,0,0.09087938
21024,1.0,0,0.11908449
20834,1.0,1,0.6081226
20798,1.0,0,0.31683233
21888,0.0,0,0.044584796
29945,1.0,1,0.5121006
5063,0.0,0,0.123747975
13261,0.0,0,0.14585562
28887,0.0,0,0.122518525
17455,0.0,0,0.13028246
23025,0.0,0,0.05736168
3838,0.0,0,0.08833165
4746,0.0,1,0.6180919
18137,0.0,0,0.3247247
2466,1.0,1,0.52348
9211,1.0,0,0.3746443
27043,0.0,0,0.08152087
9635,0.0,0,0.16344933
22980,0.0,0,0.13100083
28609,0.0,0,0.23595133
6216,0.0,1,0.64477575
3254,1.0,1,0.5292967
27517,0.0,0,0.16805641
26029,0.0,0,0.044230342
630,0.0,0,0.06468926
14162,1.0,0,0.49640447
14370,0.0,0,0.056352925
19795,0.0,0,0.06794966
23462,0.0,0,0.07034815
15587,0.0,0,0.12351348
4793,0.0,0,0.14898907
13504,1.0,0,0.16581081
23170,0.0,0,0.46649656
24170,0.0,0,0.09299797
18814,0.0,0,0.124421015
11050,0.0,1,0.6555849
22548,1.0,0,0.15327393
12956,1.0,1,0.7156034
16430,0.0,0,0.2275443
24392,0.0,0,0.1267868
4058,0.0,0,0.1567084
29191,0.0,0,0.12149188
1126,0.0,0,0.15883242
11150,0.0,1,0.5026511
6277,0.0,0,0.18537255
11729,0.0,0,0.06956771
25989,0.0,0,0.06484324
4636,0.0,0,0.19518973
8501,0.0,0,0.31846595
20307,1.0,0,0.2957772
20326,0.0,0,0.08731656
20178,0.0,0,0.14082094
6228,0.0,0,0.12347865
5141,0.0,0,0.11054727
14962,0.0,0,0.40440288
7796,0.0,0,0.07891382
10908,1.0,1,0.69895864
19962,0.0,0,0.30537447
13131,0.0,0,0.15282339
22008,0.0,0,0.065082766
27324,0.0,0,0.4127753
13842,0.0,0,0.07545225
1443,1.0,0,0.178219
18164,0.0,0,0.04683362
1889,0.0,1,0.6351331
18615,1.0,0,0.2746612
15524,0.0,0,0.04618812
10104,0.0,0,0.14485069
28726,0.0,0,0.051725607
27174,0.0,0,0.14981166
6103,0.0,0,0.11978108
22421,0.0,0,0.31675187
15618,0.0,0,0.17447147
16705,0.0,0,0.45869267
27114,0.0,0,0.1096178
26355,0.0,0,0.21431296
12049,0.0,0,0.47105512
18106,0.0,0,0.13556646
23469,1.0,1,0.6780264
9241,0.0,0,0.112663694
9570,0.0,0,0.37217247
29130,0.0,0,0.27931464
712,0.0,0,0.14907894
13081,0.0,0,0.046273082
26893,0.0,1,0.5857544
18922,0.0,0,0.05566925
14169,0.0,0,0.13929847
14823,1.0,0,0.19574235
19059,0.0,0,0.33348462
3242,1.0,1,0.55331093
17475,0.0,0,0.058971487
4061,0.0,0,0.045256097
25026,0.0,0,0.03670374
18157,0.0,0,0.06312225
28740,0.0,0,0.15067172
23422,0.0,0,0.042902097
3384,1.0,1,0.57151705
4270,1.0,0,0.16191736
11786,0.0,0,0.16127983
13639,0.0,0,0.04702291
1836,1.0,1,0.65422875
17302,0.0,0,0.08938836
25918,0.0,0,0.065262996
24267,0.0,0,0.13947336
14724,0.0,0,0.071197204
17511,1.0,0,0.27698517
13391,1.0,1,0.56718874
15791,0.0,0,0.094237976
15313,0.0,0,0.15676646
22106,0.0,0,0.089542
20838,0.0,0,0.05041448
16517,0.0,0,0.06106974
8495,0.0,0,0.44487277
24385,0.0,0,0.04895599
15461,0.0,0,0.09213717
4678,0.0,0,0.1636491
386,0.0,0,0.059639517
10090,0.0,0,0.03558216
13798,0.0,1,0.56282204
22790,1.0,0,0.059707463
28851,0.0,0,0.06336476
21417,0.0,0,0.19075064
28082,1.0,1,0.73047763
29243,1.0,0,0.19476822
15465,0.0,0,0.061439723
3962,0.0,0,0.046198815
10219,0.0,0,0.1037148
2195,0.0,0,0.11235922
874,0.0,0,0.0932128
26201,0.0,0,0.15931581
24066,0.0,0,0.114954464
23233,1.0,0,0.17882341
21264,0.0,0,0.104945794
12644,0.0,0,0.19826268
26656,0.0,0,0.41503978
6733,0.0,0,0.05263134
29256,1.0,0,0.17117621
8081,0.0,0,0.059464417
29696,0.0,0,0.38703835
1738,0.0,0,0.31139526
27837,0.0,0,0.08623384
13965,0.0,0,0.14903605
19651,0.0,0,0.05105273
20552,0.0,0,0.15187985
9044,1.0,0,0.24891657
26384,0.0,0,0.06483398
14812,0.0,0,0.075709686
16572,0.0,1,0.6405938
10301,0.0,0,0.049671665
24197,0.0,0,0.15913597
7270,0.0,0,0.05006384
29940,0.0,0,0.085576385
2490,0.0,1,0.5051775
1814,0.0,0,0.40363377
20187,0.0,0,0.06695231
1952,0.0,0,0.09660641
5284,0.0,0,0.20919931
11932,0.0,0,0.046091333
921,0.0,0,0.22364445
3432,0.0,0,0.09612588
4244,0.0,0,0.079331085
13337,0.0,0,0.14128366
15361,0.0,0,0.19673166
12600,0.0,0,0.073601276
2545,1.0,0,0.15162137
19668,0.0,0,0.34600273
23783,0.0,0,0.3205254
16992,1.0,1,0.6585364
703,1.0,0,0.17280295
29442,0.0,0,0.06545294
10368,1.0,0,0.07429467
25623,0.0,0,0.36693937
12720,0.0,0,0.04646724
23334,0.0,0,0.041558012
16656,0.0,0,0.070127495
27143,0.0,0,0.1137822
26945,0.0,0,0.06497557
26766,1.0,0,0.12933308
16789,1.0,1,0.7016984
16101,1.0,0,0.18967491
3791,1.0,0,0.07601467
14424,0.0,0,0.23931305
3237,0.0,0,0.053413223
10522,1.0,1,0.75107336
19689,0.0,0,0.051550157
26682,0.0,0,0.109410934
25738,0.0,0,0.19264774
1735,0.0,0,0.18069372
15031,1.0,1,0.6436805
29816,0.0,0,0.13757338
22514,0.0,0,0.058067247
368,0.0,1,0.5754663
2480,0.0,0,0.06976411
15600,1.0,1,0.5764628
4043,0.0,0,0.15203759
20415,0.0,0,0.100516886
28233,0.0,0,0.052625764
2134,0.0,0,0.063896246
21867,0.0,0,0.12825713
3434,0.0,0,0.11811664
19151,0.0,0,0.117872156
14059,0.0,0,0.11457483
28667,1.0,0,0.15424925
13648,1.0,0,0.30233264
19939,0.0,0,0.04460112
21664,0.0,0,0.09671368
13193,0.0,0,0.09090385
29481,0.0,0,0.43853873
9394,0.0,0,0.06881954
22365,0.0,0,0.08293237
19621,0.0,0,0.106456
13703,0.0,0,0.30147925
3539,1.0,0,0.11455826
17924,1.0,0,0.36333743
3061,1.0,0,0.062457353
18207,0.0,0,0.11574747
28760,0.0,0,0.061426435
10240,0.0,0,0.39896348
13305,0.0,0,0.034197245
23173,0.0,0,0.16433951
27669,1.0,0,0.41703567
29771,1.0,1,0.7258038
19469,0.0,0,0.041698933
210,0.0,0,0.12323207
17339,0.0,0,0.32413548
2371,0.0,0,0.0772974
25712,0.0,0,0.12674767
9496,0.0,0,0.14894216
6152,0.0,0,0.12900552
20220,0.0,0,0.036747422
19775,0.0,0,0.036959298
14009,0.0,0,0.091199815
23659,0.0,0,0.27344337
24632,0.0,0,0.13261314
1417,0.0,0,0.12702298
5553,0.0,0,0.25804523
16368,1.0,0,0.06278174
6168,0.0,0,0.080272235
14923,0.0,1,0.6213405
6751,1.0,1,0.72374797
21850,0.0,0,0.052219193
369,0.0,0,0.29543865
15025,0.0,0,0.39608657
11175,0.0,0,0.2053709
20302,0.0,0,0.05822505
18977,0.0,0,0.04751058
2552,0.0,0,0.18599671
27586,1.0,1,0.59849256
7581,0.0,0,0.052098494
8274,0.0,0,0.30581814
28755,0.0,0,0.11515992
16013,0.0,0,0.20398235
20770,0.0,0,0.044151522
763,0.0,0,0.050755776
12764,0.0,0,0.06108202
10078,0.0,0,0.07449217
21732,0.0,0,0.07719614
18483,0.0,0,0.05668655
25866,0.0,0,0.04280948
18298,0.0,0,0.052911215
588,1.0,0,0.17456152
14806,0.0,1,0.6647845
5565,1.0,0,0.06230936
25652,0.0,0,0.04138483
19924,0.0,0,0.1314651
12170,1.0,0,0.25378862
2886,0.0,0,0.057435554
2172,0.0,0,0.052453894
22567,0.0,1,0.66298455
27239,0.0,0,0.26738036
26354,0.0,0,0.3426514
12882,0.0,0,0.24742508
22915,0.0,0,0.18681969
26442,1.0,0,0.32438362
16396,0.0,0,0.03699948
27562,0.0,0,0.044851653
3161,0.0,0,0.06362177
13234,0.0,0,0.09014938
14543,1.0,1,0.65483326
27182,0.0,0,0.04818872
6986,0.0,0,0.14996213
12330,1.0,0,0.2419844
22379,0.0,0,0.042637154
1247,1.0,1,0.7594888
29681,0.0,1,0.5198082
18132,0.0,0,0.053876556
24962,0.0,0,0.089478314
7795,0.0,0,0.077883564
8498,0.0,0,0.12364526
21677,0.0,0,0.3536106
14981,1.0,1,0.63773847
27816,0.0,0,0.03830184
24329,0.0,0,0.08466476
15616,1.0,0,0.36582592
15762,0.0,0,0.09362896
12774,1.0,0,0.0657825
23352,0.0,0,0.13829911
14422,0.0,0,0.13003576
14674,0.0,0,0.21559007
28430,0.0,0,0.13367692
4210,0.0,0,0.08124073
3929,0.0,0,0.057917383
7777,1.0,0,0.31410804
11736,0.0,0,0.10958911
14423,0.0,0,0.14535499
23986,1.0,0,0.12199335
9510,0.0,0,0.11062135
16122,1.0,1,0.5683302
11625,0.0,0,0.034886666
932,1.0,0,0.047638457
26879,0.0,0,0.05262855
1447,1.0,0,0.20987761
1402,0.0,1,0.53315014
9390,0.0,1,0.60782987
10635,0.0,0,0.3037953
10371,0.0,0,0.0909429
4496,0.0,0,0.110319614
7852,0.0,0,0.13056782
13097,0.0,0,0.30196688
21191,0.0,0,0.03922218
12,0.0,0,0.11796866
182,0.0,0,0.073856644
1271,0.0,0,0.12250678
24149,0.0,0,0.14667489
28814,0.0,0,0.17739464
5325,0.0,0,0.23796676
26457,1.0,0,0.082597055
28243,1.0,0,0.30562267
4923,0.0,0,0.13349842
15075,0.0,0,0.11268095
17948,0.0,0,0.288788
8726,1.0,0,0.052738003
1138,0.0,0,0.13864249
17238,0.0,0,0.050329994
23366,0.0,0,0.0443729
29145,0.0,0,0.13116802
5941,0.0,0,0.07766278
5128,0.0,0,0.111928515
3176,0.0,0,0.073497236
18135,0.0,0,0.16299655
19765,0.0,0,0.08819886
10740,1.0,0,0.3482042
19009,0.0,0,0.04315869
14874,1.0,0,0.39382574
12762,1.0,0,0.14456558
11533,0.0,0,0.093696885
3405,0.0,0,0.29466927
17692,0.0,0,0.18345357
2640,0.0,0,0.052176096
10389,1.0,0,0.16147538
22506,1.0,0,0.16300446
29971,0.0,0,0.045589365
27515,0.0,0,0.08805451
21970,0.0,0,0.033938095
12485,0.0,0,0.13505547
15721,0.0,0,0.16815357
3476,0.0,0,0.15027642
15526,0.0,0,0.15400937
17468,0.0,0,0.052012946
2229,0.0,0,0.09292536
14481,1.0,0,0.13298737
12528,0.0,0,0.22522818
15386,1.0,0,0.379092
22130,0.0,0,0.04956323
5249,1.0,0,0.32647973
23079,0.0,0,0.057582073
20986,0.0,0,0.041709986
6355,0.0,0,0.17854194
2402,0.0,0,0.09538509
8739,0.0,0,0.12808399
4216,0.0,0,0.0813745
1841,0.0,0,0.11105904
26034,0.0,0,0.050399825
9589,0.0,0,0.11011965
6566,0.0,0,0.05793198
25604,0.0,0,0.16039753
11195,0.0,0,0.16617881
16657,0.0,0,0.24345194
6186,0.0,0,0.09825257
28130,0.0,0,0.12145096
5104,0.0,0,0.065508775
23495,0.0,0,0.1448995
21681,0.0,0,0.101842836
18385,0.0,0,0.33846694
6367,1.0,0,0.22166681
1638,0.0,1,0.5984872
7464,0.0,0,0.094481446
3173,0.0,0,0.07786883
24309,0.0,0,0.0915718
159,1.0,1,0.591418
24449,1.0,0,0.4320059
29384,0.0,0,0.05021452
21897,0.0,0,0.21603665
7956,0.0,0,0.36850378
15417,0.0,0,0.10265258
2443,0.0,0,0.049250036
18754,0.0,0,0.044343203
12874,1.0,0,0.15022722
23330,0.0,0,0.060371686
8866,1.0,0,0.29900405
14532,0.0,0,0.13246514
18411,0.0,0,0.19655168
14787,1.0,0,0.119535126
9898,1.0,0,0.13406138
1243,0.0,0,0.19734636
2560,0.0,0,0.42076844
21596,0.0,0,0.09695462
3777,1.0,1,0.5434419
28927,1.0,0,0.17874114
19680,0.0,0,0.12986323
17392,0.0,0,0.043116905
25672,0.0,0,0.060535356
21329,0.0,0,0.16616364
3058,0.0,0,0.10989318
13083,1.0,0,0.10890221
16707,0.0,0,0.07229524
29147,0.0,0,0.079647616
18959,0.0,0,0.043467302
16527,0.0,1,0.6815029
83,1.0,0,0.1162495
6820,0.0,0,0.07994193
11240,0.0,1,0.63042814
23533,1.0,1,0.5902494
29906,1.0,1,0.52496827
16834,0.0,1,0.63158053
26401,0.0,0,0.036146928
28690,0.0,0,0.2190988
14685,0.0,0,0.14108309
19658,0.0,0,0.33194968
28957,0.0,0,0.08103164
26023,0.0,0,0.40630326
13196,1.0,0,0.263781
24078,0.0,0,0.06612553
28619,0.0,0,0.0952623
444,0.0,0,0.04058808
14235,0.0,0,0.06854144
9189,0.0,0,0.33369777
7139,0.0,0,0.15347518
7605,0.0,0,0.06072358
13226,0.0,0,0.087262444
25046,0.0,0,0.07410325
1442,0.0,0,0.059668995
7915,0.0,0,0.03270295
23955,0.0,0,0.15042713
22941,0.0,0,0.075574495
16057,0.0,0,0.15648136
12795,1.0,0,0.13181853
16749,0.0,1,0.682443
12040,1.0,0,0.33713642
26533,0.0,0,0.08693322
1568,0.0,0,0.11659898
447,0.0,0,0.043799248
25751,1.0,0,0.46404004
13486,0.0,0,0.1439667
9836,0.0,0,0.4428729
15019,0.0,1,0.6411857
23968,0.0,0,0.04640044
15640,0.0,0,0.34638587
13480,1.0,1,0.7053993
21375,0.0,0,0.4810314
24220,0.0,0,0.21441066
7403,1.0,0,0.1036993
28636,1.0,1,0.6021138
3320,0.0,0,0.22106428
1660,0.0,0,0.14831755
27867,0.0,0,0.07952723
23912,0.0,0,0.08510316
1210,1.0,0,0.17736891
18487,0.0,0,0.070597194
1995,0.0,0,0.3881636
5025,0.0,0,0.067124784
12272,0.0,0,0.0479679
9094,1.0,0,0.3784244
3085,0.0,0,0.10716406
20725,1.0,1,0.59766823
19553,1.0,0,0.16360596
14331,1.0,1,0.6692207
29758,0.0,0,0.114246964
9147,1.0,1,0.63770235
2226,1.0,0,0.13791499
1023,0.0,0,0.071059644
3694,0.0,0,0.30468538
17572,0.0,0,0.045653973
23777,0.0,0,0.0749966
13806,0.0,0,0.03960031
12683,0.0,0,0.12830645
24612,0.0,0,0.11388296
18422,1.0,0,0.14774501
25364,0.0,1,0.57896835
4752,0.0,0,0.06761691
20674,1.0,1,0.57874995
12569,1.0,0,0.2927587
24797,0.0,0,0.47491124
14081,0.0,0,0.38693953
1367,0.0,0,0.11259309
21803,0.0,0,0.32310247
9918,0.0,0,0.38265648
1703,1.0,0,0.2209173
10674,0.0,0,0.13991542
17006,0.0,0,0.27983287
17868,0.0,0,0.099568255
9051,0.0,0,0.2992207
7612,0.0,0,0.09094011
10871,1.0,1,0.70775557
6431,0.0,0,0.13288349
29970,0.0,0,0.059083052
4661,0.0,0,0.10058132
26968,0.0,0,0.042542707
9961,0.0,0,0.12818113
22502,0.0,0,0.03857827
12797,1.0,0,0.39071915
24890,0.0,1,0.593193
1845,0.0,0,0.17465879
26424,0.0,0,0.040094696
105,0.0,1,0.5992165
1610,0.0,0,0.17582859
24679,0.0,0,0.039882828
29087,0.0,0,0.090376474
3874,1.0,0,0.3834956
11433,1.0,0,0.13553616
29851,0.0,0,0.1979286
26975,1.0,0,0.14490011
5178,1.0,1,0.7781895
24937,0.0,0,0.08199416
14523,0.0,0,0.26721543
2728,0.0,0,0.24312736
23736,0.0,0,0.048741195
17807,1.0,1,0.6171538
1977,0.0,0,0.21349847
7289,0.0,0,0.19934759
8184,0.0,0,0.2556823
17329,0.0,0,0.33523342
2706,0.0,0,0.052177425
3969,0.0,0,0.14000395
25561,0.0,0,0.04363872
18477,0.0,0,0.04402002
24304,1.0,0,0.34189242
316,1.0,0,0.124066025
19517,0.0,0,0.040187627
27680,0.0,0,0.1185881
23910,0.0,1,0.6469239
13877,0.0,1,0.58028245
15636,0.0,0,0.043789048
13345,1.0,0,0.17055734
22554,0.0,0,0.2838292
23123,0.0,0,0.03557098
5678,0.0,0,0.1436398
7537,1.0,0,0.12753816
10330,0.0,0,0.29068175
28204,0.0,0,0.051516768
26407,0.0,0,0.109976165
15604,0.0,0,0.1581361
10862,1.0,1,0.6728014
3759,1.0,0,0.13198666
18358,0.0,1,0.6406815
13596,0.0,0,0.109895185
12223,1.0,0,0.45076656
29755,0.0,0,0.29610303
28748,0.0,1,0.7220666
17090,0.0,0,0.32117322
10215,0.0,0,0.08332125
19383,0.0,0,0.17212673
11208,0.0,0,0.23518988
16717,0.0,0,0.14221762
14262,1.0,0,0.19495252
2301,0.0,0,0.23043291
2461,0.0,0,0.035533875
22525,0.0,0,0.036837738
3119,0.0,0,0.09435535
24275,0.0,0,0.048650745
6398,0.0,0,0.10444621
28232,1.0,1,0.56297
8915,0.0,0,0.04326291
2837,0.0,0,0.038492758
13064,1.0,0,0.07508489
6090,0.0,1,0.6334051
20581,0.0,0,0.25660026
20610,0.0,1,0.56589586
17267,0.0,0,0.13594417
17491,0.0,0,0.09746897
9582,0.0,0,0.14315817
18,0.0,0,0.059123583
5985,0.0,0,0.08800729
28542,0.0,0,0.049718853
10120,0.0,0,0.4403748
1010,0.0,0,0.16467668
2215,0.0,0,0.32074213
1967,0.0,0,0.21795447
6555,0.0,0,0.08570451
28551,0.0,0,0.119788
21104,0.0,0,0.09682844
11142,0.0,0,0.03917962
3720,0.0,0,0.457068
4735,0.0,0,0.043637957
4841,1.0,1,0.5908232
16914,0.0,0,0.13611846
9185,1.0,0,0.12406523
23780,0.0,0,0.07770417
28488,0.0,0,0.21424061
18134,1.0,0,0.22586305
16576,0.0,0,0.14624375
25131,0.0,0,0.048222426
9014,0.0,0,0.1505583
16639,0.0,0,0.13406125
26939,1.0,0,0.11926381
24437,0.0,0,0.14765552
8925,0.0,0,0.05362771
23328,0.0,0,0.043086138
23529,0.0,0,0.09546296
4253,0.0,0,0.24560036
8469,1.0,1,0.61859375
29082,1.0,1,0.5799646
21239,0.0,0,0.11953314
25820,0.0,0,0.14422393
1167,0.0,0,0.048803218
14662,0.0,0,0.11833253
21619,0.0,0,0.19196802
22189,0.0,0,0.090083964
28110,1.0,0,0.22048199
6962,0.0,1,0.60296535
27894,0.0,0,0.050156172
28227,0.0,0,0.049331643
8188,1.0,0,0.197977
11879,0.0,0,0.05679706
9555,0.0,0,0.17117302
27690,0.0,0,0.13437116
7394,0.0,0,0.14609845
14673,0.0,0,0.10384974
23400,1.0,0,0.15476182
13158,0.0,0,0.057632256
5089,0.0,0,0.13651697
10421,0.0,0,0.10218167
26783,0.0,0,0.056022394
26433,0.0,0,0.101915136
11493,0.0,0,0.07051855
15038,0.0,1,0.513392
74,0.0,0,0.20260204
19818,1.0,0,0.2989894
11043,0.0,0,0.14886674
18235,0.0,0,0.31685147
16631,0.0,0,0.30302754
15192,0.0,0,0.106899865
6753,1.0,1,0.6425611
8699,0.0,0,0.2223388
23823,1.0,0,0.46063778
17576,1.0,0,0.29309845
28069,0.0,0,0.056043595
8321,1.0,0,0.30780882
25743,1.0,0,0.049093578
24667,0.0,0,0.41120353
19916,0.0,0,0.051069517
22452,0.0,0,0.08474808
2216,0.0,0,0.17167649
11968,0.0,0,0.11938966
9889,0.0,0,0.4361631
6285,0.0,0,0.041754894
6305,1.0,0,0.1298985
20932,0.0,0,0.10831947
27903,0.0,0,0.074483044
17301,0.0,0,0.069177486
22938,0.0,0,0.116984844
17075,0.0,0,0.21994883
27865,0.0,0,0.08488693
19308,0.0,0,0.07529677
6474,0.0,0,0.06230109
6237,0.0,0,0.12767152
27116,0.0,0,0.22910605
4964,0.0,0,0.03648398
19671,0.0,0,0.43177307
13780,0.0,0,0.12956007
16089,1.0,0,0.13830897
15196,0.0,0,0.16105337
28935,0.0,0,0.09390134
17536,0.0,0,0.046186075
26044,1.0,1,0.60568976
22716,0.0,0,0.19479686
2220,1.0,0,0.1339536
10556,0.0,0,0.04122129
21429,0.0,0,0.19603406
1650,0.0,0,0.11941486
6947,1.0,0,0.23882939
14819,0.0,0,0.06796178
10134,0.0,0,0.44858587
76,0.0,0,0.35294086
12771,0.0,0,0.061740097
29960,0.0,0,0.04528965
20657,1.0,0,0.07253311
19662,0.0,0,0.31377774
4339,0.0,0,0.39766636
24656,1.0,0,0.050066475
2827,0.0,0,0.061161328
4398,0.0,0,0.08728905
20978,1.0,0,0.32813683
20236,0.0,0,0.23190954
23080,0.0,0,0.046285696
29599,1.0,0,0.19024093
19567,0.0,0,0.06192301
23570,0.0,0,0.16424696
10466,0.0,0,0.037469916
22265,0.0,0,0.042994145
24363,0.0,0,0.33749667
25790,0.0,0,0.106482394
13967,1.0,1,0.75300103
13718,1.0,1,0.66029614
14042,0.0,0,0.14207585
23751,0.0,0,0.062754825
15890,0.0,0,0.27780432
25372,0.0,0,0.040503208
6903,0.0,0,0.08396022
17736,1.0,0,0.049493294
5909,0.0,0,0.048141666
22267,1.0,0,0.13172725
5692,0.0,0,0.062201545
10111,0.0,0,0.31486768
3646,0.0,0,0.07175164
1400,0.0,0,0.27603015
14920,0.0,0,0.047879353
14225,0.0,0,0.05353375
20255,1.0,1,0.7756064
909,0.0,0,0.114442624
27297,0.0,0,0.14429437
15837,0.0,0,0.119212665
3284,0.0,0,0.036189105
21133,0.0,0,0.049849164
10394,0.0,0,0.0977558
16932,0.0,0,0.20003071
19157,0.0,0,0.13654175
16970,1.0,0,0.07218639
23573,0.0,0,0.072872914
5764,0.0,0,0.1675191
26597,0.0,0,0.17798169
24857,1.0,0,0.05921894
23245,0.0,0,0.09671085
19546,0.0,1,0.5677617
27420,1.0,0,0.20603824
14186,0.0,0,0.060577266
24914,1.0,1,0.6217496
9743,0.0,0,0.060131777
19963,0.0,0,0.04747926
7541,0.0,0,0.05045218
2156,1.0,1,0.6992969
24419,0.0,0,0.3120672
15770,0.0,0,0.22013521
24321,0.0,0,0.05830104
7653,0.0,0,0.3018695
17686,1.0,0,0.15910462
16008,0.0,1,0.5818396
1451,0.0,0,0.14904675
25336,0.0,0,0.09601666
23010,0.0,0,0.22312176
199,0.0,0,0.0973984
14447,1.0,1,0.6184874
16686,0.0,0,0.48146465
20902,0.0,0,0.06450603
24018,0.0,0,0.1354327
7092,1.0,0,0.29545343
18699,0.0,0,0.2572969
2370,0.0,0,0.1053253
19391,0.0,0,0.04436453
28141,0.0,0,0.1341291
8660,0.0,0,0.29444286
20191,0.0,0,0.033744264
23828,1.0,1,0.5694507
1072,1.0,0,0.08418788
15951,1.0,1,0.5429882
20918,1.0,0,0.47054395
24188,0.0,0,0.07528497
13239,1.0,1,0.53284824
12256,1.0,0,0.28695422
13939,0.0,0,0.091916576
21262,0.0,0,0.15759723
216,0.0,0,0.3838416
17355,0.0,0,0.19184187
7122,0.0,0,0.047635376
11080,0.0,0,0.21692011
22769,1.0,0,0.14987823
6437,0.0,0,0.14639129
626,0.0,0,0.30989558
22706,0.0,0,0.24909092
18240,0.0,0,0.069545165
14465,0.0,0,0.041037366
16309,0.0,0,0.07154084
15243,0.0,0,0.099810205
11227,0.0,0,0.04176846
18072,1.0,1,0.6736263
4029,0.0,0,0.10771251
5668,0.0,0,0.03498628
28662,0.0,1,0.54097974
4537,0.0,0,0.067769065
25052,0.0,0,0.045721967
12087,0.0,0,0.10476355
24333,1.0,1,0.50861615
9166,0.0,0,0.07423541
6570,1.0,0,0.4995191
9760,1.0,0,0.08596489
1822,0.0,0,0.06269558
7115,0.0,0,0.0469388
10613,0.0,0,0.12783322
23785,0.0,0,0.07306039
16082,0.0,0,0.06934033
16683,0.0,0,0.07132082
28231,0.0,0,0.17022496
10204,0.0,0,0.06670453
13019,0.0,0,0.044761054
20231,0.0,0,0.36511165
12681,0.0,0,0.1034354
14399,0.0,0,0.041141734
14769,0.0,0,0.060755655
14968,0.0,0,0.16766185
13868,0.0,0,0.18224494
14215,1.0,0,0.20823225
29896,0.0,0,0.107270986
27533,0.0,0,0.11635967
13867,0.0,0,0.2025239
13587,0.0,0,0.103178136
25209,0.0,0,0.079486035
20665,1.0,0,0.35566604
3333,1.0,0,0.13196008
14433,0.0,0,0.078978136
18854,0.0,0,0.3187799
9100,0.0,0,0.07663025
21716,1.0,1,0.6456555
27606,0.0,0,0.41451803
21772,0.0,0,0.39275035
3207,0.0,0,0.08049991
1632,0.0,0,0.07542575
5840,0.0,0,0.18099606
4434,0.0,0,0.036282394
1903,0.0,0,0.056257438
3375,0.0,0,0.09281236
17980,0.0,0,0.12831728
29598,0.0,0,0.0707391
25594,0.0,0,0.15220362
28059,0.0,0,0.11173938
21177,0.0,0,0.07301073
7089,0.0,0,0.042529754
23068,0.0,0,0.03423085
8685,0.0,0,0.1385985
27936,0.0,0,0.28835452
14319,0.0,0,0.06760283
8758,0.0,0,0.13927169
22431,0.0,1,0.5815472
3981,1.0,0,0.048714254
26206,0.0,0,0.20635515
22417,0.0,1,0.63465524
17324,1.0,1,0.5102969
4351,1.0,0,0.14671364
6107,0.0,0,0.31255913
15145,0.0,0,0.042817622
22169,1.0,1,0.5359024
24683,0.0,0,0.036583185
24211,0.0,0,0.08371759
17396,0.0,1,0.70144445
5876,1.0,0,0.05503615
9426,0.0,1,0.5916289
21311,1.0,1,0.50941795
16892,0.0,0,0.27377322
6993,0.0,0,0.07447271
396,0.0,0,0.114660084
17731,0.0,0,0.20075846
9762,0.0,1,0.5950344
22405,0.0,0,0.04683605
12972,1.0,0,0.14739536
27434,0.0,0,0.03849381
25621,0.0,0,0.068867385
16916,0.0,0,0.041045472
28764,1.0,0,0.08911804
7959,0.0,0,0.08445919
13437,0.0,0,0.16366485
13652,0.0,0,0.14406584
9032,1.0,1,0.6771682
20285,0.0,1,0.67325157
5312,0.0,0,0.30593473
10045,0.0,0,0.30513248
19704,0.0,0,0.11170377
19119,0.0,0,0.067373574
642,0.0,0,0.1183224
3676,0.0,0,0.3514985
17377,0.0,0,0.104627095
7370,0.0,0,0.19742346
17178,0.0,0,0.19406822
26850,1.0,1,0.5752309
6352,1.0,0,0.15947323
18962,0.0,1,0.6824006
3954,0.0,0,0.114629015
11231,1.0,0,0.28496993
477,0.0,0,0.10947838
26358,0.0,0,0.04867153
5356,0.0,0,0.13303503
1982,1.0,1,0.66731304
27733,0.0,0,0.15968765
15492,0.0,0,0.07731432
18455,1.0,1,0.5555092
15483,0.0,0,0.13170241
16997,0.0,0,0.13088983
24606,0.0,0,0.05667345
8199,0.0,0,0.49680358
5021,0.0,0,0.039733738
1384,0.0,0,0.036796056
8530,0.0,0,0.049112096
7778,1.0,0,0.06141341
7750,1.0,0,0.05603431
26500,0.0,0,0.2028115
262,0.0,0,0.1125685
295,0.0,0,0.26670727
6655,1.0,0,0.32824376
10875,1.0,0,0.049952943
14031,1.0,0,0.32784632
18611,1.0,0,0.07617431
12301,0.0,0,0.18777864
12278,0.0,0,0.1096666
15178,0.0,0,0.2755539
18548,0.0,0,0.10547399
10288,1.0,0,0.22235993
13933,0.0,1,0.680994
18782,0.0,0,0.26937127
3498,0.0,0,0.05927395
10784,0.0,0,0.05165824
19331,0.0,0,0.034801
18089,0.0,0,0.35557944
17540,0.0,1,0.62839806
15965,1.0,1,0.57309264
24964,0.0,0,0.05436814
12560,0.0,0,0.07552357
17999,0.0,0,0.43010905
12990,0.0,0,0.17355554
19772,0.0,0,0.0864747
20855,1.0,1,0.588994
19927,1.0,0,0.14556056
11263,0.0,0,0.26276487
25055,1.0,0,0.15101287
24803,0.0,0,0.07684654
8144,0.0,0,0.33529595
29028,1.0,0,0.07910247
9670,0.0,0,0.13233943
5910,0.0,0,0.046138838
14903,0.0,0,0.046299435
29222,0.0,0,0.16657783
20084,0.0,0,0.2567572
22196,0.0,0,0.10171816
18419,0.0,0,0.060927067
25813,0.0,0,0.21604832
29629,0.0,0,0.06947938
9063,1.0,1,0.71650726
7613,0.0,0,0.038599674
12270,0.0,0,0.11739911
13671,0.0,0,0.13554706
22620,0.0,0,0.07499828
5769,0.0,0,0.07859483
3189,0.0,0,0.087509796
7196,1.0,0,0.07930264
12280,0.0,0,0.16560404
23413,0.0,0,0.056210805
25622,0.0,0,0.057342276
13838,0.0,0,0.10018588
2485,0.0,1,0.5107889
29989,0.0,0,0.14453563
26918,0.0,0,0.25733915
8943,0.0,0,0.10984216
7499,0.0,0,0.14792553
24427,0.0,0,0.071262315
5981,0.0,0,0.06941167
1539,1.0,0,0.12218753
7658,0.0,0,0.17817473
27634,0.0,0,0.13071407
9744,0.0,0,0.16368014
12736,0.0,0,0.15824054
3538,1.0,1,0.73357856
11914,1.0,0,0.47761568
28908,0.0,0,0.12656337
16105,1.0,0,0.08659544
22633,0.0,0,0.16625498
12504,1.0,0,0.174082
26419,0.0,0,0.22441734
2472,1.0,1,0.7064644
28485,0.0,0,0.115162805
581,1.0,0,0.31292263
6952,1.0,0,0.48567435
20605,0.0,0,0.16798824
26456,0.0,0,0.109916404
2834,0.0,0,0.08263126
15706,0.0,0,0.106324874
2566,0.0,0,0.10801346
28946,0.0,0,0.1550963
29146,1.0,0,0.050219037
9104,0.0,0,0.07634239
25677,0.0,0,0.33746174
12240,1.0,0,0.05486378
8344,0.0,0,0.09963282
26404,0.0,0,0.0733485
23545,0.0,0,0.07828482
20722,1.0,1,0.7014249
16713,0.0,0,0.1292268
7717,0.0,0,0.11930183
20763,0.0,0,0.07529341
23790,0.0,0,0.3069365
2703,0.0,0,0.15248735
17695,0.0,0,0.15020053
5287,1.0,0,0.04792961
4463,0.0,0,0.13658865
4595,1.0,0,0.43456012
857,1.0,1,0.6406922
15400,0.0,0,0.19141147
8754,0.0,0,0.04736232
23164,0.0,0,0.06334202
26254,0.0,0,0.124571845
13974,0.0,0,0.30405438
14425,0.0,0,0.46442008
24910,0.0,0,0.050890774
9277,0.0,0,0.049365778
27258,0.0,0,0.16956633
26397,0.0,0,0.056509066
12820,0.0,1,0.6788944
21053,1.0,1,0.70761734
20963,1.0,0,0.2906694
15521,0.0,0,0.0530529
24675,1.0,0,0.47924912
25511,1.0,1,0.66679615
29597,0.0,0,0.11199849
29469,0.0,0,0.15183611
26811,0.0,0,0.1158902
12005,0.0,0,0.12735236
9237,0.0,0,0.14951606
29392,1.0,0,0.27630553
22082,0.0,0,0.21119611
13003,0.0,0,0.09580792
29391,0.0,0,0.061529327
1275,0.0,0,0.09898064
23030,0.0,0,0.20138179
15887,0.0,0,0.26208237
26493,1.0,0,0.15075584
19429,0.0,0,0.31352204
18006,1.0,1,0.7083688
16587,0.0,0,0.052768618
10450,0.0,0,0.21904251
26393,0.0,0,0.06654697
12890,0.0,0,0.041800592
21415,0.0,0,0.09048478
27729,0.0,0,0.12784082
26732,0.0,0,0.1102637
10046,0.0,0,0.110971004
23274,0.0,0,0.10604579
16735,0.0,0,0.14383672
8756,1.0,0,0.30023614
17405,0.0,0,0.072976045
21411,0.0,1,0.6065541
7008,0.0,0,0.0430453
19538,0.0,0,0.14164393
27184,0.0,0,0.04540981
3310,0.0,0,0.16954437
6876,1.0,0,0.36931476
28635,0.0,0,0.094103366
10687,0.0,0,0.38245028
28495,0.0,0,0.10806969
2632,0.0,0,0.07351958
24708,0.0,0,0.059416164
22713,0.0,0,0.11080202
16241,0.0,0,0.09459619
14305,0.0,0,0.14660288
11875,0.0,1,0.53753406
17270,0.0,0,0.06557409
18542,0.0,0,0.05087456
13697,0.0,1,0.6480388
4786,0.0,0,0.08515301
20144,0.0,0,0.034671657
25560,0.0,0,0.041440092
17520,0.0,1,0.66490406
25731,0.0,0,0.36904037
23890,0.0,0,0.22531568
5405,1.0,1,0.59346044
2635,1.0,0,0.18274155
17702,0.0,0,0.2263878
16946,0.0,0,0.3017425
25880,0.0,0,0.0685073
15528,0.0,0,0.07287667
4731,0.0,0,0.03932043
9996,0.0,0,0.24955073
3241,0.0,0,0.17980391
11694,0.0,0,0.16290955
21117,0.0,0,0.3067018
17418,0.0,0,0.38343477
13942,1.0,0,0.22549959
26463,0.0,0,0.19715385
23273,0.0,0,0.2852625
24861,0.0,0,0.23674382
19977,0.0,0,0.11660403
22760,1.0,1,0.71972245
2307,0.0,0,0.3216368
5574,0.0,0,0.038540456
29008,0.0,0,0.10075484
10783,0.0,0,0.32815874
2031,0.0,0,0.049439337
29364,0.0,0,0.07387778
23505,0.0,0,0.093150415
13093,1.0,0,0.35706264
2836,1.0,1,0.68568057
13235,1.0,0,0.22113144
14241,0.0,0,0.052228224
13177,0.0,0,0.1606435
17122,1.0,1,0.7073564
15660,0.0,0,0.14307462
1000,0.0,0,0.49870992
29249,1.0,0,0.3511088
10290,0.0,0,0.10876169
1744,0.0,0,0.25505915
21701,0.0,0,0.051740643
29042,1.0,0,0.1293324
13810,0.0,0,0.4858614
6026,1.0,0,0.4340518
2426,0.0,1,0.5625735
14915,1.0,1,0.66783816
21882,0.0,0,0.13465391
12057,0.0,0,0.11549445
28678,0.0,0,0.032427263
13575,0.0,0,0.09154406
10187,1.0,1,0.5837808
26001,0.0,0,0.1286913
12026,0.0,0,0.052156843
5627,1.0,0,0.37451315
19900,1.0,0,0.20696938
26852,0.0,1,0.6446106
19102,1.0,0,0.31932667
4263,1.0,1,0.50440186
28766,0.0,0,0.03434911
19656,0.0,0,0.06272139
25265,0.0,0,0.13428177
13733,0.0,0,0.045319766
8410,0.0,0,0.061729584
10314,0.0,0,0.112752505
20177,0.0,0,0.41797385
11726,1.0,0,0.046224464
18363,1.0,0,0.12058731
21588,0.0,0,0.3437376
819,0.0,0,0.10603346
2711,0.0,0,0.045632437
8389,1.0,0,0.15421674
16867,0.0,0,0.1632392
4256,0.0,0,0.15059654
14794,1.0,1,0.63500595
14332,0.0,0,0.055882156
25940,0.0,0,0.06394625
16524,0.0,0,0.1390787
7506,1.0,0,0.3546492
14705,0.0,0,0.09494015
5360,0.0,0,0.05343028
22802,0.0,0,0.05114973
15450,0.0,0,0.051962905
17138,1.0,0,0.28956145
22091,1.0,0,0.3418471
5148,1.0,1,0.64149076
28623,0.0,0,0.14961028
15878,1.0,0,0.15158127
15542,0.0,0,0.1647219
7175,0.0,1,0.6361992
12387,1.0,0,0.3890087
21427,0.0,0,0.11212512
25094,0.0,0,0.06803471
6070,0.0,0,0.045808982
10195,1.0,1,0.6831964
16809,0.0,0,0.09617591
10927,0.0,0,0.14599918
2689,1.0,0,0.046582818
20985,0.0,0,0.05067348
1418,0.0,1,0.5338935
3917,1.0,0,0.386197
19728,1.0,0,0.05351189
7490,0.0,0,0.23384379
5739,1.0,1,0.6399268
21921,1.0,0,0.10821412
14224,0.0,0,0.15086661
6809,0.0,0,0.05027917
13535,0.0,0,0.12754971
2176,0.0,0,0.09749452
18389,0.0,0,0.11035385
20004,0.0,0,0.04178144
5979,0.0,0,0.13785322
7679,0.0,0,0.08085121
25906,0.0,0,0.13142397
3348,0.0,0,0.07850046
11349,0.0,0,0.055176135
18195,0.0,0,0.07509402
24772,0.0,0,0.4046784
26753,0.0,0,0.06585951
8117,0.0,0,0.16510832
5314,0.0,0,0.33189937
29636,0.0,0,0.13781612
23443,0.0,0,0.12941028
19332,0.0,0,0.1495365
21985,0.0,0,0.23740971
4993,1.0,1,0.6477159
16565,0.0,0,0.044741828
25264,0.0,0,0.13366285
26096,0.0,0,0.136954
10139,1.0,0,0.48542714
11030,0.0,0,0.13624191
3007,0.0,0,0.079804905
2369,0.0,0,0.04259729
19307,0.0,0,0.07384921
12823,0.0,1,0.6679428
11782,0.0,0,0.086444296
23039,0.0,0,0.056691464
29665,0.0,0,0.12978242
9320,0.0,0,0.045732398
24356,0.0,0,0.12902604
2860,0.0,0,0.25750932
4502,1.0,0,0.07463355
26428,0.0,0,0.09851276
6024,0.0,0,0.38268638
29316,0.0,0,0.057310145
5741,0.0,0,0.07893273
20993,1.0,1,0.6674095
3122,0.0,0,0.13317575
9274,0.0,0,0.041836724
26083,0.0,1,0.69588596
23695,0.0,1,0.5613487
5286,0.0,0,0.04945924
14177,1.0,0,0.28507724
25861,0.0,0,0.050971024
18586,0.0,0,0.04052939
4305,0.0,0,0.14987476
7040,0.0,0,0.10364134
7260,0.0,0,0.11037241
16447,1.0,1,0.6120902
9809,0.0,0,0.061103683
5778,0.0,0,0.06369531
12622,0.0,0,0.060170837
20279,1.0,0,0.102426425
20923,1.0,0,0.13664523
6415,0.0,0,0.26227498
12829,0.0,0,0.30542815
28705,0.0,0,0.15228675
19239,0.0,0,0.08531733
3129,0.0,0,0.41822967
19739,0.0,0,0.10656715
6752,1.0,0,0.1377396
28903,0.0,0,0.28029308
6320,0.0,0,0.10755122
26763,0.0,0,0.25503245
22440,0.0,0,0.039476488
3887,0.0,0,0.08033943
18607,1.0,0,0.31479213
778,0.0,0,0.20810542
2666,0.0,0,0.09618537
3686,0.0,0,0.054530986
1351,0.0,0,0.31395772
15514,1.0,0,0.062402543
18916,0.0,0,0.25278613
7269,0.0,1,0.5672173
7155,1.0,1,0.65845823
6790,0.0,0,0.12533787
14960,0.0,0,0.15969606
29577,1.0,1,0.69023603
9325,0.0,0,0.08025411
23500,0.0,0,0.12448584
21338,0.0,0,0.07944721
20073,0.0,0,0.04561024
10283,0.0,0,0.061639506
16965,0.0,0,0.04757257
15862,1.0,1,0.5464277
27059,0.0,0,0.12546347
4672,0.0,0,0.079398684
9268,0.0,0,0.09853779
23126,1.0,0,0.083738826
509,0.0,0,0.30985692
25424,0.0,0,0.06744195
4287,0.0,0,0.10909265
25980,0.0,0,0.04181428
11671,0.0,0,0.16958784
10096,0.0,1,0.5423272
11994,0.0,1,0.6015646
4766,0.0,0,0.04261797
9118,0.0,0,0.040978793
12263,0.0,0,0.3942937
13327,1.0,0,0.12746137
4563,0.0,0,0.073997475
20768,1.0,0,0.06542894
27697,1.0,1,0.59227276
24041,0.0,0,0.08805392
22383,0.0,0,0.06458555
16460,1.0,1,0.5045046
4767,0.0,0,0.103910476
26881,0.0,1,0.6074531
28208,0.0,0,0.19460125
24750,0.0,0,0.40143594
22093,0.0,0,0.038875725
14966,0.0,0,0.17537953
12378,0.0,0,0.062406693
28994,1.0,0,0.041696455
10718,0.0,0,0.14206529
18519,1.0,1,0.70411146
24017,0.0,0,0.109006815
4266,0.0,0,0.04050085
15224,1.0,0,0.05623594
24421,0.0,0,0.05739886
24701,0.0,0,0.04100079
29839,1.0,0,0.05953817
16595,1.0,1,0.61347634
23760,1.0,0,0.29948702
29719,0.0,0,0.17400257
8903,0.0,0,0.054572694
22627,0.0,0,0.055768527
24729,0.0,0,0.067789465
28993,0.0,0,0.06513002
478,0.0,0,0.41386098
19002,0.0,0,0.23047693
4388,1.0,1,0.6783852
21125,0.0,0,0.06403439
25125,0.0,0,0.101436965
7157,0.0,0,0.13841765
12022,1.0,1,0.6878993
28454,1.0,1,0.56047034
1377,0.0,0,0.13257498
28756,0.0,0,0.038839895
5790,0.0,0,0.13581015
20598,1.0,0,0.16097511
13943,0.0,0,0.13125521
13603,0.0,0,0.18232428
24752,0.0,0,0.123593785
11907,1.0,0,0.2862758
22397,0.0,0,0.069706276
14286,0.0,0,0.039213568
24099,0.0,0,0.049990218
6970,0.0,0,0.23188275
21437,0.0,0,0.118899286
26091,0.0,0,0.055449672
9567,1.0,0,0.39986044
25197,1.0,1,0.65652514
20815,0.0,0,0.12561251
13998,1.0,1,0.6443278
23351,1.0,0,0.056077845
8176,1.0,0,0.055888798
28714,0.0,0,0.081137985
8073,0.0,0,0.064911604
13850,0.0,0,0.40490583
27869,1.0,0,0.08733639
17774,0.0,0,0.06568282
1759,0.0,0,0.10816704
29737,0.0,0,0.13346112
8465,0.0,0,0.042092554
22501,0.0,0,0.11580658
18560,0.0,0,0.11540921
7856,0.0,0,0.14318492
21303,0.0,0,0.1245258
12949,1.0,0,0.35456806
17463,0.0,0,0.044547327
12727,0.0,0,0.054489132
847,0.0,0,0.11710987
21153,0.0,0,0.14075458
25303,0.0,0,0.39418632
27663,0.0,0,0.44098923
27852,0.0,0,0.40410838
29514,0.0,1,0.5014951
16824,0.0,0,0.060302448
4319,0.0,0,0.051245123
449,0.0,0,0.05488862
20366,0.0,0,0.11068382
13484,0.0,0,0.080445185
1276,1.0,0,0.19224314
28630,0.0,0,0.062918015
25883,0.0,0,0.1405665
17893,0.0,0,0.32710886
4385,0.0,0,0.1370776
18601,0.0,0,0.15353411
12610,1.0,1,0.6239109
14604,0.0,0,0.07815636
27746,0.0,0,0.11174356
4415,0.0,0,0.109726675
17933,0.0,0,0.06816456
18472,0.0,0,0.13040844
11228,0.0,0,0.06624346
7049,1.0,1,0.66020864
29019,0.0,0,0.18479334
25194,1.0,0,0.29600766
5106,0.0,0,0.09488086
2832,0.0,0,0.180491
21443,0.0,0,0.060917147
12432,0.0,0,0.049625102
25786,0.0,0,0.09835007
28207,1.0,0,0.17775483
8267,0.0,0,0.040312253
14440,1.0,1,0.72916126
8690,1.0,0,0.15605368
23425,0.0,0,0.038664397
25492,0.0,0,0.11603089
14758,0.0,0,0.38764003
25807,0.0,0,0.051369853
11899,0.0,0,0.05824383
16495,0.0,0,0.08645294
25177,0.0,1,0.57999676
5867,0.0,0,0.06948253
6353,0.0,1,0.67813486
14197,0.0,0,0.0457349
27107,0.0,0,0.14044032
26648,1.0,1,0.58080804
15256,0.0,0,0.17041491
14606,0.0,0,0.16543882
10754,1.0,0,0.07199032
27365,0.0,0,0.337882
8550,0.0,0,0.095042124
10762,1.0,0,0.12817876
10617,0.0,0,0.05388291
6166,0.0,0,0.10169991
24509,0.0,0,0.15475224
6530,0.0,0,0.13463002
28076,0.0,0,0.08608441
627,0.0,0,0.087132946
1544,0.0,0,0.18994749
4039,0.0,0,0.107957914
23128,0.0,0,0.059460085
9206,0.0,0,0.12353199
8044,1.0,0,0.060163368
8255,0.0,0,0.28046265
5614,0.0,0,0.17704846
22823,0.0,0,0.08445335
16643,0.0,1,0.61082274
18492,0.0,0,0.05792821
18559,0.0,0,0.047390446
28259,0.0,0,0.16931826
15463,0.0,0,0.16800958
15873,0.0,0,0.054746922
17819,0.0,0,0.14746113
26651,0.0,0,0.34961593
6223,0.0,0,0.09503425
17912,1.0,0,0.15115336
16278,0.0,0,0.042932678
23989,0.0,0,0.19891867
25231,0.0,0,0.10726813
5972,1.0,0,0.1385483
25851,1.0,0,0.15192735
21058,1.0,1,0.71002483
19552,0.0,1,0.53620064
23715,0.0,0,0.060640793
3492,0.0,0,0.03782605
26362,0.0,0,0.12435099
28540,0.0,0,0.06463286
11739,1.0,1,0.56927985
8562,0.0,0,0.3197349
24854,0.0,0,0.053016305
28500,0.0,0,0.055676293
988,0.0,0,0.15826519
9031,0.0,0,0.070680976
13802,0.0,0,0.3148606
15569,0.0,0,0.06907326
11728,1.0,0,0.1450077
12741,0.0,0,0.15235317
22076,0.0,0,0.179667
22756,1.0,0,0.061005857
4965,0.0,0,0.048044804
2569,0.0,0,0.47669047
11876,0.0,0,0.044847924
15807,0.0,0,0.059091017
27494,1.0,0,0.10892713
11222,0.0,0,0.1747754
29880,0.0,0,0.05644397
6671,0.0,0,0.042306714
26632,0.0,0,0.41076064
2885,0.0,0,0.05559641
14684,0.0,0,0.05182708
4424,0.0,0,0.12824242
6934,0.0,0,0.13503857
20250,0.0,0,0.23201902
27166,0.0,0,0.31586063
12784,0.0,0,0.15984645
13707,0.0,0,0.11067648
2375,1.0,1,0.6760418
21245,0.0,0,0.12698382
5745,0.0,0,0.0605924
25872,0.0,0,0.1625179
13629,0.0,0,0.11417673
24538,0.0,0,0.18231168
4901,1.0,0,0.17692874
26867,1.0,0,0.12923543
29676,0.0,0,0.06412293
22255,0.0,0,0.052250754
28552,0.0,0,0.15462023
1465,0.0,0,0.08325592
132,0.0,0,0.1557827
10943,1.0,0,0.2421061
18200,0.0,0,0.048807345
3521,0.0,0,0.29576996
28216,0.0,0,0.28605658
17315,0.0,0,0.42225087
1627,0.0,0,0.196526
1475,1.0,0,0.11159631
16374,0.0,0,0.037698623
27,1.0,0,0.2682814
23309,0.0,0,0.07523696
21189,1.0,0,0.088824876
29718,1.0,0,0.08497504
21993,0.0,0,0.062329505
12959,1.0,0,0.33967683
18762,0.0,0,0.041190196
666,0.0,0,0.12575234
17164,0.0,0,0.13992867
12427,0.0,0,0.13017751
20579,0.0,0,0.103492096
26707,1.0,1,0.5751185
1707,0.0,1,0.71745604
26967,0.0,0,0.15862997
3811,0.0,0,0.06273492
8072,0.0,0,0.12787093
4710,0.0,0,0.055020273
14327,0.0,0,0.08794258
20377,0.0,0,0.07693946
16821,0.0,0,0.40808657
25106,0.0,0,0.07610105
1685,0.0,0,0.07785565
4306,0.0,0,0.1743317
28813,0.0,0,0.042002052
23255,0.0,0,0.07321505
15704,0.0,0,0.15481892
27054,1.0,1,0.6628686
13970,0.0,0,0.06788782
17066,0.0,0,0.10871298
6718,1.0,0,0.2181804
18734,0.0,0,0.14352423
19125,0.0,0,0.050379768
24403,0.0,0,0.05993376
27350,0.0,0,0.22625725
7799,0.0,0,0.38112724
22062,0.0,0,0.060445033
15209,0.0,0,0.4086491
12751,1.0,1,0.51931095
18906,0.0,0,0.15115483
352,0.0,0,0.1078259
8837,0.0,0,0.060917042
1260,0.0,1,0.5069142
27310,0.0,0,0.042891122
29584,0.0,0,0.12943944
24400,0.0,0,0.092025645
