customer_id,actual_default,predicted_default,default_probability
6908,0.0,0,0.13382089
24576,0.0,0,0.096871905
26767,0.0,0,0.17479615
2157,1.0,0,0.107573785
3180,0.0,0,0.025375929
29383,0.0,1,0.7510638
24455,0.0,0,0.13727638
23887,0.0,0,0.031231709
5505,0.0,0,0.047831055
29721,0.0,0,0.048107415
6909,0.0,0,0.22439912
2160,0.0,0,0.1911088
20843,1.0,0,0.18651506
25129,0.0,0,0.09132109
18809,0.0,0,0.049778856
19078,0.0,0,0.46465546
24732,0.0,0,0.03368863
3055,1.0,0,0.20364057
8489,0.0,0,0.10268312
23922,0.0,0,0.15865904
8788,0.0,0,0.024197288
15140,1.0,0,0.18149835
12739,0.0,0,0.08082844
25032,0.0,0,0.16588646
20340,1.0,0,0.2832627
10309,0.0,0,0.1947437
14602,0.0,0,0.099478684
3592,0.0,0,0.055447794
3561,1.0,1,0.76315755
24891,0.0,0,0.46681693
27482,1.0,0,0.15377674
10272,0.0,0,0.16041668
16626,1.0,1,0.7808
26721,0.0,0,0.16928217
25616,0.0,0,0.080693394
8313,0.0,0,0.10770304
12180,0.0,0,0.064695835
1560,1.0,0,0.108848564
6134,0.0,0,0.055198118
24413,1.0,0,0.48398298
24096,0.0,0,0.16103125
29296,0.0,1,0.70925814
5520,0.0,0,0.1877055
6850,0.0,0,0.12971997
12314,0.0,0,0.13181555
24062,0.0,0,0.07432504
14990,0.0,0,0.16477765
28443,0.0,1,0.66148
14702,0.0,0,0.10751851
27686,0.0,0,0.31401503
29569,0.0,0,0.17317703
28885,0.0,0,0.054818887
2422,1.0,1,0.72784793
9007,1.0,1,0.7982531
20661,1.0,0,0.1609043
20334,0.0,0,0.02246461
26444,0.0,0,0.13219976
10956,0.0,0,0.022470094
18160,0.0,0,0.030545168
12067,1.0,1,0.76776737
13426,0.0,0,0.21203521
9386,1.0,1,0.6588104
27185,1.0,0,0.36662802
22388,0.0,0,0.14113238
21907,0.0,0,0.17183715
7002,0.0,0,0.039649475
6745,1.0,0,0.42322418
17779,0.0,1,0.76027304
23308,1.0,0,0.03986025
22443,1.0,0,0.057602413
21144,1.0,0,0.16247912
27797,0.0,0,0.0811974
22408,0.0,0,0.024155019
9493,1.0,0,0.47471666
29959,0.0,0,0.1920339
7439,0.0,0,0.23394406
18923,0.0,0,0.03862152
26426,0.0,0,0.049602818
1047,1.0,0,0.21824877
19774,0.0,0,0.13078457
14584,1.0,1,0.64648974
13474,0.0,0,0.06106695
24177,0.0,0,0.36746365
9037,0.0,0,0.17545018
21394,1.0,0,0.19495513
11851,1.0,0,0.29469037
1133,0.0,1,0.76373655
25283,0.0,0,0.14066881
22534,0.0,0,0.09734832
15693,0.0,0,0.21489419
17400,0.0,0,0.16352193
8352,0.0,0,0.1565712
19583,0.0,0,0.10080137
19698,1.0,1,0.737123
11947,1.0,0,0.4062615
20514,0.0,0,0.2270815
3927,0.0,0,0.17406797
23502,0.0,0,0.46977216
2657,1.0,0,0.41301596
17183,0.0,0,0.041335315
26571,0.0,0,0.237247
11068,0.0,0,0.21570711
28080,0.0,0,0.15974298
26225,0.0,0,0.06796715
17283,1.0,0,0.17449129
4311,0.0,0,0.18275355
9719,1.0,0,0.33913302
7449,0.0,0,0.02274922
7938,0.0,0,0.20836563
28867,0.0,0,0.06962123
6348,0.0,0,0.40753004
20913,0.0,0,0.17901342
7018,0.0,0,0.19911817
1943,0.0,0,0.051740896
9819,0.0,0,0.1189689
19997,1.0,0,0.1669466
17721,0.0,0,0.27011326
15675,0.0,0,0.1338247
10312,0.0,0,0.081170626
20130,1.0,1,0.6917234
18057,0.0,0,0.029621635
14594,0.0,0,0.25252688
27749,1.0,1,0.59761924
4091,0.0,0,0.12870994
19736,0.0,0,0.03046364
26723,0.0,0,0.055706125
19295,0.0,0,0.09731947
9234,0.0,1,0.67307603
14822,0.0,0,0.2724612
23541,0.0,0,0.27626446
16730,1.0,1,0.5088058
17619,1.0,0,0.43634206
21999,0.0,0,0.040578797
23643,0.0,0,0.044218343
14974,1.0,1,0.7499765
9503,0.0,0,0.11677539
2752,0.0,0,0.2993593
25477,0.0,0,0.11866533
10325,0.0,0,0.051465675
4073,0.0,0,0.03446605
6883,0.0,0,0.07234006
7147,0.0,0,0.102851644
16126,1.0,1,0.74278265
18094,0.0,0,0.2723722
19646,0.0,0,0.05593899
3865,0.0,0,0.16216871
29016,1.0,1,0.65742594
6817,0.0,0,0.046141587
13742,1.0,0,0.06867718
14255,0.0,0,0.4062599
9012,1.0,1,0.68852496
198,0.0,0,0.14595097
7007,0.0,0,0.21667443
8332,0.0,0,0.08476416
17483,1.0,1,0.6290291
14916,0.0,0,0.029743701
6464,0.0,0,0.05611941
27677,0.0,0,0.097295806
4517,0.0,0,0.19247937
18622,0.0,0,0.19675238
19848,0.0,0,0.25148517
1497,1.0,1,0.71115524
13146,0.0,0,0.08609974
7815,0.0,0,0.13584606
15374,0.0,0,0.0500577
22791,0.0,0,0.22768815
2940,0.0,0,0.024082981
22036,0.0,0,0.07347315
10373,0.0,0,0.17722398
19931,0.0,0,0.14007676
25237,0.0,0,0.07730444
27369,0.0,0,0.42031094
8108,0.0,0,0.1945631
15961,0.0,0,0.05037728
28299,0.0,0,0.16192013
17847,1.0,1,0.8155583
14304,0.0,0,0.4273713
29682,1.0,0,0.43373507
3952,0.0,0,0.068014994
23768,0.0,0,0.31763348
11084,1.0,0,0.35790443
8947,0.0,0,0.23644681
12871,1.0,0,0.18768711
10338,1.0,1,0.72793716
15113,0.0,0,0.16484454
13901,0.0,0,0.17397164
5264,0.0,0,0.042075705
28533,1.0,1,0.5662115
10652,0.0,0,0.050187796
25426,0.0,0,0.18165915
21512,1.0,0,0.22668383
14663,0.0,0,0.025711238
4431,0.0,0,0.024610626
13348,0.0,0,0.33776963
27767,1.0,0,0.34239092
1758,0.0,0,0.18669528
28362,0.0,0,0.06581163
29142,0.0,0,0.023060642
21662,0.0,0,0.18981877
21807,0.0,0,0.09422066
14514,0.0,0,0.024136098
29215,1.0,0,0.49565962
25902,0.0,0,0.19296274
24208,0.0,0,0.20044182
2471,1.0,1,0.74822545
4750,0.0,0,0.22414191
6858,1.0,0,0.24769443
4656,0.0,0,0.21509008
803,0.0,0,0.20078439
27236,0.0,1,0.70330936
15034,1.0,1,0.7892237
27199,1.0,0,0.29679954
15057,0.0,0,0.47583628
27653,0.0,0,0.4380024
6732,0.0,0,0.080496624
11711,0.0,0,0.3022026
19825,1.0,1,0.6703107
9131,1.0,1,0.6640123
22690,0.0,0,0.03950484
6572,0.0,0,0.17183457
22928,0.0,0,0.16265753
13981,0.0,0,0.16360062
18913,0.0,0,0.114865094
10329,0.0,0,0.30549273
9387,0.0,0,0.2648974
13137,0.0,0,0.066290416
16328,0.0,0,0.19587776
1358,1.0,1,0.66205233
20939,0.0,0,0.0613005
2009,1.0,0,0.35869366
12091,0.0,0,0.3994699
13875,0.0,0,0.043045294
21259,0.0,0,0.02581744
18956,1.0,0,0.18680505
20586,0.0,0,0.035851575
10033,1.0,0,0.13219579
16854,1.0,1,0.7871746
25602,0.0,0,0.18296602
29528,0.0,0,0.07503816
12053,0.0,0,0.11067911
2074,0.0,0,0.10039695
2536,0.0,0,0.18578294
26476,1.0,0,0.348422
14401,0.0,0,0.043411218
25784,0.0,0,0.067845985
27455,0.0,0,0.4104639
27473,0.0,0,0.06493405
12697,0.0,0,0.16159792
10572,1.0,0,0.1960284
6309,0.0,0,0.09588165
28317,0.0,0,0.07755663
5251,0.0,0,0.21002115
21422,0.0,0,0.035457764
19842,0.0,0,0.04096106
12129,1.0,0,0.16911025
28582,0.0,1,0.6714718
20737,0.0,0,0.3802024
15102,0.0,0,0.12343147
25448,0.0,0,0.05066261
21023,0.0,0,0.12618695
19604,1.0,0,0.19640565
25368,0.0,0,0.07980309
5989,0.0,1,0.58526117
7478,0.0,0,0.11475761
14542,1.0,1,0.69296044
20954,0.0,0,0.30973092
22650,0.0,0,0.12080182
14815,0.0,0,0.1651527
21387,0.0,0,0.100813285
5976,0.0,0,0.1873075
14413,0.0,0,0.0795568
11693,0.0,0,0.37245616
22518,0.0,0,0.32969242
10881,0.0,0,0.18552674
28107,0.0,0,0.027485982
23301,0.0,0,0.04255683
14152,0.0,0,0.33479914
1500,0.0,0,0.20726514
593,0.0,0,0.06388983
10093,0.0,0,0.0520237
15152,1.0,1,0.80144334
2140,1.0,0,0.15263589
27161,1.0,1,0.7306117
4828,0.0,0,0.16276473
21812,1.0,1,0.73365015
21400,0.0,0,0.16218106
6179,0.0,0,0.14151391
20358,1.0,0,0.18957505
19401,0.0,1,0.54307556
21499,0.0,0,0.17456779
12657,0.0,0,0.08065941
12997,1.0,1,0.6691617
25227,0.0,0,0.41453302
7960,0.0,1,0.63988525
6548,0.0,0,0.05205427
18567,0.0,0,0.18612441
5590,0.0,0,0.1691482
9074,0.0,0,0.33382818
18310,0.0,0,0.19773926
5023,0.0,0,0.25284752
27291,0.0,0,0.056146923
21204,1.0,0,0.26837313
27490,0.0,0,0.12300589
15532,1.0,1,0.6450537
13795,0.0,0,0.15082517
19903,0.0,0,0.09066799
12442,0.0,0,0.08265319
10761,0.0,0,0.18847686
5160,0.0,0,0.09981055
3141,1.0,0,0.48337445
23486,0.0,0,0.19201992
15768,0.0,0,0.30743793
27496,1.0,0,0.26016825
27603,0.0,0,0.023968223
6062,0.0,1,0.71423024
8658,1.0,0,0.06354101
3295,0.0,0,0.020342527
11157,0.0,0,0.04901477
21002,1.0,1,0.6317211
18017,0.0,0,0.4081483
22753,0.0,0,0.16866237
28033,0.0,1,0.69766694
19190,1.0,0,0.24833208
4620,0.0,0,0.098889716
29121,0.0,0,0.17800446
15337,0.0,0,0.212784
2720,0.0,0,0.05693578
13923,1.0,0,0.2865515
18099,0.0,0,0.42680463
5500,0.0,0,0.035665136
5413,0.0,0,0.3010888
26117,0.0,0,0.12220137
21995,0.0,0,0.04916835
4019,1.0,0,0.3583379
25324,0.0,0,0.056253262
2252,0.0,1,0.7633551
27850,0.0,1,0.6821879
3464,0.0,0,0.1765156
248,0.0,0,0.072719984
26862,0.0,0,0.04564126
14764,1.0,1,0.66579056
2748,0.0,0,0.048066806
25164,0.0,0,0.1670613
2311,0.0,0,0.41565526
19510,0.0,0,0.02909889
7241,0.0,0,0.094119
9912,0.0,0,0.30812156
11492,0.0,0,0.0522237
13170,0.0,0,0.023788309
27670,0.0,0,0.46517402
11290,0.0,0,0.17064197
2919,1.0,0,0.070869595
28417,0.0,0,0.06822449
5915,0.0,0,0.12237648
12243,0.0,0,0.16525327
15811,1.0,1,0.67174786
26009,0.0,0,0.16539875
24743,0.0,0,0.04724718
16523,0.0,0,0.41933665
17470,0.0,0,0.097933896
24342,1.0,1,0.7352582
3331,0.0,0,0.4123199
3729,1.0,0,0.39820746
20336,1.0,1,0.72348475
24388,0.0,0,0.042174187
12553,1.0,0,0.09420091
8401,0.0,1,0.7436557
8542,1.0,0,0.04333817
16006,0.0,0,0.18290973
26468,0.0,0,0.06582637
8466,0.0,0,0.061854586
9551,0.0,1,0.76677203
20920,1.0,1,0.7102331
15819,0.0,0,0.020894948
8810,0.0,0,0.15573548
16388,0.0,0,0.06901928
23134,1.0,0,0.069426484
18745,0.0,0,0.09335574
7477,1.0,0,0.18305658
23602,0.0,0,0.096791856
9714,0.0,0,0.1814936
21858,0.0,0,0.15914707
7597,0.0,0,0.021497857
15198,0.0,0,0.06291191
11076,0.0,0,0.20531453
11908,1.0,1,0.7208926
29690,0.0,0,0.2287017
12372,1.0,0,0.47637147
28451,0.0,0,0.07954994
10131,0.0,0,0.04016668
9357,1.0,0,0.16622826
8225,0.0,0,0.47742265
9135,0.0,0,0.03430905
2494,0.0,0,0.023424981
9727,1.0,0,0.25890902
11910,0.0,0,0.11058141
12154,0.0,0,0.21125327
29525,1.0,1,0.5106135
29301,1.0,1,0.78700155
18349,0.0,0,0.1337102
6921,1.0,0,0.1585758
15975,0.0,0,0.10652936
7445,0.0,0,0.14839123
16133,1.0,1,0.6676477
12760,0.0,0,0.12237645
28248,0.0,0,0.1833321
8280,0.0,0,0.090746164
28167,1.0,0,0.16828367
29088,0.0,1,0.5248676
15157,0.0,0,0.13624914
7534,0.0,0,0.094232075
2841,0.0,0,0.16618042
22503,1.0,0,0.44820336
8142,0.0,0,0.23015939
15900,0.0,0,0.12845218
21166,1.0,1,0.67804587
5547,0.0,0,0.16096829
2643,0.0,0,0.3274696
3199,0.0,0,0.35482714
27983,0.0,0,0.104532234
10311,0.0,0,0.11509959
17044,1.0,1,0.7416265
22322,0.0,0,0.14312665
7243,0.0,0,0.0774706
11755,0.0,0,0.27309185
27691,0.0,0,0.08339507
8775,0.0,0,0.14314117
28163,0.0,0,0.18857005
22712,1.0,0,0.042872068
25207,0.0,0,0.117440425
25909,0.0,0,0.13132621
11550,1.0,0,0.08712837
20944,1.0,1,0.58694994
26980,0.0,0,0.038892042
23627,0.0,0,0.03330483
23772,0.0,0,0.07280986
23044,1.0,0,0.14691043
23576,0.0,0,0.1809923
22105,0.0,0,0.07417442
3833,1.0,0,0.3072027
2776,0.0,0,0.1625186
2102,0.0,1,0.74676126
4095,0.0,0,0.15345983
26726,0.0,0,0.022908948
4772,0.0,0,0.24598636
24127,1.0,1,0.671319
29995,1.0,1,0.7667366
12251,0.0,0,0.033631306
28894,0.0,1,0.6340688
16607,0.0,0,0.15428714
4536,1.0,0,0.28856677
13801,0.0,1,0.68344855
14941,0.0,0,0.13691132
12105,0.0,0,0.312412
9062,0.0,1,0.66183805
3669,0.0,0,0.21983168
22378,0.0,0,0.030036712
15860,0.0,0,0.06759482
21307,0.0,0,0.13109362
19887,0.0,0,0.093866624
10317,1.0,0,0.47249946
13991,0.0,0,0.103091784
24998,0.0,0,0.089600466
27227,0.0,0,0.05180455
23763,0.0,0,0.093386956
20019,0.0,0,0.09368836
17760,0.0,0,0.17250466
2318,0.0,0,0.16704844
306,0.0,0,0.09290168
16555,1.0,1,0.78931725
21197,0.0,0,0.115767226
26513,0.0,0,0.11370682
13717,0.0,0,0.3398038
27895,0.0,0,0.05768663
21481,1.0,1,0.56075364
25083,0.0,0,0.056015212
15530,0.0,0,0.028911723
20440,1.0,0,0.47941175
20806,1.0,0,0.18458734
28593,0.0,0,0.17253041
27705,0.0,0,0.47414
22099,0.0,0,0.046350006
27745,0.0,0,0.110104114
25827,0.0,0,0.023019074
27596,1.0,0,0.13648759
26882,0.0,0,0.031525575
21969,0.0,0,0.17122228
29969,0.0,0,0.22681245
3977,0.0,1,0.6286316
29492,1.0,0,0.29945478
18697,0.0,0,0.04325466
392,1.0,0,0.11115487
27855,0.0,0,0.15419617
17249,1.0,1,0.7353687
18731,1.0,0,0.17128336
150,0.0,0,0.1943622
15802,0.0,0,0.05382392
24689,0.0,0,0.051853012
14883,0.0,0,0.17089386
28401,0.0,0,0.30228812
5001,0.0,0,0.32196847
18236,0.0,0,0.0760478
22044,0.0,0,0.03542552
28424,0.0,0,0.0300767
565,0.0,1,0.7702277
23412,0.0,0,0.10067194
1663,0.0,0,0.37437144
240,1.0,0,0.051358655
3670,0.0,0,0.14766778
13393,0.0,0,0.139953
10816,1.0,1,0.6520649
23754,0.0,0,0.31592748
10429,0.0,0,0.1803259
26420,0.0,0,0.18848246
26784,0.0,0,0.029925998
12231,0.0,0,0.4395387
6471,0.0,0,0.34753913
3651,0.0,0,0.024287743
4262,0.0,0,0.22327724
17739,1.0,1,0.50298053
25974,0.0,0,0.103933774
8898,0.0,0,0.44789058
2498,0.0,0,0.15512018
25615,0.0,0,0.029066427
12819,0.0,0,0.30846652
23323,1.0,0,0.22521316
13577,0.0,0,0.080574766
10103,1.0,1,0.7440614
24289,0.0,0,0.037392423
29859,0.0,0,0.2972945
15888,0.0,0,0.039116215
13669,0.0,0,0.16483659
20235,0.0,0,0.023065435
16687,1.0,0,0.47731528
22287,1.0,0,0.46949872
2391,1.0,0,0.44294456
7283,0.0,0,0.075368114
15546,1.0,1,0.7159906
7948,0.0,0,0.19290005
10815,1.0,0,0.13923225
13240,1.0,0,0.46357405
17449,1.0,0,0.057016402
24137,0.0,0,0.040786397
4919,0.0,0,0.026748462
13882,1.0,0,0.36849204
18281,0.0,0,0.3359224
14737,0.0,0,0.063952304
20948,0.0,0,0.033370007
27636,1.0,0,0.16325964
28730,0.0,0,0.10466771
1774,1.0,1,0.7477975
4907,0.0,0,0.19502117
19891,0.0,0,0.15089124
20145,0.0,0,0.079960056
5462,0.0,0,0.14510863
24013,1.0,1,0.6643313
17622,0.0,0,0.32876864
13113,0.0,0,0.11835396
978,0.0,0,0.12634622
19373,0.0,0,0.02252268
22112,1.0,1,0.67727876
18255,0.0,0,0.15629889
24602,1.0,1,0.6773479
26931,1.0,0,0.18350494
10823,1.0,1,0.75246775
28015,0.0,0,0.091340385
14309,0.0,0,0.027179835
2817,0.0,0,0.147852
7603,1.0,0,0.2814387
26332,0.0,0,0.065895855
22768,0.0,0,0.036131404
8841,0.0,0,0.20334923
10065,1.0,0,0.16359413
22779,0.0,0,0.020686945
690,0.0,0,0.15082195
14928,1.0,0,0.46742874
1085,0.0,0,0.05791387
8895,0.0,0,0.08324456
4008,0.0,0,0.19904971
23519,0.0,0,0.05807791
655,0.0,0,0.2273166
8981,0.0,0,0.04565964
12347,1.0,1,0.73549694
29738,1.0,1,0.62949455
6242,0.0,0,0.0878461
20390,0.0,0,0.49204913
2151,0.0,0,0.16508488
6492,0.0,0,0.2982299
21167,1.0,1,0.7144977
3594,0.0,1,0.73366624
10021,0.0,0,0.20711252
26247,1.0,0,0.4621898
14472,1.0,1,0.7325381
24867,0.0,0,0.25001356
12441,0.0,0,0.050005436
21532,0.0,0,0.1836518
28041,0.0,0,0.21540557
3344,1.0,0,0.18436399
19080,0.0,0,0.13721842
3895,0.0,0,0.15300626
5965,0.0,0,0.07137159
21102,0.0,0,0.40777206
29845,0.0,0,0.034345545
10890,0.0,0,0.05080493
11696,0.0,0,0.30768007
12072,0.0,0,0.2784261
7207,0.0,0,0.16467515
23584,0.0,0,0.1115398
14560,0.0,0,0.070887096
1403,1.0,0,0.14344765
9518,1.0,1,0.5099356
18540,1.0,1,0.666785
898,1.0,1,0.7390728
10735,0.0,0,0.0735111
3077,1.0,0,0.09211145
9991,0.0,0,0.02156547
3398,1.0,0,0.42253196
3460,1.0,0,0.11498371
24760,1.0,1,0.53012854
29814,0.0,0,0.064555585
1635,0.0,0,0.17103016
10076,1.0,0,0.22582579
5763,0.0,0,0.35966477
12046,0.0,0,0.12644494
22698,0.0,0,0.20158403
5932,0.0,0,0.030536178
17862,0.0,0,0.1950456
18751,0.0,0,0.042246208
26152,0.0,0,0.07480196
6252,1.0,0,0.16892296
24408,1.0,0,0.20208395
16081,0.0,0,0.028591909
15822,0.0,0,0.159602
17175,1.0,1,0.70276445
13863,0.0,0,0.20861316
19644,0.0,0,0.027249932
17486,1.0,1,0.7471101
2777,1.0,1,0.6973814
11614,0.0,0,0.25192377
25600,0.0,0,0.29233447
8423,0.0,0,0.03805036
1116,0.0,0,0.047098555
7315,1.0,0,0.08544049
2990,0.0,0,0.101234995
4569,0.0,0,0.16042148
18964,1.0,0,0.3062178
9011,0.0,0,0.19192241
2608,1.0,0,0.12607364
14072,1.0,1,0.62738293
1079,0.0,0,0.23857811
6066,0.0,1,0.6721405
16326,0.0,0,0.45996833
26750,1.0,1,0.66462034
29263,0.0,0,0.18515196
397,0.0,0,0.06776394
23613,0.0,0,0.123570584
1588,0.0,0,0.023125667
26573,0.0,0,0.07930466
20420,0.0,0,0.038867354
21399,1.0,0,0.1268437
11791,0.0,0,0.16683158
11835,0.0,1,0.6683593
4973,0.0,0,0.1770848
17943,0.0,0,0.07837477
18572,0.0,0,0.21679516
27251,0.0,0,0.124951564
29014,0.0,0,0.14000311
24521,0.0,0,0.06421999
22409,0.0,0,0.08799225
757,0.0,0,0.08098691
18118,0.0,0,0.1999726
22617,0.0,0,0.055347987
21314,0.0,0,0.32738918
9763,1.0,0,0.13876309
22895,0.0,0,0.14808156
25143,0.0,0,0.1974946
23932,0.0,0,0.47021726
10790,0.0,0,0.1615358
28283,1.0,0,0.081677034
25666,0.0,0,0.09555358
17816,0.0,0,0.15693521
4105,1.0,1,0.7049952
19243,0.0,0,0.079545885
13771,0.0,0,0.18276878
1089,0.0,0,0.15795535
27744,0.0,0,0.17399803
22180,0.0,0,0.050231375
7039,0.0,0,0.13415387
26297,0.0,0,0.06401857
25943,0.0,0,0.23793063
19342,0.0,0,0.10823156
17993,0.0,0,0.034805104
727,0.0,0,0.054520097
18424,1.0,0,0.039179713
17022,0.0,0,0.4217731
23757,0.0,0,0.02830337
11648,0.0,0,0.120035484
15387,0.0,0,0.22458303
17231,1.0,1,0.7750713
6240,0.0,0,0.023101667
9924,0.0,0,0.16018526
2361,0.0,0,0.2571341
26839,0.0,0,0.05134416
24988,0.0,0,0.024065303
12591,0.0,0,0.18796088
29372,0.0,0,0.13788348
20085,0.0,0,0.04260659
16525,0.0,0,0.4491379
12597,0.0,0,0.05556102
8122,0.0,0,0.13162938
9292,0.0,0,0.036285426
1990,1.0,0,0.1979277
23749,0.0,0,0.119989924
8874,0.0,0,0.040850565
15549,1.0,0,0.04169276
15317,1.0,1,0.6546225
9602,0.0,0,0.055688504
1295,0.0,0,0.14352192
8761,0.0,0,0.11257866
6524,0.0,0,0.13360736
21213,0.0,1,0.7283445
5493,0.0,0,0.22190614
24119,0.0,0,0.025064921
1724,0.0,0,0.0736714
22998,0.0,0,0.021308493
18503,0.0,0,0.07629429
706,1.0,0,0.2082684
28902,0.0,0,0.08121548
26180,0.0,0,0.093871996
27244,1.0,0,0.223079
26057,0.0,0,0.058366306
17519,0.0,0,0.045855485
4402,0.0,0,0.16925594
2334,0.0,0,0.30830735
5044,0.0,0,0.1191964
9191,1.0,1,0.68721443
23093,1.0,0,0.16926458
8379,0.0,0,0.18840003
27874,0.0,0,0.024872888
5803,0.0,0,0.080691844
983,1.0,0,0.02234394
7637,0.0,0,0.07451015
6978,0.0,0,0.027877526
15111,0.0,0,0.47683927
12935,0.0,0,0.07429354
25154,1.0,1,0.50942457
13079,0.0,0,0.19995053
20330,0.0,0,0.33803126
17565,0.0,0,0.14618322
9936,0.0,0,0.1897311
9623,0.0,0,0.2455612
10993,0.0,0,0.14360195
15171,0.0,0,0.058342274
9553,0.0,0,0.1169375
27992,0.0,0,0.1100964
27136,0.0,0,0.024894768
20051,0.0,0,0.18569463
12904,0.0,0,0.11820339
4679,0.0,0,0.12424334
15849,0.0,0,0.149554
19852,0.0,0,0.028520657
1102,1.0,0,0.4484888
6782,0.0,0,0.09025448
13454,0.0,0,0.37286282
17548,1.0,1,0.725553
25688,0.0,0,0.035509564
23105,0.0,0,0.07763872
9098,0.0,0,0.18538979
18903,0.0,0,0.35577887
17350,1.0,0,0.47306088
1756,0.0,0,0.17183597
29947,0.0,0,0.103088155
13696,0.0,0,0.4658224
28835,1.0,0,0.09539632
12371,0.0,0,0.12231193
2932,0.0,0,0.2127086
2142,0.0,0,0.23008706
13880,0.0,0,0.094623886
29932,0.0,0,0.18816207
13919,0.0,0,0.062362988
6424,0.0,0,0.028311923
15202,1.0,1,0.6899982
16177,0.0,0,0.19023842
17532,0.0,0,0.22022393
26591,0.0,0,0.15250692
24660,0.0,0,0.09979814
26387,0.0,0,0.1297267
20564,0.0,0,0.1937502
21676,0.0,0,0.2563492
28280,0.0,0,0.1839679
11145,0.0,0,0.12010126
18881,0.0,0,0.06537684
22883,0.0,0,0.05131265
25269,0.0,0,0.059265986
13740,1.0,1,0.75978214
21684,0.0,0,0.15962395
10739,0.0,0,0.29763407
14889,0.0,0,0.39646268
13621,0.0,0,0.13520622
5009,0.0,0,0.045629393
13084,1.0,1,0.68544614
4905,0.0,0,0.30691108
15201,1.0,1,0.7267748
14108,0.0,0,0.022808725
16703,0.0,0,0.2105902
18578,0.0,0,0.04978783
16052,0.0,0,0.058179777
2724,0.0,0,0.118986696
14435,1.0,0,0.43051285
2117,1.0,0,0.15770304
16520,1.0,0,0.11056324
6335,1.0,1,0.76250225
19400,0.0,0,0.030670283
7488,0.0,0,0.14029832
3913,0.0,0,0.151149
3524,0.0,0,0.17391837
26060,0.0,0,0.059070107
8451,0.0,0,0.02776109
2661,1.0,0,0.21254908
1831,1.0,0,0.15184605
24624,0.0,0,0.05268856
10079,0.0,0,0.091090545
29973,0.0,0,0.062491834
4597,1.0,0,0.27149054
215,0.0,1,0.73066115
1094,1.0,0,0.35713792
22852,1.0,1,0.61147994
13014,0.0,0,0.3543512
7594,0.0,0,0.17547725
20968,1.0,1,0.68932724
5440,0.0,1,0.70228994
12321,0.0,0,0.16056423
14500,0.0,1,0.50902957
20082,0.0,0,0.039686624
25117,1.0,0,0.18646193
13668,0.0,0,0.09896499
10088,0.0,0,0.09634365
1861,0.0,0,0.19083112
23448,0.0,0,0.19890131
14193,0.0,0,0.071827516
28070,0.0,0,0.055926852
27096,0.0,0,0.07495452
27684,1.0,1,0.6581828
19269,0.0,0,0.17986543
9183,0.0,0,0.07107672
19560,0.0,0,0.059802428
3116,0.0,0,0.37976348
14912,0.0,0,0.033341583
3120,0.0,0,0.022186194
13048,0.0,0,0.06082964
8657,0.0,1,0.6556788
21941,0.0,0,0.052818015
22324,0.0,0,0.02268288
3690,0.0,0,0.43400165
26993,0.0,0,0.05523079
14006,0.0,0,0.049431663
27290,0.0,0,0.061102916
5823,0.0,0,0.11297994
28055,1.0,1,0.77045405
6854,1.0,0,0.03128131
22090,0.0,0,0.3944409
20723,0.0,1,0.762232
25545,0.0,0,0.079008855
3792,1.0,0,0.038939293
6538,0.0,0,0.055123124
20746,0.0,0,0.29165283
7046,0.0,0,0.11090219
12706,1.0,1,0.6586662
1795,1.0,0,0.22012463
29435,0.0,0,0.06938148
5122,1.0,0,0.3320803
6700,0.0,0,0.31738684
28991,0.0,0,0.17589061
23241,0.0,0,0.09625199
29547,0.0,0,0.09802802
6487,1.0,1,0.66011125
19565,1.0,0,0.35031056
13221,0.0,0,0.16128701
5121,0.0,0,0.041071776
10859,0.0,0,0.05188256
29671,0.0,1,0.6744931
12598,1.0,0,0.27919516
2071,0.0,0,0.05854789
18747,0.0,0,0.16525185
25990,0.0,0,0.034810692
12686,0.0,0,0.32904837
8130,0.0,1,0.5857331
26540,0.0,0,0.32318845
5173,0.0,0,0.1516006
16843,0.0,0,0.14665164
18257,1.0,1,0.7130968
5114,1.0,1,0.7430314
27169,0.0,0,0.24815989
25080,0.0,0,0.18158887
9679,0.0,0,0.124222904
4383,1.0,0,0.3110621
23206,1.0,0,0.3581681
13283,0.0,0,0.42781872
20642,0.0,0,0.25044438
15589,0.0,0,0.05391331
8789,1.0,1,0.6537866
10715,0.0,0,0.34814367
2184,0.0,0,0.22867356
16891,0.0,0,0.04356005
4367,1.0,1,0.68859816
23464,1.0,0,0.36877254
16124,0.0,0,0.07314918
6634,0.0,0,0.08040639
24140,1.0,0,0.26719844
21250,0.0,0,0.10467726
1291,0.0,0,0.10133732
19905,0.0,0,0.17349137
8471,1.0,1,0.73786116
16757,0.0,0,0.115325384
911,0.0,1,0.75221485
8076,0.0,0,0.45400345
6899,0.0,0,0.2355819
10963,1.0,0,0.20085534
4887,0.0,0,0.04778258
13333,0.0,0,0.19799039
28164,0.0,0,0.4234966
20300,0.0,0,0.025522435
8888,0.0,0,0.24077393
20094,0.0,0,0.20021106
23271,0.0,0,0.15942042
25060,1.0,0,0.25632256
17406,0.0,0,0.18162525
11775,0.0,0,0.18152155
10141,1.0,0,0.32948095
19990,0.0,0,0.047597185
1298,0.0,0,0.080947176
11823,0.0,0,0.1499534
10164,0.0,0,0.0505086
15591,0.0,0,0.16359311
2016,1.0,0,0.17240812
13996,0.0,0,0.14548098
22945,0.0,0,0.03240064
2055,0.0,0,0.1686916
11845,0.0,1,0.7732711
13367,0.0,0,0.1353587
8574,1.0,1,0.5915689
27940,0.0,0,0.18864353
20405,0.0,0,0.119955406
11427,0.0,0,0.14479688
7195,0.0,0,0.08748391
15507,0.0,0,0.13758144
29204,0.0,0,0.118007004
17648,1.0,0,0.19523363
3814,0.0,0,0.16421798
23664,1.0,0,0.13166597
23045,0.0,0,0.03026872
22451,0.0,0,0.07607853
12970,0.0,0,0.2629325
26559,1.0,0,0.108827576
17436,0.0,0,0.14465454
18689,1.0,0,0.16719103
5604,0.0,0,0.062689595
2910,0.0,0,0.12358779
3794,0.0,0,0.10477039
16612,0.0,0,0.46488953
1174,0.0,0,0.22005723
1962,0.0,0,0.07158215
1655,0.0,0,0.17216776
21568,0.0,0,0.15689734
7697,1.0,0,0.101654135
13601,0.0,0,0.13650295
16543,1.0,1,0.71827227
20747,0.0,0,0.109207205
11946,0.0,0,0.21885613
29451,0.0,0,0.21108535
12977,0.0,0,0.3643566
21487,0.0,0,0.22404326
6990,0.0,0,0.45426568
24489,0.0,0,0.18948713
19635,0.0,0,0.047485795
3556,0.0,0,0.075447574
23728,0.0,0,0.33578742
20935,0.0,0,0.030496761
7932,0.0,0,0.083466515
14441,0.0,0,0.09290675
10671,1.0,0,0.036185615
20473,1.0,0,0.48565236
27617,0.0,0,0.14800009
19072,0.0,0,0.052945897
18712,0.0,0,0.12885647
5321,0.0,0,0.11254535
29192,0.0,0,0.04573771
7720,0.0,0,0.044465475
8724,0.0,1,0.689298
14090,0.0,0,0.047583636
15901,0.0,0,0.16310866
27917,0.0,0,0.043282416
6822,0.0,0,0.20985307
4250,0.0,0,0.15596868
23598,0.0,0,0.029559787
24745,0.0,0,0.11129896
6073,1.0,0,0.46954468
10758,0.0,0,0.21036059
18902,0.0,0,0.06722691
15458,0.0,0,0.25546688
19992,0.0,0,0.39433345
15422,1.0,1,0.6247284
8289,1.0,0,0.0871959
6086,1.0,0,0.33890772
21161,0.0,0,0.20265934
20166,0.0,0,0.062352825
1895,1.0,1,0.5882172
17770,0.0,0,0.109027185
18172,0.0,0,0.06170664
750,1.0,1,0.77063483
7391,0.0,0,0.14141259
27961,0.0,0,0.1898678
14753,0.0,0,0.026063036
5149,1.0,0,0.37539148
23071,1.0,0,0.14121705
1376,0.0,0,0.38460433
5101,0.0,0,0.17348419
18511,0.0,0,0.18718149
6760,0.0,0,0.16602232
9287,1.0,1,0.78358793
13390,0.0,0,0.37342936
2950,0.0,0,0.18403648
17810,1.0,0,0.07713503
15732,0.0,0,0.1459363
17295,0.0,1,0.68281454
26622,0.0,0,0.06853932
23290,0.0,0,0.08058957
20352,0.0,0,0.17608702
27777,0.0,0,0.036693912
24789,0.0,0,0.12510955
15266,0.0,0,0.031808816
13826,0.0,0,0.1324301
21230,0.0,0,0.20334665
29997,0.0,0,0.17126673
28285,0.0,0,0.07836229
13402,1.0,0,0.02299522
19894,0.0,0,0.10974335
19711,0.0,0,0.17541438
16922,0.0,0,0.16874196
7290,0.0,0,0.18316373
26450,0.0,0,0.09094042
18409,0.0,0,0.14073108
17796,0.0,0,0.11241529
16586,0.0,0,0.0659533
412,0.0,0,0.22099935
13662,0.0,0,0.021800423
29841,1.0,1,0.7792196
20449,0.0,0,0.029820953
6273,0.0,0,0.16403878
1789,0.0,0,0.157314
679,0.0,0,0.14105774
14593,0.0,0,0.100078985
29332,0.0,0,0.046727035
22931,0.0,0,0.1274278
28105,0.0,0,0.38399145
2155,0.0,0,0.12986593
18070,0.0,0,0.31647828
15731,0.0,0,0.24759395
6229,1.0,1,0.58202165
13681,0.0,1,0.68538743
15661,0.0,0,0.30056843
2326,0.0,0,0.16902523
25200,0.0,0,0.15788403
17158,0.0,0,0.17524292
4254,0.0,0,0.15775856
15794,0.0,0,0.15928297
1679,0.0,1,0.5992053
24310,0.0,0,0.04101823
20096,0.0,0,0.12728828
22453,0.0,0,0.1262404
1097,0.0,0,0.07445003
2247,0.0,0,0.07688726
6590,0.0,0,0.09884162
21972,0.0,0,0.37766176
18600,0.0,0,0.030157562
6162,0.0,0,0.025042698
11172,1.0,0,0.38389963
11785,0.0,1,0.7315205
1182,0.0,1,0.6880247
29484,1.0,0,0.044714484
28057,0.0,0,0.4082635
16129,1.0,0,0.05513578
24393,1.0,0,0.3081954
23277,0.0,0,0.050021112
8991,0.0,0,0.03986097
11406,0.0,0,0.035367705
8521,1.0,1,0.7566731
29117,0.0,0,0.09206219
8575,1.0,0,0.27805483
27884,0.0,1,0.680263
256,0.0,0,0.136245
16811,0.0,0,0.11274233
23017,0.0,0,0.13473648
17858,0.0,0,0.078956984
13091,0.0,0,0.036222
23949,0.0,0,0.1930884
7333,0.0,0,0.04858086
27608,0.0,0,0.054393906
25664,0.0,0,0.08078545
4690,0.0,0,0.41904035
21228,0.0,0,0.031472143
17394,1.0,1,0.7656565
7714,0.0,0,0.022238959
24027,0.0,0,0.24782386
20845,0.0,0,0.3197916
11813,0.0,0,0.106453866
10736,0.0,0,0.06477382
26084,1.0,0,0.14757407
13343,0.0,0,0.17758408
13829,0.0,0,0.03239946
5947,1.0,0,0.091514505
16504,0.0,0,0.22695021
26452,0.0,0,0.1597265
17542,1.0,1,0.50264037
1464,0.0,0,0.028068712
5423,1.0,0,0.13697122
21029,0.0,0,0.15989184
15597,0.0,0,0.20126486
29292,0.0,0,0.06093456
3442,0.0,0,0.39445212
20097,0.0,0,0.16948473
23636,1.0,0,0.1393444
3804,0.0,0,0.39379245
25221,0.0,1,0.5547367
25107,0.0,0,0.1389511
3046,0.0,0,0.24010791
29977,1.0,1,0.6977346
8822,1.0,1,0.7377812
19045,0.0,0,0.10881389
21820,0.0,0,0.30351338
8999,1.0,0,0.42572975
29290,0.0,0,0.06335754
1234,0.0,0,0.24574225
10636,0.0,0,0.12518337
22562,0.0,0,0.22014214
18873,0.0,0,0.20021582
18176,0.0,0,0.20900275
23356,1.0,1,0.769308
7760,0.0,0,0.43887866
22190,0.0,0,0.14107633
28721,0.0,0,0.22325076
17210,0.0,0,0.14883241
27901,0.0,0,0.05440778
10551,0.0,0,0.046266768
16100,1.0,0,0.24444279
3503,0.0,0,0.036034077
27186,0.0,0,0.26793697
3426,0.0,0,0.18583837
12506,0.0,0,0.04146087
10566,0.0,0,0.10356919
16363,0.0,0,0.2723129
20624,0.0,0,0.06194718
8447,1.0,0,0.4692423
4608,0.0,0,0.20156245
27564,0.0,0,0.18980505
14166,0.0,0,0.104346156
10115,0.0,0,0.12590845
18189,1.0,0,0.37350458
27614,1.0,0,0.43891203
13051,1.0,1,0.6155355
6565,0.0,0,0.24860798
15869,0.0,0,0.041474476
4456,0.0,0,0.3975667
9826,0.0,0,0.17143828
1989,0.0,1,0.7959822
20520,0.0,0,0.06251598
28568,0.0,0,0.15561149
27722,1.0,0,0.21317421
500,0.0,0,0.36982706
20648,0.0,0,0.04360873
20693,0.0,0,0.16706839
8404,0.0,0,0.027673418
14320,0.0,0,0.059020128
6404,1.0,0,0.18618587
18839,0.0,0,0.08299402
2114,1.0,0,0.19345784
14562,0.0,0,0.2396429
20772,0.0,0,0.2626221
15655,0.0,0,0.18584934
15049,0.0,0,0.08078642
4230,1.0,0,0.3945345
22403,0.0,0,0.27432063
15848,0.0,0,0.10404111
872,0.0,0,0.10006091
26954,0.0,0,0.05960629
28560,1.0,0,0.10913739
18591,0.0,0,0.04032626
7786,1.0,0,0.19234495
12836,1.0,1,0.55659693
25252,0.0,0,0.023654997
997,0.0,0,0.09965095
13178,1.0,1,0.6603716
25421,1.0,1,0.5769341
4956,1.0,0,0.06153453
3303,1.0,0,0.47653762
442,0.0,0,0.16497214
991,0.0,0,0.123286575
4566,1.0,0,0.12173388
18961,1.0,0,0.12490941
27487,1.0,0,0.15832467
9780,0.0,0,0.14566284
3697,0.0,0,0.15976395
10621,0.0,0,0.14619122
11336,0.0,0,0.15215638
4396,0.0,0,0.3203811
12211,0.0,0,0.11184323
9402,0.0,0,0.05706848
25693,0.0,0,0.027511382
6600,0.0,0,0.11289195
22454,0.0,0,0.17226788
26270,0.0,0,0.07508929
18345,0.0,0,0.13656007
23951,0.0,0,0.41617334
9192,0.0,1,0.62306917
16941,1.0,0,0.15458603
9090,1.0,1,0.70343864
5367,0.0,0,0.4250757
177,0.0,0,0.19870722
5959,0.0,0,0.077868775
27349,0.0,0,0.06388307
4242,0.0,0,0.15793172
19247,0.0,1,0.6934256
20788,0.0,0,0.027792014
2805,0.0,0,0.23651224
25610,0.0,0,0.13776028
15778,1.0,0,0.47872892
4433,0.0,1,0.7415946
5049,1.0,1,0.7656545
11289,0.0,0,0.15416908
23458,0.0,0,0.05535321
22889,0.0,0,0.020909442
20190,0.0,0,0.09452271
26121,0.0,0,0.24822421
17112,0.0,0,0.4244143
28739,0.0,0,0.15654278
29467,0.0,1,0.69336265
12273,0.0,0,0.021763032
4079,0.0,0,0.22458477
22874,0.0,0,0.044691056
26271,1.0,0,0.16593337
12213,0.0,0,0.23014624
26813,0.0,0,0.0414806
2672,1.0,0,0.3366597
12702,0.0,0,0.10218819
17559,0.0,1,0.5262172
12801,1.0,0,0.35324705
29188,0.0,0,0.1759173
961,1.0,0,0.30502427
18253,1.0,0,0.45455417
28624,0.0,0,0.17640279
27731,1.0,1,0.73895603
9310,0.0,0,0.021239942
3726,0.0,1,0.5562438
3721,1.0,0,0.22021815
28044,0.0,1,0.6177134
12811,1.0,1,0.51964045
29304,0.0,0,0.28010324
5379,0.0,0,0.19648387
25929,1.0,0,0.18146747
5852,0.0,0,0.111843154
11095,0.0,0,0.04733908
8814,0.0,0,0.15811698
15084,0.0,0,0.030683415
27573,0.0,0,0.07840915
1035,0.0,0,0.21398139
15723,0.0,0,0.2412298
1760,0.0,0,0.38362288
15889,0.0,0,0.35755923
22308,0.0,0,0.18412101
4111,0.0,0,0.08614849
6657,0.0,0,0.17569399
4171,0.0,0,0.0328784
26676,0.0,0,0.16612346
10727,0.0,0,0.13787624
14861,0.0,1,0.72771204
12579,0.0,0,0.023713833
12775,1.0,1,0.7519458
15310,0.0,0,0.13279554
6748,0.0,0,0.23950283
25297,0.0,0,0.12149791
3622,0.0,0,0.034381628
536,0.0,0,0.21388716
17424,1.0,0,0.3052936
10733,1.0,0,0.06865442
19267,0.0,0,0.22975597
27089,1.0,0,0.22479087
7232,0.0,0,0.12008498
9798,0.0,0,0.0502628
7191,0.0,0,0.04729924
2404,1.0,0,0.36627272
6141,0.0,0,0.12499112
25631,0.0,0,0.02643499
18878,0.0,0,0.027929215
4762,0.0,0,0.08247447
21901,1.0,1,0.6797978
20793,0.0,0,0.07659304
25714,1.0,0,0.075264715
24460,0.0,0,0.34570426
21902,0.0,0,0.045812964
29964,0.0,0,0.107608005
6497,0.0,0,0.22811629
21220,0.0,0,0.16723561
3170,0.0,0,0.20950916
10494,0.0,0,0.20680243
22251,1.0,0,0.13878214
12670,0.0,0,0.16946521
990,0.0,0,0.46064395
15301,0.0,0,0.1449725
15498,1.0,1,0.5183908
10658,0.0,0,0.15312971
3280,0.0,0,0.05083476
5762,0.0,0,0.22704062
875,0.0,0,0.33200932
19595,0.0,0,0.074639976
9527,0.0,0,0.122687936
17506,0.0,0,0.022704314
7093,1.0,0,0.04154564
14563,1.0,1,0.73504406
29067,0.0,0,0.11072452
12596,0.0,0,0.17210577
17421,0.0,0,0.44193208
21325,0.0,0,0.1069423
2382,0.0,0,0.022621538
22425,0.0,0,0.17609441
6746,0.0,0,0.022268798
26691,0.0,0,0.06948126
26325,1.0,0,0.06836291
2093,0.0,0,0.20383821
2262,1.0,0,0.08990366
14168,1.0,0,0.22390907
728,0.0,0,0.15737991
15097,0.0,0,0.15119842
4195,0.0,0,0.1850358
23897,0.0,0,0.071022086
16995,1.0,1,0.6706681
5362,0.0,0,0.09768317
18234,0.0,0,0.022191571
221,1.0,1,0.7476213
26460,1.0,0,0.18331252
1057,0.0,0,0.2926691
15670,0.0,0,0.1494034
10136,1.0,0,0.41180474
17012,0.0,0,0.23553105
24623,0.0,0,0.026916156
29617,0.0,0,0.091934085
1936,0.0,0,0.10427007
13904,0.0,0,0.31473586
2336,0.0,0,0.1658349
13706,0.0,0,0.06750543
19709,0.0,0,0.06840498
4554,0.0,0,0.026646718
11246,1.0,1,0.76197225
29582,0.0,0,0.056386326
4529,0.0,0,0.34985238
24796,0.0,0,0.08058483
24129,0.0,0,0.18404114
11343,1.0,1,0.7051584
9599,0.0,0,0.03424889
23384,0.0,0,0.23802377
314,1.0,0,0.41758505
5714,0.0,1,0.737992
7091,0.0,0,0.08378336
14723,1.0,1,0.7685204
12833,0.0,0,0.12737556
9106,1.0,0,0.09621332
18249,0.0,0,0.18227908
19718,0.0,0,0.026806077
14801,1.0,0,0.20500726
24938,1.0,0,0.1210763
1552,0.0,0,0.03220853
28425,0.0,0,0.027925957
17729,0.0,0,0.4661783
3719,0.0,0,0.144133
22863,1.0,1,0.7148692
1706,1.0,0,0.46046078
6061,0.0,0,0.28083703
4198,0.0,0,0.050803717
16769,0.0,1,0.5921925
25995,0.0,0,0.094694495
29916,0.0,1,0.6186428
26204,0.0,0,0.1768364
6110,0.0,0,0.12814635
22361,0.0,0,0.08369903
17030,0.0,0,0.18597972
18758,0.0,0,0.4352205
9626,1.0,0,0.36431766
1160,0.0,0,0.47586417
25847,0.0,0,0.13232204
11589,0.0,0,0.20328549
23285,0.0,0,0.04911455
11334,1.0,1,0.7374642
22446,0.0,0,0.06677404
2582,0.0,0,0.30482972
28769,0.0,0,0.022515962
17586,1.0,1,0.7405932
26142,0.0,0,0.042221673
11593,0.0,0,0.19881044
5987,1.0,0,0.20194897
27476,0.0,0,0.10219051
13738,0.0,0,0.14456522
11510,0.0,0,0.08108586
12132,1.0,1,0.6975847
20225,0.0,1,0.6851985
16280,0.0,0,0.08040842
6679,1.0,0,0.16495183
16418,0.0,0,0.092596665
26505,0.0,0,0.13809925
7705,0.0,0,0.37042
23809,0.0,0,0.09364312
24266,0.0,0,0.020770721
12447,0.0,0,0.08347048
2977,1.0,0,0.1455276
4581,0.0,0,0.104782805
10863,0.0,0,0.35339525
25047,0.0,0,0.05478308
20238,0.0,0,0.104533136
8120,0.0,0,0.084391005
29781,0.0,0,0.07190033
6456,0.0,1,0.5102217
27398,0.0,0,0.24634723
4805,0.0,0,0.14150274
7055,0.0,0,0.18009643
2024,0.0,0,0.058666196
24768,1.0,1,0.6356293
22898,1.0,1,0.748354
17892,1.0,1,0.77913374
19285,1.0,1,0.7071633
12712,0.0,0,0.027941288
8780,0.0,0,0.08243466
10580,0.0,0,0.02598224
22129,0.0,0,0.14288881
14141,0.0,0,0.23140956
28643,0.0,0,0.073252805
21825,0.0,0,0.03728656
21019,0.0,0,0.24299358
23867,0.0,0,0.26093063
20121,1.0,0,0.117549226
12979,0.0,0,0.37745094
4420,0.0,0,0.09730568
13063,0.0,0,0.12522595
19502,0.0,0,0.10719439
25300,0.0,0,0.15696324
11612,0.0,0,0.12825456
13768,0.0,0,0.27332562
22997,0.0,0,0.04987835
1173,0.0,0,0.05653397
1349,0.0,0,0.055266917
22339,0.0,0,0.05919301
21597,0.0,0,0.19114214
1005,1.0,0,0.08268844
9891,0.0,0,0.15095513
29823,0.0,0,0.11213505
14497,1.0,0,0.13098116
10653,0.0,0,0.14666525
19917,0.0,0,0.3576972
15694,0.0,0,0.050613057
22028,0.0,0,0.042889416
7946,1.0,0,0.32641202
16457,1.0,0,0.07729719
2256,0.0,1,0.67107177
15089,0.0,1,0.63302654
20176,0.0,0,0.22754602
1491,0.0,0,0.04516177
26090,0.0,0,0.10978914
15758,1.0,1,0.6053126
26728,0.0,0,0.10891679
972,0.0,0,0.08727154
23319,1.0,0,0.2076412
8254,0.0,0,0.19328696
524,1.0,0,0.05382612
9080,0.0,1,0.6367778
1580,0.0,0,0.1640041
20239,0.0,1,0.66590554
14635,0.0,0,0.06490508
25497,0.0,0,0.027750313
3015,0.0,0,0.025054634
24401,1.0,1,0.8004107
24726,0.0,0,0.2158812
28949,0.0,0,0.14409645
7864,0.0,0,0.07001097
27353,0.0,0,0.12570478
29151,1.0,1,0.6969475
12627,0.0,0,0.14588502
15021,0.0,0,0.47566596
24614,0.0,0,0.029548949
26917,0.0,1,0.56270003
24616,0.0,0,0.11387334
4878,0.0,0,0.07378688
3392,0.0,0,0.13140076
1579,0.0,0,0.16605099
8600,1.0,0,0.48007742
28521,0.0,0,0.4631064
27315,1.0,0,0.09033618
9096,1.0,0,0.29100442
247,0.0,0,0.06782789
8004,0.0,0,0.18861511
6836,0.0,0,0.2526053
22353,0.0,0,0.18022591
21529,0.0,0,0.18394686
27444,0.0,0,0.08634943
21229,0.0,0,0.21606705
4921,0.0,0,0.2852093
18528,0.0,0,0.29520518
6989,1.0,0,0.40368593
9004,0.0,0,0.40559456
16267,0.0,0,0.08270727
28686,1.0,0,0.10495592
5035,1.0,0,0.17267576
7127,0.0,0,0.3187641
13679,0.0,0,0.14852507
913,0.0,0,0.046064973
2152,0.0,0,0.13501984
9421,0.0,0,0.14634807
22754,1.0,1,0.6722168
9967,0.0,0,0.090552755
9448,0.0,0,0.21627419
3873,0.0,1,0.72617143
25172,0.0,0,0.20693272
29143,0.0,0,0.13831137
26861,0.0,0,0.17096977
15936,1.0,1,0.73353153
28803,0.0,0,0.15912485
11354,0.0,0,0.022448283
28225,0.0,0,0.19781223
18183,0.0,0,0.06339302
13320,0.0,0,0.054286595
23137,0.0,0,0.11524959
18278,1.0,1,0.7354859
2046,1.0,1,0.78065675
24422,0.0,0,0.17358512
6095,1.0,0,0.24973641
21562,0.0,1,0.6499603
29119,1.0,1,0.5147827
12459,0.0,0,0.17233957
28096,0.0,0,0.219069
16939,0.0,0,0.11153728
16272,0.0,0,0.10135754
15425,1.0,1,0.7252707
26032,0.0,0,0.062266275
18710,1.0,0,0.14817582
9001,0.0,0,0.190893
16471,0.0,0,0.0696907
22059,0.0,0,0.18161441
2544,0.0,0,0.11625323
1212,0.0,0,0.23027888
22764,0.0,0,0.060111575
13040,0.0,0,0.081267565
23896,1.0,1,0.52561945
2330,0.0,0,0.098145515
1592,0.0,0,0.4666733
19648,0.0,0,0.08354889
13356,0.0,0,0.119961
6658,0.0,1,0.6687481
27567,0.0,1,0.5146438
18041,0.0,0,0.10544834
14647,0.0,1,0.66823065
13523,0.0,0,0.08844886
29838,0.0,0,0.091977626
9672,0.0,1,0.7959384
26157,0.0,0,0.05322384
1449,0.0,0,0.20175678
10825,0.0,0,0.16693164
24493,0.0,0,0.041571643
14900,0.0,0,0.032286298
20824,1.0,0,0.15550752
17435,0.0,0,0.2547448
1675,0.0,0,0.040676612
3423,0.0,0,0.12614512
15184,0.0,0,0.080122724
27704,1.0,1,0.6780053
8325,0.0,0,0.08124617
8609,0.0,1,0.6406582
1054,0.0,0,0.15893263
6792,0.0,0,0.22591712
8990,0.0,0,0.077823594
22057,0.0,0,0.4104818
18899,1.0,0,0.09107629
20273,1.0,1,0.7012718
10820,0.0,0,0.29536632
20846,0.0,0,0.055786055
4503,1.0,0,0.39911944
22102,1.0,0,0.17588803
28907,0.0,0,0.23850033
2110,0.0,0,0.069209255
11603,0.0,0,0.12651049
15713,0.0,0,0.17348276
10427,0.0,0,0.19760562
7528,0.0,0,0.46235946
21221,0.0,1,0.79524887
12783,0.0,0,0.11036075
16948,0.0,0,0.15510099
15363,0.0,0,0.03353881
29456,0.0,0,0.40535837
22683,0.0,0,0.13607147
24842,0.0,0,0.028891755
11010,0.0,0,0.0589266
11826,1.0,0,0.34006968
23477,0.0,0,0.023651617
28505,0.0,0,0.2201073
25178,0.0,0,0.4722491
27957,0.0,0,0.17462714
12337,0.0,0,0.14588223
14308,0.0,0,0.02548176
6537,0.0,0,0.20718129
1421,0.0,0,0.03659559
26774,1.0,1,0.58009076
7236,0.0,0,0.12502769
28441,0.0,0,0.08382589
26490,0.0,0,0.10593772
670,1.0,1,0.66921556
13746,0.0,0,0.3264779
6996,1.0,0,0.3953651
1303,0.0,0,0.2558081
29075,1.0,0,0.43861645
16804,0.0,0,0.03022447
11749,0.0,0,0.48747307
8260,1.0,0,0.17547996
25564,0.0,0,0.036814954
23550,0.0,0,0.17931591
9336,0.0,0,0.0967409
22469,1.0,0,0.16968417
3848,0.0,0,0.12466823
24693,0.0,0,0.41564834
15162,0.0,0,0.16228667
13720,0.0,1,0.7615314
18367,0.0,0,0.33286628
23110,0.0,0,0.45802337
27276,0.0,0,0.063986376
19407,0.0,0,0.071531884
4223,0.0,1,0.5690723
17057,0.0,0,0.16041496
671,0.0,0,0.4919559
21579,0.0,0,0.23170638
4036,0.0,0,0.021366969
8768,0.0,0,0.37211874
266,0.0,0,0.21300207
24582,0.0,0,0.15546219
17509,1.0,0,0.09825073
4345,0.0,0,0.1002189
13282,1.0,0,0.12676644
9838,0.0,0,0.049819395
14357,0.0,0,0.1449968
21912,0.0,0,0.23879988
15289,0.0,0,0.062270813
6666,0.0,0,0.29052985
29246,0.0,0,0.15125549
27363,0.0,0,0.12645136
798,0.0,0,0.17892125
19504,0.0,0,0.08670963
12275,1.0,1,0.6750483
9178,0.0,0,0.14140819
12286,0.0,0,0.13548283
24767,0.0,0,0.021695629
25114,0.0,0,0.16394398
7322,0.0,0,0.022863166
8464,0.0,0,0.19207694
4861,1.0,1,0.7819713
17409,0.0,0,0.16231225
17680,0.0,0,0.10466364
9016,0.0,0,0.14250427
10523,0.0,0,0.14760506
7461,0.0,0,0.021526868
8300,0.0,0,0.13887264
4830,0.0,0,0.12013929
3467,0.0,0,0.21886384
20832,0.0,0,0.1442627
14252,1.0,1,0.6316171
21114,0.0,0,0.080267906
29100,0.0,0,0.20480835
8514,1.0,0,0.098780274
29968,0.0,0,0.24518275
16666,0.0,0,0.04281504
12666,0.0,0,0.15032078
4035,0.0,0,0.37874117
3663,0.0,0,0.11904308
21810,1.0,1,0.6499265
27702,1.0,1,0.67583305
24526,1.0,0,0.2040927
25643,0.0,0,0.32155043
29791,0.0,0,0.04841068
20812,0.0,0,0.036324117
3152,0.0,1,0.51096964
7885,0.0,0,0.16061452
20757,1.0,1,0.752212
25746,0.0,0,0.10710353
3265,1.0,1,0.623527
5685,0.0,0,0.19831495
2639,0.0,0,0.112983145
3414,1.0,0,0.49740463
29868,0.0,0,0.13756494
14946,1.0,0,0.2805576
3257,1.0,1,0.7633503
6998,0.0,0,0.25551295
29757,0.0,0,0.46764696
13462,0.0,0,0.14769037
13554,0.0,0,0.024835091
16659,0.0,0,0.19713049
22032,0.0,0,0.03321623
26216,0.0,0,0.2071987
3470,0.0,0,0.04213549
26106,0.0,0,0.11072937
5353,0.0,0,0.43556333
15479,0.0,0,0.08783941
18924,0.0,0,0.13233015
327,1.0,0,0.389188
4158,0.0,0,0.039378364
28747,0.0,0,0.2146494
18140,0.0,0,0.02552488
23894,0.0,0,0.07040806
29496,0.0,0,0.025710195
1216,0.0,0,0.060010944
5626,0.0,0,0.08716277
13292,1.0,1,0.7550926
4998,1.0,0,0.115114965
14642,0.0,0,0.29307848
20946,0.0,0,0.058685247
8580,0.0,0,0.19432825
15924,0.0,0,0.023562947
15926,0.0,0,0.21496885
15469,1.0,0,0.1956747
23948,0.0,0,0.17647164
24631,0.0,0,0.1832298
25089,0.0,0,0.028063351
23693,0.0,0,0.08315678
23214,1.0,0,0.13771723
8716,0.0,0,0.033959817
5688,0.0,0,0.02452339
3469,0.0,0,0.444523
7669,0.0,0,0.17764583
7133,1.0,0,0.1602516
919,0.0,0,0.21749714
28267,0.0,0,0.17408763
6587,0.0,0,0.04978459
6371,0.0,1,0.6152148
20958,0.0,0,0.4853012
1769,0.0,0,0.050200332
23325,0.0,0,0.19049992
5557,0.0,0,0.17895429
26733,0.0,0,0.16864064
1143,0.0,0,0.13713583
29773,0.0,0,0.12627532
15470,1.0,1,0.8054361
4202,0.0,0,0.038415596
27986,0.0,0,0.0653764
853,0.0,0,0.07647314
22197,0.0,0,0.02310882
22473,1.0,1,0.6859033
13582,0.0,0,0.23156309
22413,0.0,0,0.16342498
28722,0.0,0,0.02312944
12359,0.0,0,0.06679992
19345,1.0,1,0.7307686
24398,1.0,1,0.7489827
8432,0.0,0,0.062521204
9247,1.0,0,0.23959997
6525,0.0,0,0.17121045
8682,0.0,0,0.10591714
21063,0.0,0,0.37200055
12344,0.0,0,0.024447883
731,0.0,0,0.16161491
9282,0.0,0,0.05612916
11236,0.0,0,0.038734287
6929,0.0,0,0.054435182
15280,1.0,0,0.47861928
25626,0.0,0,0.03862599
14027,0.0,0,0.025184618
2204,0.0,0,0.24138679
3702,0.0,0,0.13382195
5842,0.0,0,0.038334277
19788,0.0,0,0.17931704
7467,0.0,0,0.0425246
17413,0.0,0,0.12145079
26436,0.0,0,0.1986833
3286,0.0,0,0.02483419
4560,0.0,0,0.116438426
17061,1.0,0,0.12607722
4943,0.0,0,0.13193193
2285,1.0,0,0.12673235
24306,0.0,0,0.027722681
1818,0.0,0,0.2112763
29157,0.0,0,0.13715649
27005,0.0,0,0.102749124
20640,1.0,0,0.3379565
13279,0.0,0,0.032352377
29789,0.0,0,0.21075426
17896,0.0,0,0.25510117
2292,0.0,0,0.4427352
17763,0.0,0,0.3166754
14374,1.0,0,0.19597085
13312,0.0,0,0.29583037
26680,0.0,0,0.1757688
9784,0.0,0,0.24242209
2322,0.0,1,0.56616724
24532,1.0,0,0.18016502
267,0.0,0,0.32022563
20599,0.0,0,0.045509636
5828,1.0,0,0.06715996
20291,0.0,1,0.6115687
19570,1.0,0,0.1828453
14683,0.0,0,0.41024622
7442,0.0,0,0.08545307
1090,0.0,0,0.024646299
6391,0.0,0,0.049913276
23202,0.0,0,0.025981396
24549,0.0,0,0.23833832
13921,0.0,0,0.07401892
11419,0.0,0,0.26624826
13209,0.0,0,0.19807985
14882,0.0,0,0.47326612
4155,0.0,0,0.27384225
20246,0.0,1,0.6910579
640,0.0,0,0.060784675
8540,0.0,0,0.16345257
11110,0.0,0,0.06390539
11880,0.0,0,0.078448355
5316,0.0,0,0.021950228
2275,0.0,0,0.21027718
25887,1.0,1,0.51998454
2083,0.0,0,0.33529037
9911,0.0,0,0.17406729
3215,0.0,0,0.24337617
24366,0.0,0,0.18209347
9251,0.0,0,0.22508988
14884,1.0,1,0.67091715
10644,0.0,0,0.2164232
10746,0.0,0,0.093051605
884,0.0,0,0.2069088
142,0.0,0,0.23824285
14439,0.0,0,0.25584874
25176,0.0,1,0.5056076
13118,0.0,0,0.104435995
10650,1.0,0,0.030924032
7373,0.0,0,0.20560509
5329,0.0,0,0.1941074
14282,0.0,0,0.2510366
19572,0.0,0,0.28047815
17129,0.0,0,0.27051705
6723,0.0,0,0.024531867
20413,0.0,0,0.023297971
2591,0.0,0,0.05494566
4416,0.0,0,0.31378582
20010,0.0,0,0.06948431
10417,0.0,0,0.09636656
14032,0.0,0,0.19573714
8129,0.0,0,0.17459911
18353,0.0,0,0.1284068
27321,1.0,1,0.50508404
16436,0.0,0,0.19638003
13201,0.0,0,0.17672722
24633,0.0,0,0.17347305
29101,0.0,0,0.17346826
23416,1.0,1,0.6744294
5175,0.0,0,0.07059472
21315,1.0,0,0.29868364
7712,0.0,0,0.32371798
27091,0.0,0,0.35902643
305,0.0,0,0.18747585
24712,0.0,1,0.64509076
2699,0.0,0,0.16328278
27093,0.0,0,0.21516733
17383,0.0,0,0.14378622
20761,0.0,0,0.058731593
2873,0.0,0,0.18522774
4575,1.0,0,0.27526164
28196,0.0,0,0.044238128
4227,1.0,0,0.037288122
27928,0.0,0,0.08556975
17887,0.0,0,0.026193619
14568,0.0,0,0.037093107
9761,0.0,0,0.042153735
27597,0.0,0,0.109192386
11890,0.0,0,0.21926801
18888,0.0,0,0.1451591
28117,0.0,0,0.036328364
24434,0.0,0,0.10437979
24908,1.0,0,0.07539513
23497,0.0,0,0.090082854
15406,0.0,0,0.09319278
21964,0.0,0,0.07731237
4574,0.0,0,0.022199493
55,0.0,1,0.6334147
13479,1.0,1,0.7103551
29619,0.0,0,0.02910327
15264,0.0,0,0.11494912
21958,0.0,0,0.16810547
20430,1.0,1,0.70666945
14365,0.0,0,0.197429
3533,0.0,0,0.108280376
11480,0.0,0,0.031753697
22937,0.0,0,0.08999155
16935,0.0,0,0.14432612
25386,0.0,0,0.056292895
16378,0.0,0,0.07670733
22103,0.0,0,0.13644525
1665,0.0,0,0.080917135
23251,0.0,0,0.16802841
23040,1.0,1,0.6873132
12621,0.0,0,0.10267336
10350,1.0,0,0.1439763
202,0.0,0,0.075237654
19339,0.0,0,0.07092332
28933,1.0,0,0.36365947
9354,0.0,0,0.040369466
28364,0.0,0,0.24633814
4872,0.0,0,0.14809377
669,0.0,0,0.45959336
20278,0.0,0,0.10764361
9828,0.0,0,0.1679922
20041,0.0,0,0.10920634
20491,0.0,0,0.31214118
17876,0.0,0,0.021202832
17213,0.0,0,0.3403606
18803,0.0,0,0.047802787
22358,0.0,0,0.08631163
22448,0.0,0,0.18331282
5414,0.0,0,0.056887753
8812,1.0,0,0.47912616
26282,0.0,0,0.055234306
1440,0.0,0,0.11660129
28458,0.0,0,0.23000616
5634,0.0,0,0.112860955
7003,0.0,1,0.7752445
3843,0.0,0,0.23046716
14762,0.0,0,0.372994
3184,0.0,0,0.121429466
20738,0.0,1,0.59709466
5466,0.0,0,0.16179831
19687,1.0,1,0.674042
2616,0.0,0,0.039199963
25437,0.0,0,0.084807284
1061,1.0,0,0.3318591
25570,1.0,1,0.73843795
15398,0.0,0,0.1270677
22140,0.0,0,0.05488653
19454,1.0,0,0.2709194
26709,0.0,0,0.030948495
15120,1.0,0,0.478046
29527,0.0,0,0.18251516
19163,0.0,0,0.15320554
8291,0.0,0,0.045214545
16140,0.0,0,0.032883704
7010,0.0,0,0.2561674
16762,0.0,0,0.17670232
14226,1.0,1,0.7661084
10386,0.0,0,0.13359475
4559,1.0,0,0.29214168
16885,1.0,0,0.20021167
19259,1.0,1,0.68528306
8373,0.0,0,0.033457816
10719,0.0,0,0.20659727
20991,0.0,1,0.7410263
12044,0.0,0,0.36906043
6354,0.0,0,0.3795412
24492,0.0,0,0.029941212
28579,0.0,0,0.024659941
9845,0.0,0,0.12157981
19702,0.0,0,0.06670098
7454,0.0,0,0.33706036
25806,0.0,0,0.1590775
15029,0.0,0,0.022943374
944,1.0,1,0.76332897
9021,0.0,0,0.041806147
27448,0.0,0,0.1380003
6452,0.0,0,0.1345031
4784,0.0,0,0.15845391
14214,0.0,0,0.21581772
7666,0.0,0,0.058774468
17837,1.0,1,0.77632767
27718,0.0,0,0.062167823
23847,0.0,0,0.06823425
3349,0.0,1,0.7589746
10168,1.0,0,0.34324032
28988,0.0,0,0.12924118
19456,0.0,0,0.102976575
24644,1.0,0,0.11999167
11872,0.0,0,0.0796003
9610,1.0,0,0.42454043
5171,0.0,0,0.35659012
18292,1.0,0,0.2811114
25638,0.0,0,0.020509228
17177,0.0,0,0.06666884
6136,0.0,0,0.043474868
12777,0.0,0,0.060235184
14525,0.0,0,0.025948387
2713,0.0,0,0.26211998
7531,1.0,1,0.7822844
4373,1.0,0,0.030008886
26417,0.0,0,0.10998424
9285,0.0,0,0.16438788
2207,0.0,0,0.18628395
21543,0.0,0,0.1108662
12853,0.0,0,0.06405129
16464,1.0,1,0.71471184
22043,0.0,0,0.19332157
27162,0.0,0,0.022868056
22263,1.0,0,0.031684108
4555,1.0,0,0.47026733
11513,0.0,0,0.06416884
1404,0.0,0,0.11311651
2585,0.0,0,0.3403447
26787,0.0,0,0.07209801
23554,0.0,0,0.13201816
22777,1.0,0,0.1435008
19075,0.0,0,0.044978246
870,0.0,0,0.19196132
23023,0.0,0,0.061948653
23852,0.0,0,0.35844442
21223,0.0,0,0.14251184
10358,0.0,0,0.082385406
2710,0.0,0,0.0953085
20453,1.0,0,0.200009
4708,1.0,1,0.6783643
8038,0.0,0,0.07841797
5930,0.0,0,0.104397416
19463,1.0,0,0.17779045
14199,0.0,0,0.117590934
29670,0.0,0,0.09873052
8528,0.0,0,0.103076346
22914,0.0,0,0.18763024
13955,0.0,0,0.13039976
7729,0.0,0,0.0328573
11516,0.0,0,0.11381821
10320,0.0,0,0.08314442
13622,0.0,0,0.05868099
9137,0.0,0,0.058537964
10747,0.0,0,0.2847143
19926,1.0,0,0.29784882
25983,0.0,1,0.676537
14188,0.0,0,0.06384883
22497,1.0,0,0.149302
11710,0.0,0,0.06798852
27741,0.0,0,0.17931202
12464,0.0,0,0.035933618
6594,0.0,0,0.19048421
23774,0.0,0,0.18537822
18780,0.0,0,0.08139363
8818,1.0,0,0.21927287
16630,0.0,0,0.119950995
21363,0.0,1,0.56396747
2781,1.0,0,0.18901925
4826,0.0,0,0.1491521
14549,0.0,0,0.24743296
14633,0.0,0,0.1558304
28532,1.0,1,0.7486128
22894,1.0,0,0.029049372
3767,1.0,1,0.7444847
10885,0.0,0,0.06036906
25098,1.0,0,0.14341092
22882,1.0,0,0.20101221
21577,0.0,0,0.15676136
245,0.0,1,0.51558137
9973,1.0,0,0.1788932
1979,0.0,0,0.14044419
11365,0.0,0,0.11300121
15622,0.0,0,0.021409001
24899,0.0,0,0.12797523
4666,0.0,0,0.024191642
25867,0.0,0,0.16860847
20573,1.0,0,0.31943038
14239,0.0,0,0.022318276
4154,0.0,0,0.04187437
25779,0.0,0,0.15441188
3558,0.0,0,0.10500327
213,0.0,0,0.18494172
3806,0.0,0,0.38410422
9490,0.0,0,0.13166256
12217,1.0,1,0.7403292
3147,0.0,0,0.130768
15775,1.0,1,0.73992133
3781,0.0,0,0.056698337
23388,1.0,0,0.13058844
27641,0.0,0,0.1610318
7247,0.0,0,0.16404772
29247,0.0,0,0.4448984
13961,0.0,1,0.5418016
22662,0.0,0,0.17947271
28202,1.0,0,0.31921035
3748,0.0,0,0.09411814
18124,0.0,0,0.30185404
29767,0.0,0,0.41079667
17800,0.0,0,0.055274002
7785,1.0,0,0.41533375
11345,0.0,0,0.1902232
13120,0.0,0,0.04648462
22257,1.0,0,0.056124408
27706,0.0,0,0.10748555
5183,0.0,0,0.046403326
23113,0.0,0,0.22325356
29490,0.0,0,0.20183714
17134,1.0,1,0.67694926
12840,0.0,0,0.044896796
11814,1.0,0,0.47031838
29900,1.0,0,0.15596233
26408,0.0,0,0.12668239
15891,1.0,1,0.63891804
28915,0.0,0,0.21670017
21109,1.0,0,0.08328156
2675,0.0,0,0.11371322
7751,0.0,0,0.13645403
29449,0.0,0,0.43635204
25180,0.0,0,0.14498028
20784,0.0,0,0.06308936
20000,0.0,0,0.21015
15226,1.0,0,0.46877915
6609,0.0,0,0.30676222
11962,0.0,0,0.022172952
19867,0.0,0,0.06541181
17558,0.0,0,0.03994364
18486,0.0,0,0.2909542
9529,0.0,0,0.19203417
28474,0.0,0,0.1674268
17258,1.0,0,0.09732159
785,1.0,0,0.11273224
571,0.0,0,0.08342673
22042,0.0,0,0.076951906
19246,0.0,0,0.16032173
3425,0.0,0,0.12998542
21248,0.0,0,0.13869333
15,0.0,0,0.025554411
6939,0.0,0,0.21903156
14264,0.0,0,0.050288826
1050,0.0,0,0.26444203
19809,0.0,0,0.14670485
26320,0.0,0,0.100624286
7168,0.0,0,0.20227285
15259,0.0,0,0.26161572
16088,1.0,0,0.17693543
27529,0.0,0,0.03809642
9003,1.0,0,0.36960962
7858,0.0,0,0.28627467
10623,1.0,0,0.24336515
8664,0.0,0,0.12013822
28352,0.0,0,0.4573623
29378,0.0,0,0.13477044
28490,0.0,0,0.06868046
7163,0.0,1,0.6236863
21148,1.0,0,0.3132345
7682,1.0,1,0.6580771
8147,0.0,0,0.17986289
2953,0.0,0,0.40714654
24376,0.0,0,0.14375913
18708,0.0,0,0.40349564
10664,1.0,1,0.75993925
8908,0.0,0,0.16643608
6725,0.0,0,0.114273556
23305,0.0,0,0.17889628
6604,0.0,0,0.052995276
27532,0.0,0,0.029064452
17223,0.0,0,0.06543402
16074,0.0,0,0.055420913
21738,0.0,0,0.21198724
20732,0.0,0,0.13940811
7255,0.0,0,0.20631671
3367,0.0,0,0.17049912
2495,1.0,0,0.40894538
15785,1.0,1,0.7586334
25141,0.0,0,0.07648683
25730,0.0,0,0.022520168
21723,0.0,0,0.1532546
17740,0.0,0,0.46482924
10020,1.0,0,0.0862449
22940,0.0,0,0.04473787
462,0.0,0,0.070261315
20699,1.0,0,0.12350262
9476,1.0,0,0.31055978
28654,0.0,0,0.028495273
21212,0.0,0,0.07907418
26478,0.0,0,0.10939721
24277,0.0,0,0.053241625
10545,0.0,0,0.12755933
25685,0.0,0,0.027148852
14341,0.0,1,0.7409587
534,1.0,1,0.78997004
3531,0.0,0,0.25062796
11035,1.0,1,0.7498622
20571,0.0,0,0.043370567
22029,0.0,0,0.022043213
9239,0.0,0,0.023097718
21010,0.0,0,0.1831171
9210,0.0,0,0.06453827
17824,1.0,1,0.73747617
24454,0.0,0,0.06555095
12526,1.0,0,0.19504221
22586,0.0,0,0.20757774
8959,1.0,0,0.020406632
27946,0.0,0,0.2152498
5167,0.0,0,0.17857252
11839,0.0,0,0.03738191
21381,1.0,1,0.7459964
18746,0.0,0,0.032101832
10743,0.0,0,0.089690305
10296,0.0,0,0.060976285
8187,0.0,0,0.021216074
3834,0.0,0,0.13454399
7548,0.0,0,0.09971386
17043,0.0,0,0.047852665
17601,0.0,0,0.28718638
25525,0.0,0,0.27801627
5344,0.0,0,0.34545696
6573,0.0,0,0.06861314
19884,0.0,0,0.078221135
21312,1.0,1,0.5951227
46,1.0,0,0.16572386
14957,0.0,0,0.16075906
13156,0.0,0,0.09164924
9970,0.0,0,0.11117416
13518,0.0,0,0.10422045
4419,0.0,0,0.07929446
1527,1.0,0,0.11522798
17414,1.0,1,0.7217457
27709,1.0,0,0.15434511
22637,0.0,0,0.04998598
15401,0.0,1,0.71751946
5936,0.0,0,0.119446196
23008,0.0,0,0.083397634
25812,0.0,0,0.07220424
8974,0.0,0,0.4637944
12364,0.0,0,0.048046637
8439,0.0,0,0.08917263
12629,0.0,0,0.22433497
24074,0.0,0,0.14673375
6163,0.0,0,0.18247104
12917,0.0,0,0.04377168
18817,0.0,0,0.024085812
16453,0.0,0,0.08151129
11234,0.0,1,0.6334975
7434,1.0,0,0.15568726
2808,0.0,0,0.18880036
11105,0.0,1,0.7370864
23389,0.0,0,0.022766374
6238,1.0,0,0.055492513
27425,1.0,0,0.20497234
1039,0.0,0,0.1515598
15654,0.0,0,0.21659817
14824,0.0,0,0.067071
16783,1.0,0,0.39012274
974,0.0,0,0.06392794
28734,0.0,0,0.18673083
26583,1.0,0,0.16229187
25279,1.0,0,0.09561983
14078,0.0,0,0.08749892
4659,0.0,0,0.060943518
13488,0.0,0,0.074097395
1095,0.0,0,0.46900907
21607,0.0,0,0.16907048
22282,0.0,0,0.18877855
5730,0.0,0,0.1991691
5750,0.0,0,0.25973532
13731,1.0,1,0.66547847
26594,0.0,0,0.14732157
29185,1.0,0,0.45296445
17663,0.0,0,0.03695956
24047,0.0,0,0.087634034
20093,0.0,0,0.1115554
4898,0.0,0,0.11729274
23302,0.0,1,0.7563655
26491,0.0,0,0.4367571
8890,0.0,0,0.078503564
11849,0.0,0,0.22474657
16673,0.0,0,0.46908632
24415,0.0,0,0.150039
6560,1.0,0,0.02934536
4944,0.0,0,0.114242904
8148,1.0,0,0.08457201
27279,1.0,0,0.15915191
2104,0.0,0,0.055304375
10677,0.0,0,0.02809169
18883,0.0,0,0.14498031
18309,0.0,0,0.124319054
18366,0.0,0,0.1517569
25721,1.0,0,0.15535273
2,1.0,0,0.35528424
4437,0.0,0,0.29168144
6161,1.0,0,0.3796757
13618,0.0,0,0.16579287
28242,0.0,0,0.21841277
21341,0.0,0,0.27808923
846,0.0,0,0.05185534
646,0.0,0,0.40605307
22199,0.0,0,0.12995327
22528,0.0,0,0.2749072
22781,0.0,0,0.18104765
10880,0.0,0,0.30347845
380,1.0,0,0.13545899
24618,1.0,1,0.6649568
11311,0.0,0,0.20252645
432,1.0,0,0.14664628
27734,0.0,0,0.37319386
17320,1.0,0,0.4622838
362,0.0,0,0.022211779
13186,1.0,0,0.07916328
17017,0.0,0,0.103567675
18331,0.0,0,0.083140716
16623,1.0,1,0.66580385
5676,0.0,0,0.21976188
747,0.0,0,0.14871088
20971,0.0,0,0.12544788
3611,0.0,0,0.09019012
84,0.0,0,0.048866734
10344,0.0,0,0.12031413
9508,0.0,0,0.3759597
18691,0.0,0,0.1941032
3035,0.0,0,0.06483526
4632,0.0,0,0.15771665
16761,0.0,0,0.0696097
28572,0.0,0,0.07457646
12637,0.0,0,0.093580954
14767,1.0,0,0.11611319
20436,0.0,0,0.3134866
1671,0.0,0,0.15674223
7317,1.0,0,0.0510296
3537,0.0,1,0.6596628
14154,0.0,0,0.3212606
12355,0.0,0,0.19241427
28420,1.0,0,0.27295098
2574,0.0,0,0.20270899
6375,0.0,0,0.38071007
7576,0.0,0,0.078894004
6592,0.0,1,0.66189873
26220,0.0,0,0.08508072
9522,0.0,0,0.3510328
67,1.0,1,0.62802696
14880,0.0,0,0.04743593
16193,0.0,0,0.024040353
13916,0.0,0,0.031379428
28627,0.0,0,0.08132745
19932,1.0,0,0.18768273
6396,1.0,1,0.58777523
1049,0.0,0,0.13180068
11976,0.0,0,0.22931334
8861,0.0,0,0.20546818
13794,0.0,0,0.06028017
6515,1.0,0,0.23235056
9201,0.0,0,0.20944493
7563,0.0,0,0.18781522
27673,0.0,0,0.18698372
10143,0.0,1,0.78896695
24097,0.0,0,0.27011093
27642,0.0,0,0.19040553
11723,0.0,0,0.03958322
13980,1.0,0,0.16711275
24193,1.0,1,0.5042614
17759,1.0,1,0.51230663
26790,0.0,0,0.17911007
27371,0.0,0,0.049764402
19344,0.0,1,0.6779899
19758,0.0,0,0.32568648
2092,0.0,0,0.4303444
91,1.0,1,0.8064075
15090,0.0,0,0.14617412
17496,0.0,0,0.13414821
21813,0.0,0,0.29950044
1025,0.0,0,0.071253985
2594,0.0,0,0.32686445
1385,0.0,0,0.09082609
5532,0.0,0,0.17038263
5969,0.0,0,0.0912854
18192,0.0,0,0.1886493
23506,1.0,0,0.45157063
5012,1.0,0,0.10119971
8633,0.0,0,0.48195407
2171,0.0,0,0.05959762
310,0.0,0,0.08880412
10165,1.0,0,0.11529001
15143,0.0,0,0.14442448
22881,0.0,1,0.5243914
14355,1.0,0,0.42547435
21601,1.0,0,0.13866296
7939,0.0,0,0.10091578
27190,1.0,0,0.29423422
17062,0.0,1,0.677172
25996,1.0,1,0.6737236
29515,0.0,0,0.12231748
13363,0.0,0,0.16367942
17121,0.0,0,0.21093686
17589,0.0,0,0.19376944
4915,0.0,1,0.6347425
6342,0.0,1,0.725737
11645,0.0,0,0.14502938
24478,0.0,0,0.067476384
15144,0.0,0,0.0455411
27949,0.0,0,0.02535046
20011,1.0,0,0.19023986
8150,0.0,0,0.022319982
3299,1.0,0,0.38773736
4720,0.0,1,0.6687525
11659,1.0,1,0.66787964
11167,0.0,1,0.68510807
18975,0.0,0,0.022323007
8584,0.0,0,0.21166055
8948,1.0,0,0.17969689
22435,0.0,0,0.11278924
29135,0.0,0,0.17958227
9874,0.0,0,0.15858267
6130,1.0,1,0.6241177
10491,0.0,1,0.687276
20502,0.0,0,0.1831747
22373,0.0,0,0.02802518
27303,0.0,0,0.061054707
18212,0.0,0,0.06147596
4338,0.0,0,0.06863034
27343,0.0,0,0.021914408
9000,0.0,0,0.21240579
12595,0.0,0,0.10949455
7095,1.0,0,0.06909667
9013,0.0,0,0.478456
21751,0.0,0,0.116924815
15977,1.0,0,0.42972708
25915,0.0,0,0.17547247
674,1.0,1,0.7774106
5517,0.0,1,0.6220904
23452,0.0,1,0.5973826
29085,1.0,0,0.2481119
25593,0.0,0,0.022633024
4511,0.0,0,0.34442717
8207,0.0,0,0.14414403
11077,0.0,0,0.030785535
8056,1.0,0,0.13757324
13026,0.0,0,0.053676736
799,0.0,1,0.6773699
18269,0.0,0,0.060039118
388,1.0,0,0.3673549
17647,0.0,0,0.13769405
21,0.0,0,0.047758613
22003,0.0,0,0.060612183
15426,0.0,0,0.07017231
18306,0.0,0,0.16007885
15684,0.0,0,0.49918047
18270,0.0,0,0.039430946
22071,0.0,0,0.06371639
12247,0.0,0,0.13098747
17193,0.0,0,0.038623728
239,1.0,0,0.14669049
27935,0.0,0,0.07087105
1169,0.0,0,0.21245094
23403,0.0,0,0.24216615
8067,0.0,0,0.083358645
28575,0.0,0,0.09836978
13139,0.0,0,0.06884042
25076,0.0,0,0.027981704
20060,0.0,0,0.06445693
28358,0.0,0,0.13726726
25108,0.0,0,0.15649724
10576,1.0,1,0.79618186
28407,0.0,0,0.26447666
10837,0.0,0,0.16578636
8684,0.0,0,0.025588037
20329,0.0,0,0.40073973
21059,0.0,0,0.14060268
2053,0.0,0,0.23256777
227,0.0,0,0.15450802
21440,1.0,0,0.17790462
14600,0.0,0,0.085098885
14970,1.0,0,0.20638916
29632,0.0,0,0.17798452
6811,0.0,0,0.149496
14052,0.0,0,0.15026112
27357,0.0,0,0.1412757
12488,0.0,0,0.11947728
21722,0.0,0,0.15867014
8809,1.0,0,0.49691013
12403,1.0,0,0.036590807
23872,0.0,0,0.15976271
4187,0.0,0,0.047226064
29310,1.0,0,0.46551183
8165,0.0,0,0.17261918
16583,1.0,0,0.09205736
5914,0.0,0,0.047856074
15973,1.0,0,0.43492585
2747,1.0,1,0.7076746
2271,0.0,0,0.17260313
9045,0.0,0,0.02782606
5288,0.0,0,0.10613941
23070,0.0,0,0.39612028
1226,1.0,0,0.20883659
17665,0.0,0,0.06326084
14836,0.0,0,0.119610146
3049,0.0,0,0.10314245
8668,1.0,0,0.10251725
6013,1.0,0,0.13761179
66,1.0,1,0.77256584
19484,0.0,0,0.103427514
2525,0.0,0,0.22740558
11520,1.0,0,0.1372797
19596,1.0,1,0.73951966
21840,0.0,0,0.06861046
3436,0.0,0,0.3112247
25899,0.0,0,0.10558009
5361,0.0,0,0.086584836
9811,0.0,0,0.17536545
25646,1.0,1,0.731106
29254,0.0,0,0.15894389
25396,0.0,0,0.11127832
8958,0.0,0,0.06229144
14741,0.0,0,0.24616034
19254,0.0,0,0.09363172
8933,1.0,0,0.31110123
21963,0.0,0,0.0356269
6176,0.0,1,0.66967463
24658,0.0,0,0.115799114
11712,0.0,0,0.06660858
13306,1.0,0,0.21440576
20593,0.0,0,0.14660138
3755,0.0,0,0.022265015
7618,1.0,0,0.32563162
23687,0.0,0,0.08040082
13034,0.0,0,0.06823185
4902,0.0,0,0.38287196
2553,1.0,0,0.16115485
9857,1.0,1,0.6018055
19782,0.0,0,0.21828471
24146,0.0,0,0.051088538
25039,0.0,0,0.059543498
6060,0.0,0,0.15711048
12276,0.0,0,0.1791661
24148,1.0,0,0.29204655
3912,0.0,0,0.26429862
27514,0.0,0,0.1831941
19286,1.0,0,0.14237899
20716,0.0,0,0.052382965
23514,0.0,0,0.16146468
16786,1.0,1,0.66460025
24894,0.0,0,0.07651107
7071,1.0,0,0.4503615
29171,1.0,1,0.5900771
7025,0.0,0,0.0410475
14471,1.0,1,0.6863102
11708,0.0,0,0.2033667
16072,0.0,0,0.15176442
26775,0.0,1,0.6405719
15989,1.0,0,0.14018224
613,0.0,0,0.18466271
2539,0.0,0,0.08695486
6262,0.0,0,0.104513705
26504,0.0,0,0.09515226
7299,0.0,0,0.05737973
15614,0.0,0,0.120981716
27626,0.0,0,0.09892265
29086,0.0,0,0.25212455
18919,1.0,1,0.7310307
27024,0.0,0,0.16504565
23510,0.0,0,0.46476007
20718,0.0,0,0.14234647
2214,0.0,0,0.098640785
19714,0.0,0,0.12787174
26222,0.0,0,0.13648663
16857,0.0,1,0.73388106
10876,1.0,0,0.14577089
17402,0.0,0,0.20451978
3658,0.0,0,0.06283443
6288,0.0,0,0.039775476
12199,0.0,0,0.1064695
13190,0.0,0,0.13020459
27344,0.0,0,0.11659483
25873,0.0,0,0.063433364
12255,0.0,0,0.1806518
26395,0.0,1,0.6831783
27944,0.0,0,0.16496691
5707,0.0,0,0.07402686
28254,0.0,0,0.18212613
6654,1.0,0,0.108505614
21553,0.0,0,0.21832128
15718,0.0,0,0.057073243
7354,0.0,0,0.15739506
20706,0.0,0,0.13267818
19027,1.0,0,0.12530719
9359,0.0,0,0.04652011
18884,0.0,0,0.26790857
21151,0.0,0,0.10597579
211,0.0,0,0.06990375
2248,1.0,0,0.3943169
23304,0.0,0,0.18006845
2086,0.0,0,0.3201228
19541,0.0,0,0.033568636
16393,0.0,0,0.06753922
22033,0.0,0,0.08887642
10137,0.0,0,0.17722417
11028,0.0,0,0.051655203
12961,0.0,0,0.09419823
1389,0.0,0,0.048534226
28368,0.0,0,0.0857752
24687,0.0,0,0.023180451
805,0.0,0,0.07058899
10593,0.0,0,0.1973404
27134,0.0,0,0.10200134
10755,0.0,0,0.064727694
6738,0.0,0,0.22088118
8179,1.0,1,0.73900783
3251,0.0,0,0.036481
21042,0.0,0,0.19411735
16581,0.0,0,0.030945767
18018,0.0,0,0.19447114
4832,1.0,0,0.07298895
14533,0.0,0,0.08570864
26467,1.0,0,0.037756823
23108,0.0,0,0.044298954
19937,0.0,0,0.17726007
2656,1.0,1,0.60588616
17949,0.0,0,0.14899063
2082,0.0,0,0.13383228
23252,0.0,0,0.15040351
14189,0.0,0,0.17417201
3552,0.0,0,0.02454445
20394,0.0,0,0.11602172
26378,0.0,0,0.021120656
18390,0.0,0,0.028933385
11631,0.0,0,0.037863616
10973,0.0,0,0.16664459
26488,0.0,0,0.26500097
6315,0.0,0,0.1305488
3060,0.0,0,0.037844986
11287,0.0,0,0.28720137
12916,0.0,0,0.11185865
27599,0.0,0,0.17926481
1484,0.0,0,0.12991235
13878,0.0,0,0.22091302
9597,0.0,0,0.46753603
17169,0.0,0,0.16030458
9883,0.0,0,0.39834565
2268,0.0,0,0.029090783
7983,0.0,1,0.5037898
18246,0.0,0,0.09464847
7918,0.0,0,0.1694038
5254,0.0,0,0.24301639
4276,1.0,1,0.63584304
15423,0.0,0,0.08564863
23603,1.0,1,0.67088187
3584,1.0,1,0.65310717
26249,0.0,0,0.06403559
27612,0.0,0,0.18834087
3424,1.0,0,0.16564417
18093,1.0,1,0.5697829
11330,0.0,0,0.49984354
789,0.0,0,0.14330894
619,0.0,0,0.08510849
27632,1.0,1,0.67205083
26549,0.0,0,0.25157085
27987,0.0,0,0.055911385
3031,0.0,0,0.040233374
17244,0.0,0,0.10144991
3672,0.0,0,0.16196722
27021,1.0,0,0.32017145
10722,0.0,0,0.20034564
506,0.0,0,0.23978314
5717,0.0,0,0.02575764
18580,0.0,0,0.47071198
25491,0.0,0,0.40542805
14194,0.0,0,0.09109441
27994,0.0,0,0.3526074
14139,0.0,0,0.1800509
28188,1.0,0,0.21861042
16381,1.0,0,0.33664638
25568,0.0,0,0.02881797
25245,0.0,0,0.15299651
22905,0.0,0,0.2745026
27121,0.0,0,0.12526387
4528,1.0,0,0.469302
27499,1.0,1,0.57514805
16144,0.0,0,0.022129033
14008,1.0,0,0.29689717
27098,0.0,0,0.107031345
17473,0.0,0,0.089599535
6272,1.0,1,0.7678705
20183,0.0,0,0.047526937
15931,0.0,0,0.07870888
9187,0.0,0,0.28377178
7132,0.0,0,0.090422526
3590,1.0,1,0.77151746
825,1.0,0,0.07033789
9451,0.0,0,0.024905821
508,0.0,0,0.15779941
28185,0.0,0,0.11312461
17523,0.0,0,0.06279199
17708,0.0,0,0.22596848
8023,0.0,0,0.09463491
17185,0.0,0,0.033048064
18085,0.0,0,0.4438013
3585,0.0,0,0.048236582
20076,0.0,0,0.027213678
6443,0.0,0,0.09933576
2767,0.0,0,0.037370116
28205,1.0,0,0.18853857
2367,0.0,0,0.021632927
9111,1.0,1,0.78633916
2645,1.0,0,0.35615826
21575,0.0,0,0.101334006
865,0.0,0,0.03056362
2734,0.0,0,0.2038186
19488,0.0,0,0.27006426
28279,0.0,0,0.03552732
14278,0.0,0,0.456689
13727,0.0,0,0.101310216
13705,0.0,0,0.03296142
525,0.0,0,0.030888919
16019,0.0,0,0.03809761
1957,1.0,1,0.7579552
1108,0.0,0,0.20591713
4357,0.0,0,0.09599821
10323,0.0,0,0.42566627
24178,0.0,0,0.13088247
15388,0.0,0,0.14944547
20381,1.0,0,0.18244386
1355,0.0,0,0.21307713
3627,0.0,0,0.1999423
10773,0.0,0,0.42022622
4352,1.0,0,0.3089827
1566,0.0,0,0.15630797
18460,0.0,0,0.30643997
6712,0.0,0,0.10964405
12168,0.0,0,0.02954414
6564,0.0,0,0.08386374
13351,0.0,0,0.048252437
13650,0.0,0,0.033838656
11524,0.0,0,0.15214121
24756,0.0,0,0.14856811
5460,0.0,0,0.021365039
28065,0.0,0,0.12013874
1096,0.0,0,0.09318757
12974,0.0,0,0.16001533
23818,1.0,0,0.10706112
6695,0.0,0,0.22048706
22553,0.0,0,0.10835683
1826,0.0,0,0.028641801
1567,0.0,0,0.02605644
17241,0.0,0,0.38443276
11878,0.0,0,0.038325243
18096,0.0,0,0.02610038
307,0.0,0,0.037921067
22058,0.0,0,0.021372696
12282,1.0,1,0.7246194
12735,1.0,0,0.41997713
16407,1.0,0,0.15874262
8284,0.0,0,0.19848867
19800,0.0,0,0.17257331
5595,0.0,0,0.27314204
8856,1.0,0,0.14444034
26251,0.0,0,0.036392868
23052,0.0,0,0.20288712
24430,1.0,0,0.18283054
8171,0.0,0,0.11169639
19735,0.0,0,0.14529267
4808,0.0,0,0.0677521
29653,0.0,0,0.038861636
25795,0.0,0,0.090712234
10583,0.0,0,0.10955201
18490,1.0,1,0.6281639
7359,0.0,0,0.09166645
19575,0.0,0,0.042164326
21696,0.0,0,0.035749137
7512,0.0,0,0.06513765
8570,0.0,0,0.104360044
28322,1.0,0,0.08637193
6329,0.0,0,0.042821392
11370,0.0,0,0.11680579
21445,0.0,0,0.05346577
3069,0.0,0,0.040662214
2821,0.0,1,0.5546381
5680,0.0,0,0.399348
2080,0.0,1,0.6365137
19505,0.0,0,0.20171902
20749,0.0,0,0.020792253
23880,0.0,0,0.081347175
27231,1.0,1,0.7644415
23539,0.0,0,0.083909705
21827,0.0,0,0.048277996
656,1.0,0,0.07280327
17599,1.0,0,0.30621034
12083,0.0,0,0.23703776
20339,0.0,1,0.6889175
22515,0.0,0,0.09592401
26548,0.0,0,0.15881392
25855,0.0,0,0.14340584
9343,0.0,0,0.102713495
23705,1.0,1,0.7533166
14160,1.0,0,0.075121716
29913,0.0,0,0.11084917
11369,1.0,0,0.29028586
22253,0.0,0,0.025341127
14856,0.0,0,0.15858321
2698,0.0,0,0.1619404
24587,0.0,0,0.22181259
8118,1.0,1,0.7319632
25572,0.0,0,0.022277687
17673,0.0,0,0.049776174
8731,0.0,0,0.28453153
29581,0.0,0,0.057657678
13862,1.0,0,0.05468901
14726,0.0,0,0.14676994
5593,0.0,1,0.71759903
18510,0.0,0,0.17284386
16883,0.0,0,0.0964284
5450,0.0,0,0.025209824
2035,0.0,0,0.27006045
17380,0.0,0,0.4066448
13665,0.0,0,0.28575146
12039,0.0,0,0.05749046
14419,0.0,1,0.672683
14718,0.0,1,0.7191745
13954,0.0,0,0.026386227
21589,0.0,0,0.070748776
7033,0.0,0,0.17309642
18867,0.0,0,0.11144277
14055,0.0,0,0.2071632
1603,0.0,0,0.14368291
6873,0.0,0,0.066003785
3931,0.0,0,0.12665921
8172,1.0,0,0.2821528
22827,0.0,0,0.061441336
29061,0.0,0,0.060372785
14863,0.0,0,0.12990385
28970,0.0,0,0.18116368
26873,0.0,0,0.10190051
26596,0.0,0,0.19031747
11170,0.0,0,0.040485427
23396,0.0,0,0.15676823
9858,1.0,1,0.68327063
22739,0.0,0,0.15182978
22320,0.0,0,0.17982306
7660,0.0,1,0.6956991
11163,0.0,0,0.08647271
10186,1.0,0,0.04092822
7567,0.0,0,0.2430349
6499,0.0,0,0.16134693
3125,0.0,0,0.06626137
23644,0.0,0,0.06735993
9113,0.0,0,0.16444504
28237,0.0,0,0.02331408
3032,0.0,0,0.37142986
2778,0.0,0,0.0364541
29124,0.0,0,0.1801487
13493,0.0,0,0.08674671
4260,1.0,0,0.4207456
4896,0.0,0,0.10333156
23708,0.0,0,0.06496164
826,0.0,0,0.17653331
6960,0.0,0,0.054333974
189,0.0,0,0.08025989
9143,1.0,0,0.4857178
3137,0.0,0,0.07062485
5065,1.0,0,0.4719517
26668,0.0,0,0.1650626
4890,0.0,0,0.1453896
4864,1.0,0,0.17818305
18672,0.0,0,0.21245481
17754,0.0,0,0.040797703
16255,1.0,0,0.26578546
22550,0.0,0,0.2811284
25931,0.0,0,0.1305656
23974,0.0,0,0.059952997
26058,1.0,1,0.67900485
6895,1.0,1,0.7700694
28761,0.0,0,0.071140565
24369,0.0,0,0.19225894
15956,0.0,0,0.05849376
13435,0.0,0,0.05118129
17976,0.0,0,0.16266169
7974,0.0,0,0.46334085
3259,0.0,0,0.058288626
4194,0.0,1,0.5413042
16446,0.0,0,0.1212177
20721,0.0,0,0.028895045
25532,0.0,0,0.17993844
16847,0.0,0,0.09897957
21393,1.0,1,0.71458757
3673,1.0,0,0.16564706
781,0.0,0,0.27878863
2474,0.0,0,0.17594755
5409,0.0,0,0.15728849
14467,0.0,0,0.031731047
4624,0.0,0,0.18026665
15455,1.0,1,0.56507814
17094,0.0,0,0.14051975
2967,0.0,0,0.18595634
7258,1.0,0,0.16497315
17143,1.0,0,0.39921486
12322,0.0,0,0.17417888
5955,0.0,0,0.07828707
21052,0.0,0,0.13967864
28520,0.0,0,0.10436082
7892,0.0,0,0.09510718
436,1.0,0,0.4772522
8490,0.0,0,0.23042335
7123,1.0,1,0.74274814
18301,0.0,0,0.16676581
28039,1.0,0,0.120198056
13531,0.0,0,0.24916092
17620,1.0,1,0.73153144
13750,0.0,0,0.34501228
15304,1.0,0,0.043679606
15558,0.0,0,0.029728761
13424,1.0,0,0.22775805
21244,0.0,0,0.17671303
25095,0.0,0,0.061459046
22657,1.0,1,0.70995754
25852,1.0,1,0.6659693
24734,0.0,0,0.0629967
18512,1.0,0,0.1561159
24621,0.0,0,0.1709736
17005,0.0,1,0.75173986
24941,0.0,0,0.28141722
29261,0.0,0,0.18843108
10831,1.0,1,0.55392104
20465,1.0,1,0.7690736
13251,0.0,0,0.20708007
20632,0.0,0,0.03556407
3332,0.0,0,0.14550126
10888,0.0,0,0.104121834
26568,0.0,0,0.24097382
19744,0.0,0,0.046342116
29319,0.0,0,0.341032
6047,0.0,0,0.02055242
12319,1.0,1,0.7350257
11402,0.0,0,0.024616545
12297,1.0,0,0.020861918
3304,0.0,0,0.02165509
28938,0.0,0,0.16720274
7024,0.0,0,0.06861954
5478,0.0,0,0.087102965
18679,0.0,0,0.14973092
20576,0.0,0,0.02217448
23165,1.0,0,0.20097
2937,0.0,0,0.11980415
27916,1.0,1,0.7875986
20025,0.0,0,0.14012437
18042,0.0,0,0.40884092
28669,0.0,0,0.05661723
15305,0.0,0,0.060284592
7005,0.0,0,0.25395665
18774,1.0,1,0.6883983
5922,0.0,0,0.21652232
24989,1.0,0,0.48452923
8442,0.0,0,0.138364
27278,0.0,0,0.47851083
26473,1.0,0,0.14524575
1092,0.0,0,0.10413983
25706,0.0,0,0.025660332
488,0.0,0,0.025094815
14416,0.0,0,0.048212465
26345,0.0,0,0.18506175
6038,0.0,0,0.07542133
4997,0.0,0,0.08172377
19225,0.0,0,0.10154376
20391,0.0,0,0.11249529
21936,0.0,0,0.09430654
4763,1.0,1,0.65289783
4863,1.0,1,0.71332115
4241,0.0,0,0.11649607
8227,0.0,0,0.47725272
23244,0.0,0,0.07141617
11101,0.0,0,0.17120835
1426,0.0,0,0.14220826
27628,1.0,0,0.47587594
16132,0.0,0,0.30705184
15168,0.0,0,0.17167874
15403,0.0,0,0.1136514
5765,0.0,0,0.085881785
25514,0.0,0,0.17295305
23260,0.0,0,0.108030096
2909,1.0,0,0.44145498
10531,0.0,0,0.20841432
29081,1.0,0,0.2448727
9854,0.0,0,0.1897038
6014,0.0,0,0.17231946
22,1.0,0,0.23668309
13873,0.0,1,0.60727626
20427,0.0,0,0.16434817
4591,1.0,0,0.440635
8034,0.0,0,0.119222246
11956,0.0,0,0.120146535
13824,0.0,0,0.16437338
25061,0.0,0,0.052542407
1535,0.0,0,0.1464822
28781,0.0,0,0.122849956
10835,0.0,0,0.110093564
2509,0.0,0,0.059138622
13725,0.0,0,0.101299375
7266,1.0,0,0.19700705
29160,0.0,0,0.08968332
19972,0.0,0,0.12297274
6245,0.0,0,0.035810653
27761,0.0,0,0.12034966
10390,1.0,1,0.7622739
19287,0.0,0,0.13915738
29277,0.0,0,0.18631221
16056,0.0,0,0.045637276
22291,1.0,1,0.74076253
16955,0.0,0,0.32648495
29438,0.0,0,0.17762814
12025,1.0,1,0.69658536
6762,0.0,0,0.24340063
10324,0.0,0,0.46879038
28566,0.0,0,0.09001009
8478,0.0,0,0.021154167
28817,0.0,0,0.078267805
3070,0.0,0,0.40303865
7162,1.0,0,0.14921921
29455,1.0,0,0.11843527
7402,0.0,0,0.17244054
15225,0.0,0,0.17231897
5644,0.0,0,0.17253292
165,0.0,0,0.13128479
17894,0.0,0,0.030568805
15788,0.0,0,0.19421454
13870,0.0,0,0.22067958
10058,0.0,0,0.049062867
10611,0.0,0,0.20456164
11760,0.0,0,0.09358831
18031,0.0,0,0.14332584
4893,0.0,0,0.17438933
5293,0.0,0,0.17623408
9038,0.0,0,0.4005161
28868,0.0,0,0.030409785
4104,0.0,0,0.055733632
18256,0.0,0,0.10906705
7170,1.0,0,0.1980214
4958,1.0,0,0.13187496
110,0.0,0,0.35695913
2946,0.0,0,0.22340402
21346,0.0,0,0.07615901
29919,0.0,0,0.09264081
16343,0.0,0,0.067267165
24588,0.0,0,0.020857088
23435,0.0,0,0.12574771
5002,1.0,0,0.026410542
24134,0.0,0,0.06982448
2241,0.0,0,0.088142104
16665,0.0,0,0.026936376
25361,0.0,0,0.21057855
28644,0.0,0,0.051889822
14434,0.0,0,0.17325579
6212,0.0,0,0.16177903
18840,0.0,0,0.063275814
3595,1.0,0,0.097248234
21895,0.0,0,0.28552738
10256,0.0,0,0.11875035
6991,0.0,1,0.62012035
28113,0.0,0,0.021611854
6120,1.0,1,0.75794995
21673,1.0,1,0.664056
13204,0.0,0,0.026925344
7655,0.0,0,0.075622335
23737,1.0,0,0.18245909
17879,0.0,0,0.35760686
27429,1.0,0,0.19768906
23696,0.0,0,0.06563939
10796,0.0,0,0.060253423
6383,0.0,0,0.3739859
3351,1.0,1,0.50287175
93,0.0,0,0.09167356
5350,1.0,1,0.52891064
26518,1.0,0,0.22583863
8219,0.0,0,0.16686745
27233,0.0,0,0.18185225
24718,0.0,0,0.36766887
22009,0.0,0,0.036513127
3966,0.0,0,0.030949848
26912,0.0,0,0.10824507
22628,1.0,0,0.20612048
2857,0.0,0,0.20607287
22780,0.0,0,0.03622067
29174,0.0,0,0.105709836
6868,0.0,0,0.17317043
7327,0.0,0,0.08103697
28529,0.0,0,0.12457338
26221,0.0,0,0.22360593
23432,1.0,0,0.17673588
27270,0.0,0,0.13408701
5988,1.0,0,0.35940546
6178,1.0,0,0.23665349
18087,1.0,0,0.17667657
4933,0.0,0,0.20509356
28904,0.0,0,0.021703724
20179,0.0,0,0.17222628
206,0.0,0,0.15350261
4706,0.0,0,0.18629852
20383,0.0,0,0.13242587
23237,0.0,0,0.3538148
9767,0.0,0,0.16862452
24595,1.0,0,0.36777687
8021,1.0,0,0.18160059
280,0.0,0,0.03242615
3132,0.0,0,0.06960848
25993,0.0,0,0.14949748
14945,0.0,0,0.06262688
10024,0.0,1,0.6215511
28502,0.0,0,0.46763432
21707,0.0,0,0.107410975
8963,0.0,0,0.02477628
19251,1.0,0,0.0388329
11398,1.0,0,0.17737964
8727,0.0,0,0.2373992
1444,0.0,0,0.08724974
6077,1.0,1,0.6772022
27651,0.0,1,0.7383718
28409,0.0,0,0.031683493
8987,0.0,0,0.05805319
15160,0.0,1,0.6997699
8481,0.0,0,0.15331034
5285,1.0,1,0.7735731
12009,0.0,0,0.15797293
12360,0.0,0,0.13389069
27555,1.0,0,0.41570452
6428,0.0,0,0.1182054
10919,0.0,0,0.026576689
11563,0.0,0,0.14036454
5814,0.0,0,0.25051624
25735,0.0,0,0.05589234
18825,0.0,0,0.087605216
18264,1.0,0,0.16780557
23000,0.0,0,0.09675458
119,0.0,0,0.035631772
13944,1.0,0,0.4703907
21178,0.0,0,0.022916224
13906,0.0,0,0.09856657
3342,0.0,0,0.17228341
22748,0.0,0,0.16731775
8720,0.0,0,0.07722074
8560,0.0,0,0.12648298
23342,1.0,0,0.24050255
4049,1.0,0,0.2871371
14445,0.0,0,0.10694153
5873,0.0,0,0.06587677
16437,0.0,0,0.2680157
3502,0.0,0,0.020792637
24575,0.0,0,0.11336248
2081,0.0,0,0.13908058
3633,0.0,0,0.16577083
4014,1.0,1,0.73191947
4820,0.0,0,0.17747603
24556,0.0,0,0.07010464
12770,0.0,0,0.11521734
7314,1.0,0,0.22482318
7922,1.0,0,0.17963389
9230,0.0,0,0.03612062
23908,1.0,0,0.07122081
2479,0.0,0,0.22721368
2418,1.0,1,0.6857259
4410,0.0,0,0.12261474
4327,0.0,0,0.15488526
2188,1.0,0,0.43974048
15076,0.0,0,0.05560607
28634,1.0,1,0.76812285
9682,0.0,0,0.024492297
2794,0.0,0,0.045128696
17504,0.0,0,0.09499484
22177,1.0,1,0.607429
338,0.0,0,0.17564356
7417,0.0,1,0.7854511
11379,0.0,0,0.10087472
10265,0.0,0,0.4074771
1395,0.0,0,0.08094365
14075,1.0,0,0.46411687
13853,0.0,0,0.058796067
13834,0.0,0,0.16746911
9002,0.0,0,0.11736542
25901,0.0,0,0.04957174
28484,0.0,0,0.07875458
5767,0.0,0,0.093769476
1140,0.0,0,0.030911203
17584,1.0,0,0.09071594
14996,0.0,0,0.30659473
28004,0.0,0,0.02657308
25223,0.0,0,0.19395979
29705,0.0,0,0.14975454
25789,0.0,0,0.09570974
24926,0.0,0,0.17710431
13999,0.0,0,0.040361777
5261,1.0,1,0.51179695
9033,0.0,0,0.073879905
13592,0.0,0,0.10370477
9480,1.0,0,0.35500002
29727,1.0,1,0.8036136
23116,0.0,0,0.11644303
11895,0.0,0,0.16663666
12436,1.0,0,0.07449165
10247,0.0,0,0.07931267
26552,1.0,0,0.1203046
28554,0.0,0,0.08149596
20559,0.0,0,0.18615602
22089,0.0,0,0.21746685
21635,1.0,1,0.69960743
3340,1.0,0,0.048217148
17901,0.0,0,0.46571192
8228,1.0,0,0.08836493
21913,0.0,0,0.26439118
7305,0.0,0,0.040094238
19203,0.0,0,0.070277706
19416,1.0,0,0.12604097
18579,0.0,0,0.12006922
25705,1.0,1,0.63408536
18910,0.0,0,0.21638505
1469,0.0,0,0.15524778
5099,0.0,0,0.033723887
4676,0.0,0,0.09295175
22307,1.0,0,0.390981
19996,0.0,0,0.09312994
22689,1.0,1,0.7537199
7838,0.0,0,0.023537355
7104,0.0,0,0.028450612
19136,0.0,0,0.16408168
11761,0.0,0,0.46581453
24155,1.0,1,0.70356613
26817,0.0,0,0.16152263
10002,0.0,0,0.28607163
18214,1.0,0,0.09981158
11621,0.0,0,0.10083241
25006,0.0,0,0.3980975
11935,0.0,0,0.17712362
7011,0.0,0,0.14476818
15283,0.0,0,0.099721625
29842,0.0,0,0.020946601
28414,0.0,0,0.1098905
11630,0.0,0,0.14967741
29521,1.0,0,0.19489092
27461,0.0,0,0.19431494
10484,0.0,0,0.06739278
28174,1.0,0,0.17152666
28750,0.0,0,0.17902248
7916,0.0,0,0.032911606
22691,0.0,1,0.7009578
5589,0.0,0,0.115291
15105,0.0,0,0.042103656
18543,0.0,0,0.050108764
26440,0.0,0,0.18018077
22369,0.0,0,0.123196974
3513,1.0,1,0.7701318
19047,0.0,0,0.021224918
27540,1.0,0,0.21146265
21703,0.0,1,0.6776901
16263,0.0,0,0.05559387
22544,1.0,0,0.25290585
28921,1.0,0,0.35021415
10724,0.0,0,0.022509588
11958,0.0,0,0.08320698
20614,0.0,0,0.16041939
5315,0.0,0,0.09868622
22482,0.0,0,0.11954453
16220,1.0,0,0.24640326
12055,1.0,0,0.36556792
5694,0.0,0,0.25763026
2683,0.0,0,0.2510327
1690,1.0,0,0.46116146
20448,0.0,0,0.13171116
27982,0.0,0,0.15542506
27191,0.0,1,0.7466981
8951,0.0,0,0.029221846
20625,0.0,0,0.2396141
14337,0.0,0,0.023429418
19922,0.0,0,0.15742183
7517,0.0,0,0.49834
16907,0.0,0,0.06861447
16613,1.0,1,0.7500364
600,1.0,0,0.16835164
13132,0.0,0,0.16547078
10834,1.0,0,0.1373003
28219,0.0,0,0.18715212
15250,0.0,0,0.09094216
4142,0.0,1,0.69983727
278,0.0,0,0.29393536
9934,1.0,0,0.14196311
21649,0.0,0,0.16607776
16051,0.0,0,0.07458572
1284,0.0,0,0.11938311
22092,0.0,0,0.028248062
1217,0.0,0,0.10894301
24033,1.0,0,0.4174926
29093,0.0,0,0.27691057
9246,0.0,0,0.09961436
2077,0.0,0,0.3420492
11197,0.0,0,0.1616264
19506,0.0,0,0.093530595
10533,0.0,0,0.078039594
4399,0.0,0,0.021915838
29104,0.0,0,0.10108216
28078,0.0,0,0.21600145
28631,0.0,0,0.050831173
20636,0.0,0,0.10227882
14927,0.0,0,0.07419826
7377,0.0,0,0.41561422
17684,0.0,0,0.15076804
27923,1.0,0,0.47937012
18116,0.0,0,0.090456
16534,0.0,0,0.13174628
761,1.0,1,0.51230496
1277,0.0,0,0.045893304
25155,1.0,1,0.7013326
18613,0.0,0,0.021916926
12926,0.0,0,0.13345714
17276,0.0,0,0.06498713
28268,0.0,0,0.08016742
29060,0.0,0,0.13234742
18296,1.0,0,0.19655496
9092,0.0,0,0.14420155
9716,0.0,0,0.36013213
527,0.0,0,0.48778045
8857,1.0,1,0.7802015
13574,0.0,0,0.09710981
971,1.0,0,0.027446171
6356,0.0,0,0.18892752
17173,0.0,0,0.08849497
11509,0.0,0,0.065644525
10519,0.0,0,0.11859415
15408,0.0,0,0.022378244
16661,0.0,0,0.1141175
12661,0.0,0,0.3088388
541,0.0,0,0.19309537
2855,1.0,1,0.75324535
20482,0.0,0,0.3355479
2670,1.0,0,0.3783847
475,0.0,0,0.16236931
24685,1.0,1,0.70859694
5143,0.0,0,0.18127963
6264,0.0,0,0.14508441
4290,0.0,0,0.14537132
15682,1.0,0,0.46865812
25257,0.0,0,0.29370433
1193,1.0,0,0.13819033
8729,0.0,0,0.11241795
27025,0.0,1,0.6494592
23895,0.0,0,0.18457212
14622,0.0,0,0.022305265
26011,0.0,0,0.030069733
24668,0.0,0,0.10478578
18574,1.0,0,0.09967418
1190,0.0,0,0.08211618
15161,1.0,1,0.6524823
15667,0.0,0,0.29702097
8804,0.0,0,0.3898282
16104,0.0,1,0.5221521
23338,0.0,0,0.09856335
8350,0.0,0,0.2823408
3010,1.0,1,0.733979
6498,0.0,0,0.1834132
20108,0.0,0,0.15870091
8569,0.0,0,0.05894188
2423,0.0,0,0.13133015
5297,0.0,0,0.023683444
35,0.0,0,0.031872325
6218,0.0,0,0.37567747
26909,0.0,0,0.16818936
6174,0.0,0,0.31014806
13969,1.0,1,0.6363616
24541,0.0,0,0.040280964
29430,0.0,0,0.15117589
11807,0.0,0,0.03585862
11314,0.0,0,0.1758671
27172,0.0,0,0.08543626
22820,0.0,0,0.021548433
11315,1.0,1,0.6613317
28097,1.0,0,0.47319275
28650,0.0,0,0.06334855
3263,0.0,0,0.23104179
25183,1.0,1,0.6153454
155,0.0,0,0.16646387
18297,1.0,0,0.40359673
27222,1.0,1,0.6945781
28800,0.0,0,0.15954101
26319,1.0,0,0.16700286
9133,0.0,0,0.065955795
8771,0.0,0,0.20308134
11212,1.0,1,0.6973038
29600,0.0,0,0.09819065
20864,0.0,0,0.072357625
21044,0.0,0,0.20508523
3745,0.0,0,0.035286058
28973,0.0,0,0.13056754
25520,0.0,0,0.07420366
3824,0.0,0,0.068648346
839,0.0,0,0.021558557
12164,0.0,1,0.6226843
27794,0.0,1,0.74966365
15052,0.0,0,0.074324
842,0.0,0,0.021117453
17556,0.0,0,0.16904493
10304,0.0,0,0.2105454
21192,0.0,0,0.022016888
654,1.0,0,0.16705418
24380,0.0,0,0.104400605
21232,0.0,0,0.06139631
16274,0.0,0,0.18284711
26432,0.0,0,0.1641589
23830,0.0,0,0.20894869
25698,0.0,0,0.21928658
28628,0.0,0,0.21365252
20327,0.0,0,0.16293074
5442,0.0,0,0.037028037
13927,0.0,0,0.15251976
22711,1.0,0,0.19514997
20867,0.0,1,0.50619125
27202,0.0,0,0.13610595
9275,0.0,0,0.19962047
2828,0.0,0,0.05787201
28275,0.0,0,0.022735262
26544,0.0,0,0.17521423
7437,1.0,1,0.6744862
27871,0.0,0,0.1549367
24145,0.0,0,0.08761079
10376,0.0,0,0.1368447
26074,0.0,0,0.24932976
29365,0.0,0,0.20591223
21130,0.0,0,0.26496857
14956,0.0,0,0.14672062
13247,0.0,0,0.028096054
23466,1.0,1,0.67271596
23654,0.0,0,0.106461056
29513,1.0,0,0.30882758
17362,0.0,0,0.40301454
17214,1.0,1,0.51216024
10891,1.0,0,0.33673272
13095,0.0,0,0.40911275
15268,0.0,0,0.4633081
11226,0.0,0,0.48022783
3647,0.0,0,0.048020612
4704,1.0,1,0.7204156
19528,1.0,0,0.16013913
29212,0.0,0,0.14493963
4935,0.0,1,0.6688147
24619,0.0,0,0.19906914
29642,0.0,0,0.085190214
1844,1.0,0,0.12411846
15997,1.0,0,0.10587904
7411,0.0,0,0.1815449
25975,0.0,0,0.40327093
29904,0.0,0,0.025237223
28453,0.0,0,0.16102579
16598,0.0,0,0.026454117
16148,0.0,0,0.087570176
20896,0.0,0,0.13625474
23668,0.0,0,0.21479279
23468,0.0,0,0.06320926
21105,0.0,0,0.13223211
1148,0.0,0,0.11026476
17768,0.0,0,0.08009036
9723,0.0,0,0.13890126
15753,0.0,1,0.6319877
27451,0.0,0,0.052682158
29152,1.0,1,0.771605
9796,1.0,0,0.03637877
3102,0.0,0,0.14277884
18582,0.0,0,0.12598388
8086,0.0,0,0.030847115
9729,0.0,0,0.073594905
16546,0.0,0,0.25764942
28886,0.0,0,0.18478501
470,0.0,0,0.14686254
5704,0.0,0,0.1724867
2037,0.0,0,0.03222509
28951,1.0,0,0.14398612
29187,0.0,0,0.27373907
24319,0.0,0,0.21229286
27144,0.0,0,0.24000998
19422,1.0,0,0.18624026
24928,0.0,0,0.33108386
28203,0.0,0,0.14779645
27229,1.0,1,0.53136814
4488,0.0,0,0.06305721
8454,1.0,0,0.100981645
9315,1.0,0,0.15833092
18683,1.0,0,0.09819154
29172,0.0,0,0.052297294
28963,0.0,0,0.19128855
1293,0.0,0,0.13876805
12351,0.0,0,0.2015984
11013,0.0,0,0.27827296
22117,0.0,0,0.09015757
12139,1.0,0,0.17245238
12721,0.0,0,0.1866478
15331,0.0,0,0.07786966
5193,0.0,0,0.17915578
6374,1.0,1,0.7396845
15691,0.0,0,0.3356114
22593,0.0,0,0.22040579
11241,0.0,1,0.65422237
29946,0.0,0,0.16636625
29328,0.0,0,0.049657006
14380,0.0,0,0.047409054
20127,0.0,0,0.23933291
19365,0.0,0,0.15732743
16469,0.0,0,0.20620786
24063,0.0,0,0.43704352
24824,0.0,0,0.08907911
4967,0.0,0,0.17833525
26713,0.0,1,0.7337404
19838,0.0,0,0.16561465
22047,0.0,0,0.026377589
28012,0.0,0,0.03648563
4369,1.0,0,0.26598242
18771,1.0,0,0.390899
1912,0.0,0,0.09775896
16336,0.0,0,0.27192217
9942,0.0,0,0.29601333
23109,0.0,0,0.23010744
28698,0.0,0,0.043945827
27388,0.0,0,0.16593833
5844,0.0,0,0.24124129
29936,1.0,0,0.14937237
19748,0.0,0,0.11919491
5671,0.0,0,0.19361372
1785,0.0,0,0.042233016
18166,0.0,0,0.19514307
2454,0.0,0,0.24792747
13861,0.0,0,0.21259429
1708,0.0,0,0.021791995
8317,0.0,0,0.082352206
13350,0.0,0,0.021001952
16402,0.0,0,0.28960243
27403,0.0,0,0.1674463
2952,0.0,0,0.20374085
114,0.0,0,0.05755514
15729,0.0,0,0.114568844
16819,0.0,0,0.18949948
11005,0.0,0,0.07916018
24076,0.0,1,0.7543883
6794,0.0,0,0.05781983
13934,0.0,0,0.058277708
19952,0.0,0,0.12794478
10615,0.0,0,0.068363145
8205,0.0,0,0.12833555
2732,1.0,0,0.068225734
19091,0.0,0,0.059455596
13620,1.0,0,0.24981298
22096,0.0,0,0.13034385
16010,0.0,0,0.2015277
23353,1.0,0,0.18830496
25844,0.0,0,0.052119553
18587,0.0,0,0.15245637
4885,1.0,0,0.4606109
19221,1.0,1,0.6673844
17077,1.0,1,0.7357383
29207,0.0,0,0.13133387
13273,0.0,0,0.34578457
17176,0.0,0,0.12094375
7607,1.0,0,0.101157494
19899,1.0,1,0.66953486
7198,0.0,0,0.067293145
8121,0.0,0,0.094431266
4770,1.0,1,0.718464
19305,0.0,0,0.15538388
20717,0.0,0,0.15167853
2246,0.0,0,0.19626097
19014,1.0,0,0.16684109
28768,0.0,0,0.08723537
6202,1.0,0,0.12727335
18004,0.0,1,0.6015629
9138,0.0,0,0.058278494
5949,0.0,0,0.05090987
5616,0.0,0,0.022173794
8170,0.0,0,0.15524393
24626,0.0,0,0.06353562
5438,0.0,0,0.046560224
25754,0.0,0,0.23665288
3362,0.0,0,0.18331306
16322,0.0,0,0.19045869
13604,1.0,0,0.15453838
14508,0.0,0,0.07922044
12540,1.0,0,0.18698165
22793,0.0,0,0.096927255
14395,0.0,0,0.029399214
20870,0.0,0,0.18178582
21702,1.0,1,0.77944493
11152,1.0,1,0.6368525
2427,0.0,0,0.3991251
26380,0.0,0,0.2915494
18109,0.0,0,0.07335639
29691,0.0,0,0.05827627
1961,1.0,1,0.6811936
24920,0.0,0,0.32242334
5554,0.0,0,0.19015598
7298,0.0,0,0.022781065
25425,0.0,0,0.1626935
27352,0.0,0,0.20962104
24552,1.0,0,0.038214587
21505,0.0,0,0.25636074
8523,0.0,0,0.18811673
729,0.0,0,0.026316836
16313,0.0,0,0.11841947
18652,0.0,0,0.11716145
886,0.0,0,0.14414355
14354,0.0,0,0.16674154
7716,0.0,0,0.10830658
18864,0.0,0,0.039897542
18660,0.0,0,0.34338295
18577,0.0,0,0.27397874
11649,0.0,0,0.3255675
6068,0.0,0,0.15191801
26551,1.0,0,0.2333586
6386,0.0,0,0.14248604
28444,0.0,0,0.09021334
19616,0.0,0,0.14124231
1261,0.0,0,0.04404751
7904,0.0,0,0.13681747
21241,0.0,1,0.63618904
9417,0.0,0,0.07970754
29934,0.0,0,0.34124637
14697,0.0,0,0.07032519
11756,0.0,0,0.1737156
15700,0.0,0,0.47687972
24349,0.0,0,0.034903493
11537,0.0,0,0.1311146
9664,0.0,0,0.062961325
7233,0.0,0,0.34141585
17208,1.0,1,0.75765514
986,1.0,0,0.10962064
13413,1.0,0,0.2376464
578,0.0,0,0.088473156
852,0.0,0,0.4690122
18485,0.0,0,0.10155929
11382,1.0,0,0.039745327
28413,0.0,0,0.025218397
4358,0.0,0,0.31330255
28602,0.0,0,0.080469914
7347,0.0,0,0.22053556
1292,0.0,0,0.13697587
9593,0.0,0,0.041745316
21418,0.0,0,0.08994486
7061,0.0,0,0.27179807
22867,0.0,0,0.24326037
6622,1.0,1,0.6892508
7405,1.0,0,0.15380852
12728,0.0,0,0.03995392
9216,1.0,0,0.4218882
15744,0.0,0,0.1406525
5761,0.0,0,0.15726623
22215,0.0,0,0.07939558
22073,0.0,0,0.19135676
24598,0.0,0,0.027064156
8873,0.0,0,0.02150646
1353,0.0,0,0.12440861
28172,0.0,0,0.10539007
8357,0.0,0,0.20067826
6735,0.0,0,0.036152255
11046,0.0,0,0.08641935
3203,0.0,0,0.13778783
23434,0.0,0,0.047817063
14623,0.0,0,0.035700146
18095,1.0,1,0.7401061
715,0.0,0,0.16568264
26119,0.0,0,0.032617964
5824,0.0,0,0.2431517
15312,0.0,0,0.19726677
14835,0.0,0,0.027306104
22329,0.0,0,0.04488806
26830,1.0,0,0.06407941
27835,0.0,0,0.059070524
18463,0.0,0,0.28344017
23563,1.0,0,0.25293136
29616,1.0,0,0.36712962
18394,1.0,1,0.75235945
22286,1.0,1,0.5213216
25529,0.0,0,0.16136357
10468,0.0,1,0.77810025
29227,0.0,0,0.2540763
22989,0.0,0,0.023190616
27963,0.0,0,0.3972409
2605,0.0,0,0.15410423
23042,0.0,0,0.18045159
25817,0.0,0,0.21384156
18392,0.0,0,0.045782123
16425,0.0,0,0.04752962
24924,0.0,0,0.027685728
17849,0.0,0,0.15496494
572,0.0,0,0.18115236
6737,0.0,0,0.16803676
20517,0.0,0,0.04498413
20645,1.0,0,0.22822662
8567,0.0,0,0.1454827
17253,0.0,1,0.672192
25699,0.0,0,0.07167761
28220,0.0,0,0.16522475
4332,0.0,0,0.14256002
5946,0.0,0,0.08582537
2707,1.0,1,0.6353106
2254,0.0,0,0.23163547
28269,0.0,0,0.26480597
21150,0.0,0,0.18876453
10985,0.0,0,0.1661296
16491,1.0,0,0.4484632
29571,1.0,1,0.8011691
15213,1.0,0,0.32154247
19241,0.0,0,0.03564972
13210,1.0,0,0.37938112
11818,0.0,1,0.73302287
10591,0.0,0,0.19403757
24923,0.0,0,0.033661555
12155,0.0,1,0.73516446
164,0.0,0,0.11948654
244,0.0,0,0.34913707
28090,0.0,0,0.12244158
28590,0.0,0,0.039079025
23239,0.0,0,0.17799465
18165,1.0,0,0.11575061
10476,0.0,0,0.16075598
10696,1.0,1,0.6997767
12635,0.0,0,0.022581749
7334,0.0,0,0.19237028
24886,0.0,0,0.13037704
1459,1.0,0,0.16235064
264,0.0,0,0.08749555
2523,0.0,0,0.11819488
29578,1.0,0,0.2976078
23187,1.0,0,0.15541701
29140,0.0,0,0.16653438
5888,0.0,0,0.028337993
20709,0.0,0,0.07424143
7935,1.0,0,0.25171515
16295,1.0,0,0.38333622
28084,0.0,0,0.19321597
27203,0.0,0,0.18323307
27785,0.0,0,0.032389972
12564,0.0,0,0.06741395
7891,0.0,0,0.0893229
9837,0.0,0,0.0550847
19210,0.0,0,0.17311811
14802,0.0,0,0.45657128
15574,0.0,0,0.2730347
19281,0.0,0,0.18531172
29650,0.0,0,0.08588881
1796,0.0,0,0.34970173
6069,0.0,0,0.053193282
3819,0.0,0,0.15338428
24682,0.0,0,0.027450835
18684,0.0,0,0.1908457
15309,0.0,0,0.47693914
2998,0.0,0,0.12631178
11205,0.0,0,0.47439978
6336,0.0,0,0.028379532
10356,0.0,0,0.03305088
1038,1.0,0,0.12137076
2564,0.0,0,0.16161804
29531,0.0,0,0.23485686
24642,0.0,0,0.053674314
3406,0.0,0,0.021766424
8293,1.0,0,0.16924281
17024,1.0,0,0.13901062
14976,1.0,0,0.122243114
17376,0.0,0,0.16608669
7774,0.0,0,0.17861181
8101,0.0,0,0.144502
7803,1.0,1,0.7551787
5577,1.0,0,0.17124815
27844,0.0,0,0.39863718
15453,0.0,0,0.17097376
26610,1.0,0,0.46902335
8181,1.0,0,0.18838201
17650,1.0,1,0.72665846
20854,0.0,0,0.22406428
34,0.0,0,0.025383448
22558,0.0,0,0.14992972
10306,0.0,0,0.07765764
12998,1.0,1,0.57165927
11060,0.0,1,0.5797181
27783,0.0,0,0.11230807
13787,0.0,0,0.077097125
10936,0.0,0,0.20297697
8497,0.0,0,0.2773425
15594,1.0,1,0.6560285
26660,0.0,0,0.4058492
18364,0.0,0,0.10195723
23938,0.0,0,0.21964228
3634,1.0,0,0.044911906
12951,0.0,0,0.24469507
15795,0.0,0,0.1551935
25745,0.0,0,0.18237299
4816,0.0,0,0.17295569
29550,0.0,0,0.06331525
7172,0.0,0,0.15759955
20249,1.0,1,0.74680746
544,0.0,0,0.052621778
24122,0.0,0,0.042963825
10415,0.0,0,0.4116646
9155,0.0,0,0.023001146
10047,1.0,0,0.14606936
3004,1.0,1,0.7118117
29468,0.0,0,0.049031325
14925,0.0,0,0.055421583
21631,0.0,0,0.21913409
29983,1.0,0,0.14633025
21476,0.0,0,0.04097762
23859,0.0,0,0.084681116
15800,0.0,0,0.32089007
21274,1.0,1,0.75153106
27886,1.0,0,0.069056466
13030,1.0,0,0.34362337
7342,0.0,0,0.1789766
26875,0.0,0,0.023150483
2611,0.0,0,0.02118132
4166,1.0,0,0.43951002
19434,1.0,0,0.2764771
18804,0.0,0,0.025628837
19742,0.0,0,0.07949674
21494,1.0,0,0.107883915
20995,0.0,0,0.15716924
16796,0.0,0,0.03499266
4478,0.0,0,0.06174091
29429,0.0,0,0.17567801
24774,0.0,0,0.05221797
9307,0.0,0,0.22700608
9450,1.0,0,0.31673652
25072,0.0,1,0.6092706
14728,1.0,0,0.1255795
29400,0.0,0,0.16174336
12634,0.0,0,0.06809713
27528,1.0,0,0.14003518
6451,0.0,0,0.14652449
14538,1.0,0,0.22489399
12991,1.0,0,0.46906376
22939,0.0,0,0.14493969
1522,0.0,1,0.74179894
6490,1.0,0,0.20996596
8318,0.0,0,0.08615966
15254,0.0,0,0.03594476
16277,1.0,0,0.032965694
10828,0.0,0,0.25271428
17627,0.0,0,0.2069104
7188,0.0,0,0.47719884
17694,0.0,0,0.47924605
27644,1.0,0,0.46824926
22227,0.0,0,0.12330679
26857,1.0,0,0.19642624
29917,0.0,0,0.02164755
5805,0.0,0,0.06483351
20468,0.0,0,0.20356311
23994,0.0,0,0.2821833
19991,0.0,0,0.1923631
1110,0.0,0,0.40067443
10343,0.0,0,0.16672687
23340,1.0,1,0.5870198
23684,0.0,0,0.07973927
14089,0.0,0,0.18214348
8435,0.0,0,0.18012068
11099,0.0,1,0.8022414
9465,0.0,0,0.111123666
22834,0.0,0,0.040831856
2482,0.0,0,0.07999122
24709,0.0,1,0.72333986
15946,0.0,0,0.030204767
13100,0.0,0,0.1580351
19061,1.0,0,0.15005085
26163,0.0,0,0.058209807
9158,0.0,0,0.031428076
20345,0.0,0,0.060460877
12872,0.0,0,0.120298706
2563,1.0,1,0.8023622
6496,0.0,0,0.19683611
8065,0.0,0,0.3866835
1934,0.0,0,0.29328686
24849,0.0,0,0.023802986
5016,0.0,0,0.15397854
15520,0.0,0,0.14947115
24093,0.0,1,0.75079185
17988,0.0,0,0.028264998
9802,1.0,0,0.03220314
28124,1.0,0,0.23913927
23472,0.0,0,0.42237598
22590,0.0,0,0.04196994
18634,0.0,0,0.060216166
24003,0.0,0,0.035553705
20090,0.0,0,0.32365084
9447,0.0,0,0.18044204
64,1.0,0,0.18166955
9252,0.0,0,0.41597077
15067,0.0,0,0.123954825
19605,0.0,0,0.2662729
29347,0.0,0,0.033643164
25994,0.0,0,0.1384446
2433,1.0,1,0.67563695
14280,1.0,0,0.2183443
25537,0.0,0,0.3205816
29414,1.0,1,0.7813632
10622,0.0,0,0.15527864
13400,1.0,0,0.24570648
26330,0.0,0,0.19651896
6943,1.0,0,0.43178952
13412,0.0,0,0.032473076
13539,0.0,0,0.19906388
22530,0.0,0,0.44046155
29635,0.0,0,0.02752195
18820,0.0,0,0.21244358
263,0.0,0,0.099429466
1397,1.0,0,0.47301582
15981,0.0,0,0.47807202
21632,0.0,0,0.09924359
25837,0.0,0,0.04680971
27581,1.0,1,0.75184864
3577,0.0,0,0.028670637
17103,0.0,0,0.273905
26812,0.0,0,0.2833202
5796,0.0,0,0.06326815
28115,0.0,0,0.11860536
16842,0.0,0,0.22882597
4683,0.0,0,0.027010554
22367,0.0,0,0.19891238
5057,1.0,1,0.737522
19356,0.0,0,0.038725648
8834,0.0,0,0.27147433
7472,0.0,0,0.09002328
5625,0.0,0,0.100624144
15123,0.0,0,0.17471391
697,0.0,0,0.09216001
22730,0.0,0,0.31904942
12179,0.0,0,0.027459864
12844,0.0,0,0.16958074
12773,1.0,0,0.46781468
4660,1.0,1,0.77999014
261,0.0,0,0.029864907
27637,0.0,0,0.469874
13126,0.0,0,0.19568911
17604,0.0,0,0.037987657
17319,0.0,1,0.6893656
27537,1.0,1,0.78720874
8273,0.0,0,0.15933058
15698,0.0,0,0.0858991
29541,1.0,0,0.23591678
25432,0.0,0,0.08357947
1036,1.0,1,0.5073609
12028,0.0,0,0.023655845
15103,0.0,0,0.37177542
7661,1.0,1,0.5728882
18284,0.0,0,0.18487751
9219,1.0,0,0.12369995
28618,0.0,0,0.096043386
20171,1.0,0,0.12322269
28691,0.0,0,0.119754836
17427,0.0,0,0.2733822
18316,0.0,0,0.13120355
2712,0.0,0,0.3003398
1754,0.0,0,0.12124623
8092,0.0,0,0.3172966
13434,0.0,0,0.09590973
25156,0.0,1,0.5131177
18410,1.0,1,0.5897274
7975,0.0,0,0.12389463
2444,0.0,0,0.39680475
25241,0.0,0,0.1207345
13534,0.0,0,0.16276465
16690,1.0,1,0.77411586
4557,0.0,0,0.44798964
3371,1.0,0,0.21803707
24450,0.0,0,0.46583718
5392,0.0,0,0.089076094
21146,0.0,0,0.15185319
18026,0.0,0,0.18243858
15042,0.0,0,0.07602257
8047,0.0,1,0.719577
13007,0.0,0,0.23778959
8049,1.0,1,0.7546119
15376,0.0,0,0.065183975
16070,0.0,0,0.16355473
18966,0.0,0,0.06918645
22400,0.0,0,0.08405643
14418,0.0,0,0.052236155
13114,0.0,0,0.17408085
20466,0.0,0,0.19815809
10286,0.0,0,0.020862859
8649,0.0,0,0.12174782
2354,0.0,0,0.059961937
4349,0.0,0,0.25677508
17598,0.0,0,0.16535121
3074,1.0,0,0.07780206
9036,0.0,0,0.0850999
18950,0.0,0,0.023399625
18275,0.0,0,0.037020944
22804,0.0,0,0.03400233
6804,0.0,0,0.1725227
9937,0.0,0,0.19995561
21884,0.0,0,0.09076358
4658,0.0,0,0.1875149
9564,0.0,0,0.17949258
7059,0.0,0,0.07332929
26539,0.0,0,0.12265209
28807,1.0,0,0.20068529
9136,0.0,0,0.21198285
7073,0.0,0,0.16758314
29009,0.0,0,0.068806544
24695,0.0,0,0.15465072
5592,0.0,0,0.22423936
16257,0.0,0,0.16055167
19030,1.0,1,0.66989696
3808,0.0,0,0.12231909
6526,0.0,0,0.023474459
5751,1.0,1,0.70725054
27423,0.0,0,0.12472993
6656,0.0,0,0.032729603
23996,0.0,0,0.4658018
6730,1.0,1,0.738524
22842,0.0,0,0.07106263
20132,0.0,0,0.094202325
2269,1.0,1,0.64142424
24198,1.0,1,0.76544076
19355,1.0,0,0.2942364
15297,0.0,0,0.041269127
12549,0.0,0,0.23381352
11059,0.0,0,0.062595
22386,1.0,0,0.1654006
19417,1.0,0,0.18877617
17166,0.0,0,0.28004563
10902,0.0,0,0.15145288
15910,0.0,1,0.5151831
14808,0.0,0,0.47363847
28629,0.0,0,0.10785727
16831,0.0,0,0.17604035
11040,0.0,0,0.28166276
28071,0.0,0,0.04581487
8784,0.0,0,0.2839102
9542,0.0,0,0.23841931
26172,0.0,0,0.127446
11267,1.0,1,0.7724007
3989,0.0,0,0.18109211
8005,1.0,0,0.060801875
1950,0.0,0,0.053907372
22113,0.0,0,0.13881816
13505,1.0,0,0.3992874
970,0.0,0,0.051659644
1206,1.0,0,0.097172804
10933,0.0,0,0.4612701
13626,0.0,0,0.06590026
21612,0.0,0,0.3405392
6307,0.0,0,0.026377564
4325,0.0,0,0.43525326
6835,0.0,0,0.1615224
4558,0.0,0,0.13373004
15907,0.0,0,0.0793196
17167,0.0,0,0.15763342
22334,0.0,0,0.022835985
2759,0.0,0,0.14742409
7068,0.0,1,0.7740234
23099,0.0,0,0.02954425
8676,0.0,0,0.02337998
23657,0.0,0,0.25287163
14205,1.0,0,0.33201548
21530,0.0,0,0.1493482
28989,1.0,0,0.3733691
24402,0.0,0,0.16389053
21012,0.0,0,0.19376978
2455,0.0,0,0.02078652
800,0.0,0,0.034431286
10879,0.0,0,0.47415113
7401,0.0,0,0.11171252
29260,0.0,0,0.05625184
13657,0.0,0,0.15668505
23279,0.0,0,0.058758356
15883,0.0,0,0.15011454
11464,0.0,0,0.17921305
9498,0.0,0,0.023214651
2387,0.0,0,0.16494767
13172,0.0,0,0.029054482
19878,0.0,0,0.17923905
23691,0.0,0,0.12611999
2702,0.0,0,0.23325992
17682,1.0,0,0.18964165
17570,1.0,1,0.67963654
24199,0.0,0,0.4655187
29288,0.0,0,0.36028546
21709,0.0,0,0.44403082
18930,0.0,0,0.06954628
8149,1.0,0,0.41413066
3065,0.0,0,0.022703936
29177,1.0,1,0.63704777
29978,0.0,0,0.036143187
6338,0.0,1,0.6697172
26305,0.0,0,0.03907856
25589,0.0,0,0.110327795
26368,1.0,0,0.17488316
10258,0.0,0,0.055017512
3113,0.0,0,0.021987362
23146,0.0,0,0.1472425
4393,0.0,0,0.19463722
15353,0.0,0,0.2815429
8062,0.0,0,0.18181726
29986,0.0,0,0.16492902
18700,0.0,0,0.069718935
8433,0.0,0,0.22286938
5677,0.0,0,0.1265127
2431,1.0,0,0.24550548
27145,0.0,0,0.09680802
10488,1.0,0,0.104773715
21107,0.0,0,0.13471344
27331,0.0,0,0.06835859
3583,0.0,0,0.054409035
10052,0.0,0,0.15015724
27996,0.0,0,0.13467611
27980,0.0,0,0.182301
6859,0.0,0,0.18255237
29320,0.0,0,0.18542592
26421,1.0,0,0.123872265
12717,0.0,0,0.070300825
11329,0.0,0,0.037975363
27181,0.0,0,0.07442167
9532,1.0,0,0.22676618
29843,0.0,0,0.026187956
23484,0.0,0,0.158552
26932,0.0,0,0.12319443
3863,0.0,0,0.02880707
28591,1.0,0,0.38729477
10546,0.0,0,0.39057052
1078,0.0,0,0.023172857
6199,0.0,0,0.42892104
17621,0.0,0,0.13286239
28539,0.0,0,0.11564695
26455,1.0,1,0.7522238
28235,0.0,0,0.095187016
1236,1.0,0,0.16630822
23630,0.0,0,0.05967625
13498,1.0,0,0.32929388
18951,1.0,0,0.3984132
24091,0.0,0,0.14665689
250,0.0,0,0.14906912
18435,0.0,0,0.073561065
4831,0.0,0,0.10014686
1973,0.0,0,0.042937204
25864,0.0,0,0.052460082
12568,0.0,0,0.21216078
11754,0.0,0,0.046880685
27507,1.0,0,0.18877393
14402,0.0,0,0.43420663
26807,0.0,0,0.021422345
29030,0.0,0,0.05929928
20241,0.0,0,0.22302648
25182,0.0,0,0.12472152
14972,1.0,0,0.41369876
8355,0.0,0,0.17437443
6412,0.0,0,0.18117216
8119,1.0,0,0.22792351
26260,0.0,0,0.4741645
27823,0.0,0,0.0794876
16250,0.0,0,0.18904738
4814,0.0,0,0.052253604
14749,0.0,0,0.061400652
24390,0.0,0,0.12161667
17086,1.0,0,0.459817
28692,0.0,0,0.025380965
5328,0.0,0,0.034181736
2091,0.0,0,0.3086077
25508,0.0,0,0.0808191
15181,1.0,1,0.6639776
5415,0.0,0,0.12589416
23600,0.0,0,0.10261941
17775,1.0,1,0.7847246
2244,1.0,1,0.6965075
2458,0.0,1,0.5059271
28427,0.0,1,0.5166303
2396,0.0,0,0.062195253
3947,0.0,0,0.15137008
28314,0.0,0,0.20764473
9427,0.0,0,0.263191
17738,1.0,0,0.4593111
22635,0.0,0,0.14670807
5894,0.0,0,0.07730903
8983,0.0,0,0.040385075
25153,0.0,0,0.118866436
355,0.0,1,0.7364499
14885,1.0,0,0.2916533
6119,0.0,0,0.12688836
6426,0.0,0,0.08251646
25913,0.0,1,0.7284063
2445,0.0,0,0.27347404
2687,0.0,0,0.023122942
18320,0.0,0,0.12359532
13175,0.0,0,0.11543378
25451,0.0,0,0.21080187
24360,1.0,1,0.6426798
19815,1.0,1,0.65600014
29563,0.0,0,0.02513294
11853,0.0,0,0.2248616
10957,0.0,0,0.23558415
28238,0.0,0,0.027785378
8091,1.0,1,0.7510902
26866,1.0,1,0.53312093
3198,0.0,0,0.11244354
6244,0.0,0,0.3290664
15271,1.0,0,0.17454538
15085,1.0,0,0.17467251
17462,1.0,0,0.17425244
28711,0.0,0,0.14977327
14865,1.0,0,0.2808925
10433,1.0,0,0.28347978
13130,0.0,0,0.26472726
29652,1.0,1,0.6637602
254,0.0,0,0.03267666
6494,0.0,1,0.599992
15703,0.0,0,0.11368132
15898,0.0,0,0.2118543
27926,0.0,1,0.6782584
16910,0.0,0,0.13234137
24163,0.0,0,0.061329037
20386,0.0,0,0.4079409
29095,0.0,0,0.43752933
2908,1.0,0,0.0952339
20487,0.0,0,0.174595
16130,0.0,0,0.14302512
16196,1.0,0,0.034406863
26720,1.0,1,0.5064709
1676,1.0,0,0.23366547
21367,0.0,0,0.08331364
23825,0.0,0,0.16357896
27465,0.0,0,0.1625678
28797,1.0,0,0.3143083
7144,1.0,0,0.3506515
25599,0.0,0,0.124581255
8643,0.0,0,0.036554676
7543,1.0,0,0.18859266
15285,0.0,0,0.046702236
2619,0.0,0,0.049306937
18675,0.0,0,0.077143006
24722,0.0,0,0.17643341
18023,1.0,0,0.16118969
17932,1.0,1,0.6979721
7779,0.0,0,0.031584356
9642,0.0,0,0.044965293
25138,0.0,0,0.27765805
10238,0.0,0,0.3935525
4604,0.0,0,0.03475116
14585,0.0,0,0.16363683
20607,0.0,0,0.076555625
1438,0.0,0,0.118891664
15118,0.0,1,0.72288185
16251,0.0,0,0.3495734
8663,0.0,0,0.12961107
21388,0.0,0,0.33115685
6156,1.0,0,0.48574397
1933,0.0,0,0.10209845
9505,0.0,0,0.14524186
8045,0.0,0,0.122879066
21408,0.0,0,0.2081803
19278,0.0,0,0.097871974
13721,1.0,0,0.23984759
27624,1.0,1,0.74806637
193,0.0,0,0.13326664
18481,0.0,0,0.023641774
21246,0.0,0,0.11786544
26527,0.0,0,0.17900452
10440,1.0,0,0.34025067
14937,1.0,0,0.12384605
8566,0.0,0,0.04751917
28446,0.0,0,0.054711718
19120,0.0,0,0.065833226
4277,0.0,0,0.15220854
18446,0.0,0,0.044173554
19486,1.0,1,0.6488342
14126,0.0,0,0.027542941
28272,0.0,0,0.0493593
12786,0.0,0,0.094695665
12628,1.0,0,0.16160548
8311,0.0,0,0.023308482
18082,0.0,0,0.40306306
22242,0.0,0,0.18729216
19547,0.0,0,0.16122977
10659,0.0,0,0.3324274
24661,0.0,0,0.17674322
24653,0.0,0,0.07402362
14692,1.0,1,0.7104992
5723,0.0,0,0.14419626
19921,0.0,0,0.17777438
14221,1.0,1,0.7731222
19298,1.0,0,0.18911652
26448,0.0,0,0.119076125
19455,0.0,0,0.08195756
6739,1.0,0,0.36739552
3853,1.0,0,0.2808731
10517,0.0,0,0.028864222
5262,0.0,0,0.108611055
28642,1.0,0,0.43889275
22081,1.0,1,0.74644625
339,1.0,0,0.1817744
17120,0.0,0,0.023577921
4800,0.0,0,0.23499653
23184,0.0,0,0.10932745
10255,1.0,0,0.13953221
1493,0.0,1,0.636197
3488,0.0,0,0.25703984
4970,0.0,0,0.091023564
5053,0.0,0,0.042739127
7375,1.0,0,0.26760122
11972,1.0,0,0.4235731
20087,0.0,0,0.3403465
11500,0.0,0,0.16866018
16284,0.0,0,0.06785072
24224,0.0,0,0.10024699
4776,0.0,0,0.08441261
10161,0.0,0,0.056710124
11758,0.0,0,0.274265
24504,0.0,0,0.12391067
2238,0.0,0,0.047050435
20767,0.0,0,0.07734414
18291,0.0,0,0.2988892
1088,0.0,0,0.32333732
17296,0.0,0,0.030386271
12215,0.0,0,0.304361
5037,0.0,0,0.17429458
10095,0.0,0,0.14091177
249,0.0,0,0.055428196
9372,0.0,0,0.0847768
17928,0.0,0,0.38856915
16509,0.0,0,0.30986267
11026,0.0,0,0.040917464
21287,0.0,0,0.24062428
26894,0.0,0,0.28116086
6516,1.0,0,0.17290758
22262,0.0,0,0.34198248
7154,0.0,0,0.21029048
22758,0.0,0,0.054537084
2201,1.0,0,0.20382701
15368,0.0,0,0.4649416
7867,0.0,0,0.022969427
5957,0.0,0,0.029568356
12787,0.0,0,0.021493716
27786,0.0,0,0.020456893
29901,1.0,0,0.19626695
8296,1.0,1,0.7946341
27265,0.0,0,0.16839962
8537,0.0,0,0.022875767
15424,0.0,0,0.35853118
29317,0.0,0,0.25217396
2867,0.0,0,0.10445661
7320,1.0,0,0.41909838
4278,1.0,0,0.15220077
25482,0.0,0,0.033770923
9334,0.0,0,0.023836194
9722,1.0,0,0.1647033
27650,0.0,0,0.17197143
7421,0.0,0,0.1917697
27018,0.0,0,0.11848773
15017,0.0,0,0.48648632
11999,0.0,0,0.16825473
5787,1.0,1,0.6211262
17243,0.0,0,0.24526826
23940,1.0,0,0.404923
13133,0.0,0,0.18022616
6316,1.0,0,0.29635283
22876,0.0,0,0.12535217
12985,0.0,0,0.18917169
19523,1.0,1,0.6948378
1487,0.0,0,0.02209966
20751,0.0,0,0.15865886
2902,0.0,0,0.48605892
3758,1.0,0,0.26897463
692,0.0,0,0.44400737
1838,1.0,0,0.101255216
14891,0.0,0,0.15948848
13035,0.0,0,0.10671974
24976,0.0,0,0.11946499
25941,0.0,0,0.04201391
11403,0.0,0,0.16899319
7841,0.0,0,0.10631957
16345,0.0,0,0.2907015
6387,1.0,1,0.7427098
10508,1.0,0,0.35337827
25299,1.0,1,0.70644134
17636,0.0,0,0.031062542
21047,1.0,0,0.42128694
15642,0.0,0,0.18731348
23496,1.0,0,0.35607767
17305,1.0,1,0.64831674
13812,0.0,0,0.2340516
4205,0.0,0,0.22188252
29533,0.0,0,0.05177706
23564,0.0,0,0.18024924
28833,0.0,0,0.07782852
19580,0.0,0,0.20897299
28815,0.0,0,0.22089672
4822,0.0,0,0.13307892
4085,0.0,1,0.53486675
23160,0.0,0,0.089132115
21327,1.0,0,0.21988884
26396,0.0,0,0.06757736
22449,0.0,0,0.14970027
27954,0.0,0,0.17856145
11795,1.0,0,0.42026177
18060,0.0,0,0.08508592
2004,1.0,1,0.67898494
24547,0.0,0,0.08411104
25741,0.0,0,0.026819268
7285,0.0,0,0.3463142
25620,1.0,0,0.33095
26146,0.0,0,0.25324625
29994,0.0,0,0.05355305
15229,0.0,0,0.45187747
2315,0.0,0,0.0553008
21916,0.0,0,0.23174916
25794,0.0,0,0.106115565
24236,0.0,0,0.18682306
26626,0.0,0,0.07078483
7256,0.0,0,0.049973913
24438,0.0,0,0.08837713
19351,1.0,1,0.6144169
7590,0.0,1,0.664336
27450,0.0,0,0.08233372
22312,0.0,0,0.1257869
21989,0.0,0,0.20270054
16461,0.0,0,0.09975532
8215,0.0,0,0.18856226
26409,1.0,0,0.198323
3664,1.0,1,0.7602481
12195,1.0,0,0.04784999
7419,0.0,0,0.2106662
13415,0.0,0,0.16687608
14708,1.0,0,0.49291378
25674,0.0,0,0.18522067
14138,0.0,0,0.15749684
17111,0.0,0,0.16377036
22821,0.0,0,0.04392111
25261,0.0,0,0.43944818
502,0.0,0,0.46365857
15167,0.0,0,0.1122055
12742,0.0,0,0.10536189
23608,1.0,1,0.7233959
28370,0.0,0,0.11350006
21200,0.0,0,0.11901019
25152,0.0,0,0.042780656
12493,0.0,0,0.25584674
1615,0.0,0,0.102071196
4892,0.0,0,0.18487842
22901,1.0,1,0.740745
26736,0.0,0,0.11396022
18198,0.0,0,0.09380208
1528,0.0,0,0.045604076
2419,0.0,0,0.36035505
14050,1.0,0,0.21656673
29546,1.0,0,0.18377839
25345,0.0,0,0.1326724
13957,1.0,0,0.43758923
3118,0.0,0,0.10310227
15394,0.0,0,0.05054423
14347,0.0,0,0.029700788
15086,0.0,0,0.035110354
27765,0.0,0,0.14672315
8617,1.0,0,0.22272784
15349,0.0,0,0.1702854
14691,1.0,0,0.18096098
21905,0.0,0,0.18674687
25833,0.0,0,0.08981639
19574,0.0,0,0.23380351
27676,0.0,1,0.6583343
7518,0.0,0,0.17430405
251,0.0,0,0.4644471
933,1.0,1,0.5533598
7593,0.0,0,0.17759155
24826,0.0,0,0.113707945
20612,1.0,0,0.09055751
19019,0.0,0,0.21528079
23287,0.0,0,0.39141378
15765,0.0,0,0.17009105
2504,1.0,0,0.19254492
4209,0.0,1,0.7289692
28562,0.0,0,0.023550043
8639,0.0,0,0.11156787
8302,0.0,0,0.13842958
8221,0.0,0,0.049195163
29073,0.0,0,0.18256924
25414,1.0,0,0.22346833
12529,0.0,0,0.065691166
21504,0.0,0,0.081522
179,0.0,0,0.17202152
17411,0.0,0,0.15809382
28909,1.0,0,0.11273608
28771,1.0,0,0.2641364
2255,0.0,0,0.1385688
7413,0.0,0,0.47784266
4360,0.0,0,0.28426152
7929,1.0,0,0.19287309
11938,1.0,0,0.19228303
11179,0.0,0,0.08385048
24011,0.0,0,0.16580895
707,0.0,0,0.3961491
23006,1.0,1,0.6980733
13267,1.0,0,0.16814181
17808,0.0,0,0.2894333
6583,1.0,1,0.76803946
16394,0.0,0,0.15903375
1218,0.0,0,0.030984377
15619,1.0,0,0.15596402
21024,1.0,0,0.1627263
20834,1.0,0,0.4593495
20798,1.0,1,0.6381745
21888,0.0,0,0.022453452
29945,1.0,1,0.6783694
5063,0.0,0,0.18141916
13261,0.0,0,0.22488186
28887,0.0,0,0.20537919
17455,0.0,0,0.13375533
23025,0.0,0,0.09023363
3838,0.0,0,0.13233215
4746,0.0,1,0.55653006
18137,0.0,0,0.13688536
2466,1.0,1,0.640263
9211,1.0,0,0.4356759
27043,0.0,0,0.13432841
9635,0.0,0,0.18373765
22980,0.0,0,0.14989308
28609,0.0,0,0.17153978
6216,0.0,0,0.44931343
3254,1.0,0,0.4672127
27517,0.0,0,0.17644612
26029,0.0,0,0.028422227
630,0.0,0,0.04825914
14162,1.0,0,0.46980453
14370,0.0,0,0.092442766
19795,0.0,0,0.06162613
23462,0.0,0,0.067399465
15587,0.0,0,0.06558002
4793,0.0,0,0.08210788
13504,1.0,0,0.19080253
23170,0.0,0,0.49266362
24170,0.0,0,0.12881811
18814,0.0,0,0.18781103
11050,0.0,1,0.75300217
22548,1.0,0,0.16525857
12956,1.0,1,0.7388298
16430,0.0,0,0.16767922
24392,0.0,0,0.08628159
4058,0.0,0,0.20892301
29191,0.0,0,0.13927594
1126,0.0,0,0.18418756
11150,0.0,0,0.48622096
6277,0.0,0,0.18557888
11729,0.0,0,0.060495038
25989,0.0,0,0.06692468
4636,0.0,0,0.20006365
8501,0.0,0,0.11042827
20307,1.0,0,0.36842892
20326,0.0,0,0.13555571
20178,0.0,0,0.17295355
6228,0.0,0,0.17326276
5141,0.0,0,0.19112714
14962,0.0,0,0.33158195
7796,0.0,0,0.023127325
10908,1.0,1,0.80589145
19962,0.0,0,0.32826784
13131,0.0,0,0.11027593
22008,0.0,0,0.09894546
27324,0.0,0,0.2765618
13842,0.0,0,0.12836185
1443,1.0,0,0.24014542
18164,0.0,0,0.04563849
1889,0.0,0,0.4868328
18615,1.0,1,0.6853037
15524,0.0,0,0.027686438
10104,0.0,0,0.21569686
28726,0.0,0,0.044972584
27174,0.0,0,0.23261382
6103,0.0,0,0.10238373
22421,0.0,0,0.34729856
15618,0.0,0,0.17910527
16705,0.0,1,0.7531072
27114,0.0,0,0.15524063
26355,0.0,0,0.2461588
12049,0.0,0,0.40320122
18106,0.0,0,0.19586882
23469,1.0,1,0.5162179
9241,0.0,0,0.13092162
9570,0.0,0,0.38285846
29130,0.0,0,0.21373805
712,0.0,0,0.1899933
13081,0.0,0,0.051078424
26893,0.0,0,0.47819403
18922,0.0,0,0.04514888
14169,0.0,0,0.1646092
14823,1.0,0,0.18684852
19059,0.0,0,0.26675126
3242,1.0,1,0.72355413
17475,0.0,0,0.038172442
4061,0.0,0,0.026214685
25026,0.0,0,0.027089426
18157,0.0,0,0.10380308
28740,0.0,0,0.1612045
23422,0.0,0,0.022863917
3384,1.0,0,0.43623912
4270,1.0,0,0.19417243
11786,0.0,0,0.17051236
13639,0.0,0,0.060332816
1836,1.0,1,0.51658744
17302,0.0,0,0.18078414
25918,0.0,0,0.10569708
24267,0.0,0,0.077145204
14724,0.0,0,0.06271954
17511,1.0,0,0.2310772
13391,1.0,1,0.6680293
15791,0.0,0,0.1111891
15313,0.0,0,0.09638186
22106,0.0,0,0.14411128
20838,0.0,0,0.031840295
16517,0.0,0,0.09151303
8495,0.0,1,0.68838495
24385,0.0,0,0.021561895
15461,0.0,0,0.15962875
4678,0.0,0,0.17142078
386,0.0,0,0.12973513
10090,0.0,0,0.058505483
13798,0.0,0,0.47409305
22790,1.0,0,0.1222267
28851,0.0,0,0.056636855
21417,0.0,0,0.28253704
28082,1.0,1,0.72723716
29243,1.0,0,0.2509932
15465,0.0,0,0.055709973
3962,0.0,0,0.11598707
10219,0.0,0,0.11183762
2195,0.0,0,0.13584404
874,0.0,0,0.07247697
26201,0.0,0,0.18106137
24066,0.0,0,0.052951798
23233,1.0,0,0.18135002
21264,0.0,0,0.1352394
12644,0.0,0,0.20838422
26656,0.0,0,0.406596
6733,0.0,0,0.022224734
29256,1.0,0,0.16279216
8081,0.0,0,0.037929494
29696,0.0,0,0.19716969
1738,0.0,0,0.13921231
27837,0.0,0,0.14955261
13965,0.0,0,0.23427175
19651,0.0,0,0.032838758
20552,0.0,0,0.18948062
9044,1.0,0,0.20236018
26384,0.0,0,0.06634325
14812,0.0,0,0.109698355
16572,0.0,1,0.63736457
10301,0.0,0,0.048259486
24197,0.0,0,0.09352811
7270,0.0,0,0.06382893
29940,0.0,0,0.12484833
2490,0.0,0,0.4062265
1814,0.0,1,0.65538335
20187,0.0,0,0.17113799
1952,0.0,0,0.04348501
5284,0.0,0,0.279674
11932,0.0,0,0.037128754
921,0.0,0,0.21398863
3432,0.0,0,0.18462822
4244,0.0,0,0.1413265
13337,0.0,0,0.19636674
15361,0.0,0,0.20713611
12600,0.0,0,0.051798046
2545,1.0,0,0.17065974
19668,0.0,1,0.5765173
23783,0.0,0,0.36570713
16992,1.0,1,0.74881446
703,1.0,0,0.2478787
29442,0.0,0,0.11807139
10368,1.0,0,0.10226565
25623,0.0,0,0.3478028
12720,0.0,0,0.03373354
23334,0.0,0,0.03688126
16656,0.0,0,0.060879
27143,0.0,0,0.1628138
26945,0.0,0,0.123670824
26766,1.0,0,0.20457561
16789,1.0,1,0.74026066
16101,1.0,0,0.19186135
3791,1.0,0,0.13998045
14424,0.0,0,0.22985864
3237,0.0,0,0.084194824
10522,1.0,1,0.7697631
19689,0.0,0,0.15784541
26682,0.0,0,0.07429637
25738,0.0,0,0.21281795
1735,0.0,0,0.13581704
15031,1.0,1,0.7646647
29816,0.0,0,0.22550228
22514,0.0,0,0.071252234
368,0.0,0,0.47465447
2480,0.0,0,0.10364005
15600,1.0,1,0.69636154
4043,0.0,0,0.08768125
20415,0.0,0,0.15366472
28233,0.0,0,0.17355946
2134,0.0,0,0.07589972
21867,0.0,0,0.14084905
3434,0.0,0,0.05976383
19151,0.0,0,0.121425815
14059,0.0,0,0.17627504
28667,1.0,0,0.16494684
13648,1.0,0,0.29165837
19939,0.0,0,0.024655912
21664,0.0,0,0.12050026
13193,0.0,0,0.05639626
29481,0.0,0,0.34464568
9394,0.0,0,0.1201288
22365,0.0,0,0.0852082
19621,0.0,0,0.16434316
13703,0.0,0,0.21471211
3539,1.0,0,0.08515192
17924,1.0,1,0.6630178
3061,1.0,0,0.10712643
18207,0.0,0,0.14090861
28760,0.0,0,0.053017538
10240,0.0,0,0.27973396
13305,0.0,0,0.020867223
23173,0.0,0,0.33195972
27669,1.0,0,0.31205058
29771,1.0,1,0.79349726
19469,0.0,0,0.020832717
210,0.0,0,0.14838901
17339,0.0,0,0.41392437
2371,0.0,0,0.12911959
25712,0.0,0,0.32079306
9496,0.0,0,0.22217914
6152,0.0,0,0.2517627
20220,0.0,0,0.041626412
19775,0.0,0,0.028128678
14009,0.0,0,0.087981835
23659,0.0,0,0.29776093
24632,0.0,0,0.20592031
1417,0.0,0,0.13167769
5553,0.0,0,0.22897042
16368,1.0,0,0.15350601
6168,0.0,0,0.09191878
14923,0.0,1,0.6409475
6751,1.0,1,0.73723614
21850,0.0,0,0.035797525
369,0.0,0,0.3540247
15025,0.0,0,0.42131922
11175,0.0,0,0.11752942
20302,0.0,0,0.04207848
18977,0.0,0,0.025330894
2552,0.0,0,0.17446786
27586,1.0,0,0.46300343
7581,0.0,0,0.046558462
8274,0.0,0,0.14775299
28755,0.0,0,0.1350648
16013,0.0,0,0.1928365
20770,0.0,0,0.023443632
763,0.0,0,0.02736392
12764,0.0,0,0.092416875
10078,0.0,0,0.061409056
21732,0.0,0,0.06502115
18483,0.0,0,0.04896625
25866,0.0,0,0.04710332
18298,0.0,0,0.1892944
588,1.0,0,0.13452366
14806,0.0,1,0.71896285
5565,1.0,0,0.15567327
25652,0.0,0,0.053966157
19924,0.0,0,0.13186546
12170,1.0,0,0.3407015
2886,0.0,0,0.11022209
2172,0.0,0,0.03191314
22567,0.0,1,0.79163176
27239,0.0,0,0.26475435
26354,0.0,0,0.34851906
12882,0.0,0,0.31786752
22915,0.0,0,0.17234169
26442,1.0,0,0.42906946
16396,0.0,0,0.035914145
27562,0.0,0,0.037470497
3161,0.0,0,0.15233263
13234,0.0,0,0.17983736
14543,1.0,1,0.74373263
27182,0.0,0,0.029502362
6986,0.0,0,0.091217175
12330,1.0,0,0.38004038
22379,0.0,0,0.08250839
1247,1.0,1,0.81580216
29681,0.0,0,0.47191793
18132,0.0,0,0.031937674
24962,0.0,0,0.1643185
7795,0.0,0,0.11149146
8498,0.0,0,0.1711886
21677,0.0,0,0.27329713
14981,1.0,1,0.7442068
27816,0.0,0,0.026718438
24329,0.0,0,0.04901429
15616,1.0,1,0.65505815
15762,0.0,0,0.112412125
12774,1.0,0,0.18275361
23352,0.0,0,0.15751547
14422,0.0,0,0.1683877
14674,0.0,0,0.22133479
28430,0.0,0,0.13280869
4210,0.0,0,0.048741143
3929,0.0,0,0.033171877
7777,1.0,0,0.36112466
11736,0.0,0,0.13324404
14423,0.0,0,0.051057775
23986,1.0,0,0.172643
9510,0.0,0,0.16218631
16122,1.0,0,0.4778617
11625,0.0,0,0.04253297
932,1.0,0,0.04124509
26879,0.0,0,0.037224524
1447,1.0,0,0.23432769
1402,0.0,1,0.63531953
9390,0.0,1,0.50443697
10635,0.0,0,0.069717385
10371,0.0,0,0.15382162
4496,0.0,0,0.1977884
7852,0.0,0,0.21853901
13097,0.0,0,0.37062377
21191,0.0,0,0.03008584
12,0.0,0,0.13243319
182,0.0,0,0.052363273
1271,0.0,0,0.12122462
24149,0.0,0,0.16957109
28814,0.0,0,0.13475068
5325,0.0,0,0.18756516
26457,1.0,0,0.24837737
28243,1.0,1,0.66308314
4923,0.0,0,0.2059292
15075,0.0,0,0.16850266
17948,0.0,0,0.2343133
8726,1.0,0,0.11255501
1138,0.0,0,0.14879732
17238,0.0,0,0.041408256
23366,0.0,0,0.057292122
29145,0.0,0,0.18357898
5941,0.0,0,0.16519919
5128,0.0,0,0.15213807
3176,0.0,0,0.100251324
18135,0.0,0,0.18678017
19765,0.0,0,0.17406072
10740,1.0,1,0.7203242
19009,0.0,0,0.021886727
14874,1.0,0,0.44219044
12762,1.0,0,0.17157623
11533,0.0,0,0.105460696
3405,0.0,0,0.20024285
17692,0.0,0,0.18085474
2640,0.0,0,0.0429154
10389,1.0,0,0.25508308
22506,1.0,0,0.18575914
29971,0.0,0,0.021401305
27515,0.0,0,0.08900714
21970,0.0,0,0.022565046
12485,0.0,0,0.15171319
15721,0.0,0,0.18781646
3476,0.0,0,0.1909917
15526,0.0,0,0.1937513
17468,0.0,0,0.09043549
2229,0.0,0,0.16704792
14481,1.0,0,0.1689722
12528,0.0,0,0.15496124
15386,1.0,0,0.36737052
22130,0.0,0,0.04538773
5249,1.0,0,0.32370153
23079,0.0,0,0.051115867
20986,0.0,0,0.02265124
6355,0.0,0,0.30846715
2402,0.0,0,0.18295377
8739,0.0,0,0.104056396
4216,0.0,0,0.13593662
1841,0.0,0,0.15100667
26034,0.0,0,0.04873989
9589,0.0,0,0.05580512
6566,0.0,0,0.06447906
25604,0.0,0,0.17253356
11195,0.0,0,0.1825392
16657,0.0,0,0.21689324
6186,0.0,0,0.072904065
28130,0.0,0,0.17973831
5104,0.0,0,0.061007243
23495,0.0,0,0.07053258
21681,0.0,0,0.11119998
18385,0.0,0,0.27092838
6367,1.0,0,0.22367698
1638,0.0,1,0.66945815
7464,0.0,0,0.1472009
3173,0.0,0,0.17917837
24309,0.0,0,0.055476397
159,1.0,1,0.61759156
24449,1.0,1,0.66298234
29384,0.0,0,0.03645683
21897,0.0,0,0.23544514
7956,0.0,1,0.6114024
15417,0.0,0,0.037331786
2443,0.0,0,0.03721786
18754,0.0,0,0.03989852
12874,1.0,0,0.17398453
23330,0.0,0,0.06138188
8866,1.0,0,0.40981284
14532,0.0,0,0.13907282
18411,0.0,0,0.18783376
14787,1.0,0,0.07271386
9898,1.0,0,0.17390525
1243,0.0,0,0.17751093
2560,0.0,0,0.30015954
21596,0.0,0,0.16347362
3777,1.0,0,0.4158116
28927,1.0,0,0.19508252
19680,0.0,0,0.1989892
17392,0.0,0,0.029127002
25672,0.0,0,0.0306452
21329,0.0,0,0.16453475
3058,0.0,0,0.20520265
13083,1.0,0,0.18319789
16707,0.0,0,0.13589667
29147,0.0,0,0.11931807
18959,0.0,0,0.02757027
16527,0.0,1,0.72373015
83,1.0,0,0.13468575
6820,0.0,0,0.07129663
11240,0.0,1,0.7858341
23533,1.0,0,0.46354055
29906,1.0,0,0.46236455
16834,0.0,0,0.47814247
26401,0.0,0,0.024479778
28690,0.0,0,0.31478915
14685,0.0,0,0.21997607
19658,0.0,0,0.39739335
28957,0.0,0,0.029912114
26023,0.0,1,0.6618718
13196,1.0,0,0.27595118
24078,0.0,0,0.08922114
28619,0.0,0,0.085328385
444,0.0,0,0.052030176
14235,0.0,0,0.03294757
9189,0.0,0,0.41147086
7139,0.0,0,0.16479537
7605,0.0,0,0.062008146
13226,0.0,0,0.1129654
25046,0.0,0,0.17236383
1442,0.0,0,0.05854084
7915,0.0,0,0.038587786
23955,0.0,0,0.18858653
22941,0.0,0,0.059656143
16057,0.0,0,0.37320858
12795,1.0,0,0.16905005
16749,0.0,1,0.7898494
12040,1.0,1,0.60058814
26533,0.0,0,0.11523069
1568,0.0,0,0.10930429
447,0.0,0,0.07927173
25751,1.0,0,0.39511177
13486,0.0,0,0.09339346
9836,0.0,0,0.281839
15019,0.0,0,0.2881646
23968,0.0,0,0.025896175
15640,0.0,1,0.5635882
13480,1.0,1,0.7778031
21375,0.0,0,0.4659937
24220,0.0,0,0.15202859
7403,1.0,0,0.21300976
28636,1.0,1,0.7429405
3320,0.0,0,0.26252136
1660,0.0,0,0.21592455
27867,0.0,0,0.17915016
23912,0.0,0,0.043819465
1210,1.0,0,0.17722936
18487,0.0,0,0.06359652
1995,0.0,0,0.33121604
5025,0.0,0,0.19112642
12272,0.0,0,0.041134406
9094,1.0,1,0.60945696
3085,0.0,0,0.19439669
20725,1.0,1,0.7106819
19553,1.0,0,0.18965527
14331,1.0,1,0.70507157
29758,0.0,0,0.1809045
9147,1.0,1,0.72927386
2226,1.0,0,0.046715908
1023,0.0,0,0.37181062
3694,0.0,0,0.31981838
17572,0.0,0,0.026393501
23777,0.0,0,0.096614525
13806,0.0,0,0.026426187
12683,0.0,0,0.06349044
24612,0.0,0,0.08405056
18422,1.0,0,0.2401791
25364,0.0,1,0.67169046
4752,0.0,0,0.07523256
20674,1.0,0,0.49286658
12569,1.0,0,0.2850571
24797,0.0,0,0.30157816
14081,0.0,0,0.39825797
1367,0.0,0,0.2038015
21803,0.0,0,0.29189175
9918,0.0,0,0.37955466
1703,1.0,0,0.1293947
10674,0.0,0,0.21178275
17006,0.0,0,0.26563704
17868,0.0,0,0.03812842
9051,0.0,0,0.27325803
7612,0.0,0,0.11848766
10871,1.0,1,0.7661035
6431,0.0,0,0.1684744
29970,0.0,0,0.067673914
4661,0.0,0,0.13966309
26968,0.0,0,0.02202059
9961,0.0,0,0.11004917
22502,0.0,0,0.029222261
12797,1.0,0,0.41587228
24890,0.0,0,0.35054168
1845,0.0,0,0.18775906
26424,0.0,0,0.024516119
105,0.0,1,0.69711393
1610,0.0,0,0.12112846
24679,0.0,0,0.042234268
29087,0.0,0,0.079229906
3874,1.0,0,0.4130332
11433,1.0,0,0.10875151
29851,0.0,0,0.19687043
26975,1.0,0,0.19258787
5178,1.0,1,0.80427134
24937,0.0,0,0.12984116
14523,0.0,0,0.29236338
2728,0.0,0,0.23475772
23736,0.0,0,0.05616067
17807,1.0,1,0.7118512
1977,0.0,0,0.17764144
7289,0.0,0,0.13173616
8184,0.0,0,0.19371916
17329,0.0,0,0.091070555
2706,0.0,0,0.08061675
3969,0.0,0,0.06954804
25561,0.0,0,0.08987965
18477,0.0,0,0.057882685
24304,1.0,0,0.23707905
316,1.0,0,0.15078583
19517,0.0,0,0.023468437
27680,0.0,0,0.14843327
23910,0.0,1,0.50588
13877,0.0,0,0.4792524
15636,0.0,0,0.0791344
13345,1.0,0,0.25573453
22554,0.0,0,0.2805655
23123,0.0,0,0.021531751
5678,0.0,0,0.19287156
7537,1.0,0,0.18641903
10330,0.0,1,0.60426235
28204,0.0,0,0.092473336
26407,0.0,0,0.07015049
15604,0.0,0,0.1280791
10862,1.0,1,0.740189
3759,1.0,0,0.069527395
18358,0.0,0,0.47499132
13596,0.0,0,0.1779257
12223,1.0,1,0.60926455
29755,0.0,0,0.37024152
28748,0.0,1,0.7703978
17090,0.0,0,0.36820504
10215,0.0,0,0.13976611
19383,0.0,0,0.25228077
11208,0.0,0,0.07999564
16717,0.0,0,0.14288336
14262,1.0,0,0.24256298
2301,0.0,1,0.6324854
2461,0.0,0,0.05054455
22525,0.0,0,0.063143276
3119,0.0,0,0.17144449
24275,0.0,0,0.02177795
6398,0.0,0,0.107297786
28232,1.0,0,0.4779283
8915,0.0,0,0.021393392
2837,0.0,0,0.06998453
13064,1.0,0,0.088687435
6090,0.0,0,0.4738372
20581,0.0,0,0.043786034
20610,0.0,1,0.7116809
17267,0.0,0,0.15397464
17491,0.0,0,0.14921764
9582,0.0,0,0.12725045
18,0.0,0,0.034529652
5985,0.0,0,0.080177024
28542,0.0,0,0.16853265
10120,0.0,0,0.2880644
1010,0.0,0,0.08717966
2215,0.0,0,0.34026596
1967,0.0,0,0.37938297
6555,0.0,0,0.0699983
28551,0.0,0,0.1557277
21104,0.0,0,0.14269353
11142,0.0,0,0.06279625
3720,0.0,0,0.45831734
4735,0.0,0,0.021787258
4841,1.0,1,0.67872566
16914,0.0,0,0.18414669
9185,1.0,0,0.1528873
23780,0.0,0,0.07385479
28488,0.0,0,0.19931032
18134,1.0,0,0.1965819
16576,0.0,0,0.1659568
25131,0.0,0,0.028861651
9014,0.0,0,0.17136028
16639,0.0,0,0.18150763
26939,1.0,0,0.17708208
24437,0.0,0,0.17749824
8925,0.0,0,0.03482122
23328,0.0,0,0.0397612
23529,0.0,0,0.12419081
4253,0.0,0,0.21047421
8469,1.0,1,0.66111106
29082,1.0,0,0.4226044
21239,0.0,0,0.14627665
25820,0.0,0,0.1388968
1167,0.0,0,0.07407891
14662,0.0,0,0.15670288
21619,0.0,0,0.27723405
22189,0.0,0,0.084128484
28110,1.0,0,0.18825246
6962,0.0,1,0.50477964
27894,0.0,0,0.08253275
28227,0.0,0,0.030008158
8188,1.0,0,0.14844842
11879,0.0,0,0.05036162
9555,0.0,0,0.18826306
27690,0.0,0,0.19267903
7394,0.0,0,0.082470156
14673,0.0,0,0.13184658
23400,1.0,0,0.18207367
13158,0.0,0,0.060848482
5089,0.0,0,0.09128676
10421,0.0,0,0.19434735
26783,0.0,0,0.03137425
26433,0.0,0,0.14630683
11493,0.0,0,0.06983193
15038,0.0,0,0.1507269
74,0.0,0,0.20142283
19818,1.0,1,0.6655656
11043,0.0,0,0.066844545
18235,0.0,1,0.61334693
16631,0.0,0,0.3332145
15192,0.0,0,0.15680921
6753,1.0,1,0.73627305
8699,0.0,0,0.09596453
23823,1.0,0,0.42645693
17576,1.0,0,0.46732426
28069,0.0,0,0.084619716
8321,1.0,0,0.35713792
25743,1.0,0,0.09962819
24667,0.0,1,0.6829253
19916,0.0,0,0.022943173
22452,0.0,0,0.068361916
2216,0.0,0,0.16905776
11968,0.0,0,0.14383888
9889,0.0,0,0.31673935
6285,0.0,0,0.036939163
6305,1.0,0,0.23573597
20932,0.0,0,0.05010999
27903,0.0,0,0.16398968
17301,0.0,0,0.08392447
22938,0.0,0,0.1309762
17075,0.0,0,0.16191751
27865,0.0,0,0.14688319
19308,0.0,0,0.075226575
6474,0.0,0,0.09870339
6237,0.0,0,0.14464422
27116,0.0,0,0.23810369
4964,0.0,0,0.046956223
19671,0.0,0,0.40533918
13780,0.0,0,0.1457366
16089,1.0,0,0.12922917
15196,0.0,0,0.1574625
28935,0.0,0,0.108698234
17536,0.0,0,0.037727624
26044,1.0,1,0.67154545
22716,0.0,0,0.2985395
2220,1.0,0,0.23458512
10556,0.0,0,0.035788573
21429,0.0,0,0.19312452
1650,0.0,0,0.057746615
6947,1.0,0,0.47897077
14819,0.0,0,0.038687732
10134,0.0,0,0.40945646
76,0.0,0,0.37368694
12771,0.0,0,0.1631801
29960,0.0,0,0.038140383
20657,1.0,0,0.21405187
19662,0.0,0,0.29887655
4339,0.0,1,0.62761277
24656,1.0,0,0.048135992
2827,0.0,0,0.028254803
4398,0.0,0,0.06444681
20978,1.0,1,0.6033087
20236,0.0,0,0.2764477
23080,0.0,0,0.039886188
29599,1.0,0,0.15892172
19567,0.0,0,0.046716973
23570,0.0,0,0.1944608
10466,0.0,0,0.027010355
22265,0.0,0,0.027088296
24363,0.0,0,0.32824513
25790,0.0,0,0.103191905
13967,1.0,1,0.78087
13718,1.0,1,0.77380985
14042,0.0,0,0.15042308
23751,0.0,0,0.07980227
15890,0.0,0,0.2514366
25372,0.0,0,0.028058296
6903,0.0,0,0.06898144
17736,1.0,0,0.08190783
5909,0.0,0,0.04298887
22267,1.0,0,0.045219935
5692,0.0,0,0.07474619
10111,0.0,0,0.29678607
3646,0.0,0,0.11515013
1400,0.0,0,0.24997145
14920,0.0,0,0.04219795
14225,0.0,0,0.087798946
20255,1.0,1,0.7073102
909,0.0,0,0.06704248
27297,0.0,0,0.19630662
15837,0.0,0,0.18343727
3284,0.0,0,0.03194868
21133,0.0,0,0.025446855
10394,0.0,0,0.08413444
16932,0.0,0,0.29630154
19157,0.0,0,0.08653654
16970,1.0,0,0.07884125
23573,0.0,0,0.06327878
5764,0.0,0,0.2118271
26597,0.0,0,0.151717
24857,1.0,0,0.07861129
23245,0.0,0,0.11759444
19546,0.0,1,0.6807058
27420,1.0,0,0.27355453
14186,0.0,0,0.06384104
24914,1.0,0,0.46853188
9743,0.0,0,0.07650903
19963,0.0,0,0.065524146
7541,0.0,0,0.046268042
2156,1.0,1,0.75264347
24419,0.0,0,0.19696198
15770,0.0,0,0.21829723
24321,0.0,0,0.033798598
7653,0.0,0,0.2033094
17686,1.0,1,0.6622763
16008,0.0,1,0.6986704
1451,0.0,0,0.18011607
25336,0.0,0,0.1512836
23010,0.0,0,0.1640476
199,0.0,0,0.11651321
14447,1.0,1,0.7373538
16686,0.0,0,0.3888533
20902,0.0,0,0.14674352
24018,0.0,0,0.10694257
7092,1.0,0,0.34490544
18699,0.0,0,0.2637684
2370,0.0,0,0.16577101
19391,0.0,0,0.07755803
28141,0.0,0,0.13980943
8660,0.0,0,0.32122797
20191,0.0,0,0.020885777
23828,1.0,1,0.73180753
1072,1.0,0,0.06007101
15951,1.0,0,0.46993414
20918,1.0,0,0.4355532
24188,0.0,0,0.08495044
13239,1.0,0,0.48293555
12256,1.0,0,0.26080602
13939,0.0,0,0.11609607
21262,0.0,0,0.2583856
216,0.0,0,0.29261377
17355,0.0,0,0.31686273
7122,0.0,0,0.045049306
11080,0.0,0,0.11578185
22769,1.0,0,0.107228324
6437,0.0,0,0.07950158
626,0.0,0,0.3293421
22706,0.0,0,0.23826155
18240,0.0,0,0.09335204
14465,0.0,0,0.022099655
16309,0.0,0,0.071980126
15243,0.0,0,0.14260198
11227,0.0,0,0.047407757
18072,1.0,1,0.73987645
4029,0.0,0,0.12678339
5668,0.0,0,0.020525564
28662,0.0,0,0.47569397
4537,0.0,0,0.06930225
25052,0.0,0,0.020979974
12087,0.0,0,0.093325734
24333,1.0,1,0.6547091
9166,0.0,0,0.12281619
6570,1.0,1,0.6318726
9760,1.0,0,0.19925094
1822,0.0,0,0.051407326
7115,0.0,0,0.027168034
10613,0.0,0,0.12357012
23785,0.0,0,0.06586913
16082,0.0,0,0.08596491
16683,0.0,0,0.11219418
28231,0.0,0,0.17660177
10204,0.0,0,0.09749425
13019,0.0,0,0.035503168
20231,0.0,0,0.43366516
12681,0.0,0,0.20965716
14399,0.0,0,0.023568192
14769,0.0,0,0.40197384
14968,0.0,0,0.1853191
13868,0.0,0,0.103366785
14215,1.0,0,0.36438528
29896,0.0,0,0.13596684
27533,0.0,0,0.19035065
13867,0.0,0,0.3208907
13587,0.0,0,0.07020304
25209,0.0,0,0.091416374
20665,1.0,0,0.18404247
3333,1.0,0,0.16927513
14433,0.0,0,0.08768003
18854,0.0,0,0.22897802
9100,0.0,0,0.15710428
21716,1.0,1,0.5169662
27606,0.0,0,0.22376768
21772,0.0,1,0.6694414
3207,0.0,0,0.13197273
1632,0.0,0,0.043912012
5840,0.0,0,0.14701498
4434,0.0,0,0.07137323
1903,0.0,0,0.034262218
3375,0.0,0,0.11407821
17980,0.0,0,0.13552113
29598,0.0,0,0.1545202
25594,0.0,0,0.08472952
28059,0.0,0,0.19771667
21177,0.0,0,0.1329869
7089,0.0,0,0.037554376
23068,0.0,0,0.041727558
8685,0.0,0,0.14688751
27936,0.0,0,0.3072072
14319,0.0,0,0.04856739
8758,0.0,0,0.22765572
22431,0.0,0,0.32624173
3981,1.0,0,0.03804046
26206,0.0,0,0.2807919
22417,0.0,1,0.71407795
17324,1.0,1,0.66824126
4351,1.0,0,0.22917636
6107,0.0,0,0.26540518
15145,0.0,0,0.022140682
22169,1.0,1,0.6885937
24683,0.0,0,0.020469865
24211,0.0,0,0.12919255
17396,0.0,1,0.7613231
5876,1.0,0,0.16769277
9426,0.0,0,0.25433308
21311,1.0,0,0.46303374
16892,0.0,0,0.3286937
6993,0.0,0,0.04741999
396,0.0,0,0.055323854
17731,0.0,0,0.20606212
9762,0.0,0,0.49513647
22405,0.0,0,0.091683544
12972,1.0,0,0.20662288
27434,0.0,0,0.11299576
25621,0.0,0,0.14020719
16916,0.0,0,0.02198137
28764,1.0,0,0.069135174
7959,0.0,0,0.086628124
13437,0.0,0,0.22126368
13652,0.0,0,0.22463332
9032,1.0,1,0.53003603
20285,0.0,1,0.5983585
5312,0.0,0,0.22882213
10045,0.0,0,0.2902169
19704,0.0,0,0.09643886
19119,0.0,0,0.12101611
642,0.0,0,0.089630954
3676,0.0,0,0.31375602
17377,0.0,0,0.109505735
7370,0.0,0,0.19464259
17178,0.0,0,0.1831733
26850,1.0,1,0.72236526
6352,1.0,1,0.6615534
18962,0.0,0,0.4746133
3954,0.0,0,0.056289196
11231,1.0,0,0.29117358
477,0.0,0,0.11101481
26358,0.0,0,0.099137075
5356,0.0,0,0.16860572
1982,1.0,1,0.78094995
27733,0.0,0,0.24763893
15492,0.0,0,0.085221484
18455,1.0,1,0.6952162
15483,0.0,0,0.11424524
16997,0.0,0,0.20206206
24606,0.0,0,0.04511579
8199,0.0,0,0.11116327
5021,0.0,0,0.036004763
1384,0.0,0,0.03174
8530,0.0,0,0.03715703
7778,1.0,0,0.057647508
7750,1.0,0,0.074850686
26500,0.0,0,0.34474605
262,0.0,0,0.18060549
295,0.0,0,0.432393
6655,1.0,1,0.60098726
10875,1.0,0,0.19081287
14031,1.0,0,0.27731514
18611,1.0,0,0.23159724
12301,0.0,0,0.14810893
12278,0.0,0,0.096264146
15178,0.0,0,0.30641055
18548,0.0,0,0.14764199
10288,1.0,0,0.12564851
13933,0.0,1,0.5109153
18782,0.0,0,0.11428121
3498,0.0,0,0.059263874
10784,0.0,0,0.0880147
19331,0.0,0,0.021320399
18089,0.0,0,0.2897438
17540,0.0,0,0.46036607
15965,1.0,1,0.66814774
24964,0.0,0,0.047109205
12560,0.0,0,0.1320779
17999,0.0,0,0.35238504
12990,0.0,0,0.17195491
19772,0.0,0,0.16791388
20855,1.0,1,0.6807333
19927,1.0,0,0.18510433
11263,0.0,0,0.33639663
25055,1.0,0,0.21439488
24803,0.0,0,0.08014461
8144,0.0,0,0.28609273
29028,1.0,0,0.12110472
9670,0.0,0,0.104786076
5910,0.0,0,0.048482057
14903,0.0,0,0.047932852
29222,0.0,0,0.1745522
20084,0.0,0,0.2784319
22196,0.0,0,0.14604774
18419,0.0,0,0.041432623
25813,0.0,0,0.18540788
29629,0.0,0,0.106742024
9063,1.0,1,0.7812221
7613,0.0,0,0.027494147
12270,0.0,0,0.16200782
13671,0.0,0,0.1849118
22620,0.0,0,0.12398235
5769,0.0,0,0.09762475
3189,0.0,0,0.06118814
7196,1.0,0,0.060563046
12280,0.0,0,0.20836034
23413,0.0,0,0.03579705
25622,0.0,0,0.034940112
13838,0.0,0,0.119812116
2485,0.0,0,0.44568083
29989,0.0,0,0.06517333
26918,0.0,0,0.070732936
8943,0.0,0,0.10344967
7499,0.0,0,0.21403988
24427,0.0,0,0.08146668
5981,0.0,0,0.08661173
1539,1.0,0,0.1831658
7658,0.0,0,0.25967044
27634,0.0,0,0.15694767
9744,0.0,0,0.25847363
12736,0.0,0,0.1712139
3538,1.0,1,0.6908749
11914,1.0,0,0.43507433
28908,0.0,0,0.112698935
16105,1.0,0,0.17636229
22633,0.0,0,0.13825537
12504,1.0,0,0.15878443
26419,0.0,0,0.124945424
2472,1.0,1,0.7668729
28485,0.0,0,0.166895
581,1.0,0,0.44535667
6952,1.0,0,0.47106126
20605,0.0,0,0.19155811
26456,0.0,0,0.0635028
2834,0.0,0,0.09838267
15706,0.0,0,0.19018559
2566,0.0,0,0.11493953
28946,0.0,0,0.17912467
29146,1.0,0,0.097550064
9104,0.0,0,0.09952043
25677,0.0,0,0.48234087
12240,1.0,0,0.11132853
8344,0.0,0,0.17663874
26404,0.0,0,0.102378786
23545,0.0,0,0.08505588
20722,1.0,1,0.7352146
16713,0.0,0,0.16339384
7717,0.0,0,0.09825438
20763,0.0,0,0.07873815
23790,0.0,1,0.5013146
2703,0.0,0,0.23602548
17695,0.0,0,0.046414346
5287,1.0,0,0.036549237
4463,0.0,0,0.0892899
4595,1.0,0,0.18502697
857,1.0,0,0.45484874
15400,0.0,0,0.19139436
8754,0.0,0,0.042296495
23164,0.0,0,0.07169995
26254,0.0,0,0.15300608
13974,0.0,0,0.39101633
14425,0.0,0,0.15328449
24910,0.0,0,0.05586561
9277,0.0,0,0.044757646
27258,0.0,0,0.098312825
26397,0.0,0,0.07608962
12820,0.0,1,0.6933102
21053,1.0,1,0.7581665
20963,1.0,0,0.23967692
15521,0.0,0,0.04351381
24675,1.0,1,0.5799864
25511,1.0,1,0.7305189
29597,0.0,0,0.068622395
29469,0.0,0,0.21058924
26811,0.0,0,0.16554244
12005,0.0,0,0.13016944
9237,0.0,0,0.18694614
29392,1.0,0,0.37869135
22082,0.0,0,0.23679942
13003,0.0,0,0.060220085
29391,0.0,0,0.06733458
1275,0.0,0,0.19504063
23030,0.0,0,0.1502931
15887,0.0,0,0.2917436
26493,1.0,0,0.10866106
19429,0.0,0,0.35341224
18006,1.0,1,0.7751287
16587,0.0,0,0.044076774
10450,0.0,0,0.2587544
26393,0.0,0,0.050141342
12890,0.0,0,0.03184384
21415,0.0,0,0.16314134
27729,0.0,0,0.05918589
26732,0.0,0,0.068107605
10046,0.0,0,0.17421184
23274,0.0,0,0.086993605
16735,0.0,0,0.17847748
8756,1.0,0,0.39975357
17405,0.0,0,0.059612878
21411,0.0,0,0.4772638
7008,0.0,0,0.021438831
19538,0.0,0,0.17412032
27184,0.0,0,0.053325247
3310,0.0,0,0.1508753
6876,1.0,1,0.6589586
28635,0.0,0,0.16646409
10687,0.0,0,0.39988428
28495,0.0,0,0.17085366
2632,0.0,0,0.11100535
24708,0.0,0,0.04028602
22713,0.0,0,0.2561335
16241,0.0,0,0.12804103
14305,0.0,0,0.16854475
11875,0.0,1,0.6793176
17270,0.0,0,0.06960811
18542,0.0,0,0.049747057
13697,0.0,1,0.720433
4786,0.0,0,0.12502529
20144,0.0,0,0.022087593
25560,0.0,0,0.042047113
17520,0.0,0,0.4669651
25731,0.0,0,0.31865653
23890,0.0,0,0.2995185
5405,1.0,0,0.37413147
2635,1.0,0,0.18014589
17702,0.0,0,0.24885178
16946,0.0,1,0.6476383
25880,0.0,0,0.113524616
15528,0.0,0,0.11384635
4731,0.0,0,0.027581736
9996,0.0,0,0.2596227
3241,0.0,0,0.20558105
11694,0.0,0,0.17566499
21117,0.0,0,0.29918388
17418,0.0,0,0.19648641
13942,1.0,0,0.17302552
26463,0.0,0,0.19294965
23273,0.0,0,0.21975106
24861,0.0,0,0.18741523
19977,0.0,0,0.14180808
22760,1.0,1,0.7651939
2307,0.0,0,0.36737815
5574,0.0,0,0.07547961
29008,0.0,0,0.088565335
10783,0.0,0,0.33401263
2031,0.0,0,0.09531726
29364,0.0,0,0.068666406
23505,0.0,0,0.06605742
13093,1.0,1,0.6183876
2836,1.0,1,0.7306359
13235,1.0,0,0.17848836
14241,0.0,0,0.03430032
13177,0.0,0,0.16889444
17122,1.0,1,0.7526528
15660,0.0,0,0.1405175
1000,0.0,1,0.69226766
29249,1.0,0,0.34166795
10290,0.0,0,0.0690975
1744,0.0,0,0.13437653
21701,0.0,0,0.049108893
29042,1.0,0,0.11171495
13810,0.0,0,0.4220273
6026,1.0,1,0.70033103
2426,0.0,0,0.4629587
14915,1.0,1,0.72755754
21882,0.0,0,0.23027888
12057,0.0,0,0.1706541
28678,0.0,0,0.021671966
13575,0.0,0,0.0928227
10187,1.0,1,0.69143677
26001,0.0,0,0.14411017
12026,0.0,0,0.068183765
5627,1.0,0,0.3844537
19900,1.0,1,0.6594736
26852,0.0,0,0.39419833
19102,1.0,1,0.65530133
4263,1.0,1,0.51960915
28766,0.0,0,0.040211983
19656,0.0,0,0.102456264
25265,0.0,0,0.08481484
13733,0.0,0,0.03827838
8410,0.0,0,0.094161205
10314,0.0,0,0.14414465
20177,0.0,0,0.27267393
11726,1.0,0,0.13037504
18363,1.0,0,0.16755688
21588,0.0,0,0.28821722
819,0.0,0,0.12963364
2711,0.0,0,0.038732156
8389,1.0,0,0.2599615
16867,0.0,0,0.1872388
4256,0.0,0,0.18422055
14794,1.0,1,0.775729
14332,0.0,0,0.030633196
25940,0.0,0,0.07895183
16524,0.0,0,0.16889316
7506,1.0,0,0.37655976
14705,0.0,0,0.08114966
5360,0.0,0,0.1009484
22802,0.0,0,0.07019777
15450,0.0,0,0.045663822
17138,1.0,0,0.39251414
22091,1.0,0,0.20322378
5148,1.0,1,0.51115364
28623,0.0,0,0.080087356
15878,1.0,0,0.19398026
15542,0.0,0,0.1654172
7175,0.0,1,0.70608294
12387,1.0,0,0.40533534
21427,0.0,0,0.11250667
25094,0.0,0,0.059569072
6070,0.0,0,0.054059643
10195,1.0,1,0.50543433
16809,0.0,0,0.122002505
10927,0.0,0,0.184297
2689,1.0,0,0.17566216
20985,0.0,0,0.022196043
1418,0.0,0,0.40863624
3917,1.0,1,0.6383313
19728,1.0,0,0.058313664
7490,0.0,0,0.23925932
5739,1.0,1,0.5123317
21921,1.0,0,0.10897974
14224,0.0,0,0.11298597
6809,0.0,0,0.088737
13535,0.0,0,0.13875167
2176,0.0,0,0.13141401
18389,0.0,0,0.1669875
20004,0.0,0,0.037921783
5979,0.0,0,0.17595273
7679,0.0,0,0.082987435
25906,0.0,0,0.16234839
3348,0.0,0,0.108878665
11349,0.0,0,0.07662619
18195,0.0,0,0.045804493
24772,0.0,0,0.331955
26753,0.0,0,0.066074885
8117,0.0,0,0.12727751
5314,0.0,0,0.47963154
29636,0.0,0,0.26170343
23443,0.0,0,0.15243442
19332,0.0,0,0.14423728
21985,0.0,0,0.083327405
4993,1.0,1,0.7659706
16565,0.0,0,0.034542188
25264,0.0,0,0.16506077
26096,0.0,0,0.12122336
10139,1.0,0,0.36549678
11030,0.0,0,0.20622545
3007,0.0,0,0.14148673
2369,0.0,0,0.024897782
19307,0.0,0,0.051948547
12823,0.0,0,0.4856307
11782,0.0,0,0.054773975
23039,0.0,0,0.02950308
29665,0.0,0,0.14207293
9320,0.0,0,0.023389366
24356,0.0,0,0.21653242
2860,0.0,0,0.27358058
4502,1.0,0,0.09293062
26428,0.0,0,0.09599245
6024,0.0,0,0.17062764
29316,0.0,0,0.05021318
5741,0.0,0,0.09503439
20993,1.0,1,0.7591786
3122,0.0,0,0.09281156
9274,0.0,0,0.026960017
26083,0.0,1,0.5238021
23695,0.0,0,0.4816383
5286,0.0,0,0.17505856
14177,1.0,1,0.69680125
25861,0.0,0,0.031667408
18586,0.0,0,0.022310574
4305,0.0,0,0.15157555
7040,0.0,0,0.18237288
7260,0.0,0,0.13135052
16447,1.0,0,0.4062504
9809,0.0,0,0.07725139
5778,0.0,0,0.082148865
12622,0.0,0,0.090041734
20279,1.0,0,0.16331579
20923,1.0,0,0.08664906
6415,0.0,0,0.29328433
12829,0.0,0,0.19048831
28705,0.0,0,0.21242794
19239,0.0,0,0.06678022
3129,0.0,0,0.31037247
19739,0.0,0,0.13556243
6752,1.0,0,0.07447702
28903,0.0,0,0.1869749
6320,0.0,0,0.1724758
26763,0.0,0,0.29384044
22440,0.0,0,0.027656358
3887,0.0,0,0.14322053
18607,1.0,0,0.3607464
778,0.0,0,0.3129962
2666,0.0,0,0.20046876
3686,0.0,0,0.034663998
1351,0.0,0,0.3777642
15514,1.0,0,0.07936832
18916,0.0,0,0.1780503
7269,0.0,1,0.62979466
7155,1.0,1,0.7762446
6790,0.0,0,0.14556043
14960,0.0,0,0.22274218
29577,1.0,1,0.5186608
9325,0.0,0,0.055690836
23500,0.0,0,0.10231001
21338,0.0,0,0.08373567
20073,0.0,0,0.044801455
10283,0.0,0,0.082986325
16965,0.0,0,0.051650062
15862,1.0,1,0.6745111
27059,0.0,0,0.14651914
4672,0.0,0,0.12553042
9268,0.0,0,0.061259706
23126,1.0,0,0.09607231
509,0.0,0,0.27836978
25424,0.0,0,0.059107833
4287,0.0,0,0.1486603
25980,0.0,0,0.056938857
11671,0.0,0,0.1816974
10096,0.0,0,0.46759737
11994,0.0,1,0.7391273
4766,0.0,0,0.02149323
9118,0.0,0,0.02120859
12263,0.0,0,0.4179311
13327,1.0,0,0.17370506
4563,0.0,0,0.063660786
20768,1.0,0,0.071752585
27697,1.0,0,0.4772139
24041,0.0,0,0.051679153
22383,0.0,0,0.046577472
16460,1.0,1,0.6422812
4767,0.0,0,0.123749875
26881,0.0,1,0.6339059
28208,0.0,0,0.19202267
24750,0.0,0,0.2956361
22093,0.0,0,0.042149365
14966,0.0,0,0.21034189
12378,0.0,0,0.058677573
28994,1.0,0,0.02340564
10718,0.0,0,0.20119484
18519,1.0,1,0.74737006
24017,0.0,0,0.12560345
4266,0.0,0,0.023720358
15224,1.0,0,0.10634308
24421,0.0,0,0.07940813
24701,0.0,0,0.025687838
29839,1.0,0,0.06317869
16595,1.0,0,0.49748525
23760,1.0,0,0.30514562
29719,0.0,0,0.11846041
8903,0.0,0,0.10415597
22627,0.0,0,0.03841004
24729,0.0,0,0.084753804
28993,0.0,0,0.13239437
478,0.0,0,0.25217178
19002,0.0,0,0.27054983
4388,1.0,1,0.7897194
21125,0.0,0,0.088475876
25125,0.0,0,0.1291932
7157,0.0,0,0.1811017
12022,1.0,0,0.47560593
28454,1.0,1,0.7521006
1377,0.0,0,0.2615003
28756,0.0,0,0.035399348
5790,0.0,0,0.14710882
20598,1.0,0,0.12803836
13943,0.0,0,0.15585619
13603,0.0,0,0.05038276
24752,0.0,0,0.17503993
11907,1.0,0,0.22055371
22397,0.0,0,0.1359524
14286,0.0,0,0.022915578
24099,0.0,0,0.026845278
6970,0.0,0,0.24169491
21437,0.0,0,0.22788526
26091,0.0,0,0.1902419
9567,1.0,0,0.4139707
25197,1.0,1,0.73912114
20815,0.0,0,0.16561587
13998,1.0,0,0.4494701
23351,1.0,0,0.05326095
8176,1.0,0,0.056591496
28714,0.0,0,0.12606618
8073,0.0,0,0.048782833
13850,0.0,0,0.15652265
27869,1.0,0,0.2634241
17774,0.0,0,0.11746903
1759,0.0,0,0.09188911
29737,0.0,0,0.06314577
8465,0.0,0,0.02210484
22501,0.0,0,0.1725427
18560,0.0,0,0.1392671
7856,0.0,0,0.16113581
21303,0.0,0,0.17068797
12949,1.0,1,0.63324195
17463,0.0,0,0.04502447
12727,0.0,0,0.058116633
847,0.0,0,0.104194455
21153,0.0,0,0.16223903
25303,0.0,0,0.3391923
27663,0.0,0,0.46318763
27852,0.0,1,0.677344
29514,0.0,0,0.41221628
16824,0.0,0,0.15205291
4319,0.0,0,0.043393284
449,0.0,0,0.037157863
20366,0.0,0,0.06978169
13484,0.0,0,0.06838527
1276,1.0,0,0.28464144
28630,0.0,0,0.20743285
25883,0.0,0,0.1413289
17893,0.0,0,0.4231008
4385,0.0,0,0.104875095
18601,0.0,0,0.1943272
12610,1.0,1,0.6945501
14604,0.0,0,0.20797662
27746,0.0,0,0.08516569
4415,0.0,0,0.2910369
17933,0.0,0,0.10435211
18472,0.0,0,0.13176766
11228,0.0,0,0.05201813
7049,1.0,1,0.72489214
29019,0.0,0,0.1700683
25194,1.0,1,0.65802354
5106,0.0,0,0.12959084
2832,0.0,0,0.22949092
21443,0.0,0,0.046320952
12432,0.0,0,0.048118692
25786,0.0,0,0.07103986
28207,1.0,0,0.19940346
8267,0.0,0,0.026029928
14440,1.0,1,0.7879456
8690,1.0,0,0.16543436
23425,0.0,0,0.024201004
25492,0.0,0,0.09328539
14758,0.0,1,0.66655254
25807,0.0,0,0.044832904
11899,0.0,0,0.13391945
16495,0.0,0,0.053650096
25177,0.0,1,0.6834816
5867,0.0,0,0.09258249
6353,0.0,1,0.72114766
14197,0.0,0,0.024871986
27107,0.0,0,0.2341529
26648,1.0,1,0.72743577
15256,0.0,0,0.20547423
14606,0.0,0,0.19245985
10754,1.0,0,0.045306273
27365,0.0,0,0.30357555
8550,0.0,0,0.12692577
10762,1.0,0,0.19410937
10617,0.0,0,0.026855206
6166,0.0,0,0.15093583
24509,0.0,0,0.23259927
6530,0.0,0,0.16225855
28076,0.0,0,0.11614535
627,0.0,0,0.08541945
1544,0.0,0,0.16540462
4039,0.0,0,0.25567898
23128,0.0,0,0.044625126
9206,0.0,0,0.18330146
8044,1.0,0,0.06465865
8255,0.0,0,0.078785
5614,0.0,0,0.21325529
22823,0.0,0,0.07733704
16643,0.0,0,0.49567914
18492,0.0,0,0.08231413
18559,0.0,0,0.025933146
28259,0.0,0,0.16955924
15463,0.0,0,0.25628123
15873,0.0,0,0.06884589
17819,0.0,0,0.1987359
26651,0.0,1,0.63070154
6223,0.0,0,0.1368848
17912,1.0,0,0.19083256
16278,0.0,0,0.07527008
23989,0.0,0,0.33587095
25231,0.0,0,0.1578043
5972,1.0,0,0.095890425
25851,1.0,0,0.18881518
21058,1.0,1,0.7598902
19552,0.0,1,0.64716893
23715,0.0,0,0.12201075
3492,0.0,0,0.02915354
26362,0.0,0,0.14012302
28540,0.0,0,0.086736575
11739,1.0,1,0.72503406
8562,0.0,0,0.14512792
24854,0.0,0,0.02542261
28500,0.0,0,0.06592594
988,0.0,0,0.19674858
9031,0.0,0,0.11425072
13802,0.0,0,0.30645588
15569,0.0,0,0.102415286
11728,1.0,0,0.08512799
12741,0.0,0,0.16281037
22076,0.0,0,0.2311759
22756,1.0,0,0.094398834
4965,0.0,0,0.046925046
2569,0.0,0,0.44229147
11876,0.0,0,0.021439806
15807,0.0,0,0.070994094
27494,1.0,0,0.12610927
11222,0.0,0,0.21260281
29880,0.0,0,0.056062784
6671,0.0,0,0.050465286
26632,0.0,0,0.37464365
2885,0.0,0,0.049101893
14684,0.0,0,0.021245621
4424,0.0,0,0.16356973
6934,0.0,0,0.15825509
20250,0.0,0,0.30511025
27166,0.0,0,0.22903053
12784,0.0,0,0.123821214
13707,0.0,0,0.18142448
2375,1.0,1,0.7535896
21245,0.0,0,0.10752315
5745,0.0,0,0.03701041
25872,0.0,0,0.06925255
13629,0.0,0,0.05516443
24538,0.0,0,0.25325322
4901,1.0,0,0.18252796
26867,1.0,0,0.05523202
29676,0.0,0,0.065718055
22255,0.0,0,0.034247708
28552,0.0,0,0.162695
1465,0.0,0,0.062122956
132,0.0,0,0.22914022
10943,1.0,0,0.20956402
18200,0.0,0,0.037798204
3521,0.0,0,0.3883533
28216,0.0,0,0.25316417
17315,0.0,0,0.3968471
1627,0.0,0,0.18351594
1475,1.0,0,0.07009768
16374,0.0,0,0.023693148
27,1.0,0,0.24907291
23309,0.0,0,0.1042955
21189,1.0,0,0.16272317
29718,1.0,0,0.20537399
21993,0.0,0,0.050907467
12959,1.0,1,0.65538216
18762,0.0,0,0.027725281
666,0.0,0,0.09436568
17164,0.0,0,0.1519225
12427,0.0,0,0.26649082
20579,0.0,0,0.14462431
26707,1.0,1,0.71181554
1707,0.0,1,0.79557765
26967,0.0,0,0.16719478
3811,0.0,0,0.1361925
8072,0.0,0,0.14440735
4710,0.0,0,0.0402063
14327,0.0,0,0.1474175
20377,0.0,0,0.20519617
16821,0.0,0,0.30530235
25106,0.0,0,0.03414223
1685,0.0,0,0.07806516
4306,0.0,0,0.23730966
28813,0.0,0,0.024994766
23255,0.0,0,0.14529109
15704,0.0,0,0.2384865
27054,1.0,1,0.7302581
13970,0.0,0,0.056569092
17066,0.0,0,0.068988614
6718,1.0,0,0.13223651
18734,0.0,0,0.21511412
19125,0.0,0,0.048698347
24403,0.0,0,0.04539083
27350,0.0,0,0.2067051
7799,0.0,0,0.23868355
22062,0.0,0,0.10193163
15209,0.0,0,0.24683249
12751,1.0,1,0.54661804
18906,0.0,0,0.1728869
352,0.0,0,0.049407125
8837,0.0,0,0.053141482
1260,0.0,1,0.7225905
27310,0.0,0,0.024360841
29584,0.0,0,0.17346908
24400,0.0,0,0.078569904
